# Blender 4.5.3 LTS
# www.blender.org
o head
v -0.012739 -0.013653 0.141126
v -0.007852 -0.011282 0.145974
v -0.054898 -0.090395 0.087596
v -0.045824 -0.100138 0.091700
v -0.035836 -0.107122 0.094557
v -0.026959 -0.111405 0.096716
v -0.019050 -0.113697 0.098418
v 0.013730 -0.109631 -0.065614
v 0.013884 -0.104523 -0.068651
v 0.014195 -0.099378 -0.072211
v 0.014643 -0.094021 -0.076250
v 0.015215 -0.088341 -0.080834
v 0.015876 -0.082301 -0.086071
v 0.016514 -0.075654 -0.091884
v 0.006824 -0.173522 -0.067851
v 0.006417 -0.166423 -0.064716
v 0.006221 -0.159635 -0.062268
v 0.006168 -0.153151 -0.060571
v 0.006185 -0.146991 -0.059490
v 0.006226 -0.141146 -0.058952
v 0.006270 -0.135577 -0.058966
v 0.006319 -0.130224 -0.059576
v 0.006386 -0.125050 -0.060880
v 0.006422 -0.119938 -0.062577
v 0.006406 -0.114825 -0.064662
v 0.006357 -0.109698 -0.067226
v 0.006346 -0.104569 -0.070391
v 0.006429 -0.099346 -0.074053
v 0.006613 -0.093876 -0.078098
v -0.000115 -0.195158 -0.081779
v -0.000317 -0.188015 -0.076795
v -0.000490 -0.180518 -0.072349
v -0.000618 -0.173075 -0.068553
v -0.000711 -0.165936 -0.065358
v -0.000776 -0.159151 -0.062809
v -0.000827 -0.152643 -0.061148
v -0.000874 -0.146496 -0.060054
v -0.000924 -0.140677 -0.059490
v -0.000970 -0.135130 -0.059501
v -0.000996 -0.129787 -0.060071
v -0.001000 -0.124621 -0.061282
v -0.001008 -0.119535 -0.062882
v -0.001060 -0.114507 -0.064963
v -0.001181 -0.109484 -0.067604
v -0.009813 -0.194905 -0.080561
v -0.008872 -0.187793 -0.075785
v -0.008248 -0.180358 -0.071495
v -0.007887 -0.172962 -0.067808
v -0.007707 -0.165838 -0.064708
v -0.007646 -0.159062 -0.062177
v -0.007704 -0.152558 -0.060501
v -0.007842 -0.146373 -0.059473
v -0.008015 -0.140499 -0.058976
v -0.008186 -0.134885 -0.059019
v -0.008342 -0.129476 -0.059624
v -0.008488 -0.124238 -0.060792
v -0.018554 -0.194541 -0.077694
v -0.016803 -0.187555 -0.073221
v -0.015632 -0.180284 -0.069256
v -0.014931 -0.173031 -0.065823
v -0.014555 -0.165998 -0.062903
v -0.014427 -0.159242 -0.060548
v -0.014483 -0.152769 -0.058824
v -0.014703 -0.146553 -0.057811
v -0.015007 -0.140599 -0.057378
v -0.026227 -0.194020 -0.073802
v -0.024145 -0.187198 -0.069639
v -0.022740 -0.180178 -0.065972
v -0.021862 -0.173159 -0.062787
v -0.021375 -0.166284 -0.060073
v -0.021167 -0.159639 -0.057816
v -0.033561 -0.193336 -0.068492
v -0.031367 -0.186928 -0.064774
v 0.000072 -0.201497 -0.087066
v -0.010951 -0.201224 -0.085755
v -0.020748 -0.200898 -0.082692
v -0.029033 -0.200302 -0.078609
v -0.036562 -0.199263 -0.072662
v -0.023131 -0.206409 -0.088257
v -0.032662 -0.205984 -0.083898
v -0.041552 -0.205127 -0.076926
v 0.006537 0.039620 0.115887
v 0.002756 0.041381 0.116593
v -0.001287 0.042645 0.116586
v -0.005563 0.043536 0.116343
v -0.009939 0.044339 0.115521
v -0.014068 0.045603 0.114165
v -0.018245 0.047458 0.112756
v 0.026788 0.030846 0.108131
v 0.025257 0.033717 0.108104
v 0.023250 0.036592 0.108952
v 0.020569 0.039322 0.110155
v 0.017462 0.041680 0.111602
v 0.014176 0.043509 0.112984
v 0.010864 0.045089 0.114301
v 0.007353 0.046766 0.115029
v 0.003696 0.048485 0.115455
v -0.000179 0.049788 0.115169
v -0.004165 0.050935 0.114917
v -0.008142 0.052036 0.114229
v -0.011998 0.053275 0.113116
v -0.015976 0.054793 0.111985
v -0.020370 0.056699 0.110322
v 0.019595 0.048710 0.111179
v 0.015830 0.051248 0.112062
v 0.012220 0.053197 0.112292
v 0.008757 0.055046 0.112518
v 0.005270 0.056857 0.112762
v 0.001571 0.058262 0.112564
v -0.002233 0.059422 0.112216
v -0.006059 0.060527 0.111722
v -0.009860 0.061499 0.110790
v -0.013763 0.062546 0.109783
v -0.017905 0.063844 0.108391
v 0.003909 0.067161 0.109006
v -0.000027 0.068314 0.108666
v -0.003966 0.069285 0.108405
v -0.007868 0.069866 0.107692
v -0.011761 0.070399 0.106906
v -0.015703 0.071106 0.105899
v -0.019840 0.072025 0.104396
v -0.010125 0.078633 0.103411
v -0.014011 0.078751 0.102795
v -0.017804 0.078794 0.101823
v -0.022244 0.079240 0.100439
v 0.005808 -0.001702 0.138467
v 0.015454 -0.240645 -0.005215
v 0.012339 -0.240707 -0.003830
v 0.027178 -0.240337 -0.002921
v 0.023414 -0.240406 0.000858
v 0.019564 -0.240446 0.003673
v 0.016177 -0.240568 0.005970
v 0.041361 -0.239852 -0.013461
v 0.039703 -0.239896 -0.007539
v 0.036923 -0.240006 -0.001777
v 0.033280 -0.240135 0.003695
v 0.029847 -0.240196 0.008692
v 0.026573 -0.240168 0.012686
v 0.023228 -0.240337 0.015722
v 0.019814 -0.240362 0.018622
v 0.005272 -0.007962 -0.132258
v 0.003326 0.000019 -0.132097
v -0.005260 0.006683 -0.131348
v 0.022509 -0.082463 0.145842
v 0.023599 -0.085342 0.144991
v 0.027932 -0.082011 0.140522
v 0.024186 -0.088208 0.144204
v 0.029103 -0.085409 0.139216
v 0.033597 -0.081950 0.134408
v 0.023993 -0.090963 0.143305
v 0.029318 -0.088793 0.138025
v 0.034337 -0.085977 0.132690
v 0.023253 -0.093637 0.142465
v 0.028715 -0.092086 0.136945
v 0.033957 -0.089962 0.131103
v 0.021885 -0.096139 0.141460
v 0.027278 -0.095334 0.135826
v 0.019961 -0.098504 0.140329
v -0.026053 -0.240710 -0.027647
v -0.027444 -0.240694 -0.022216
v 0.000257 -0.206742 -0.092488
v -0.013783 -0.224775 -0.101830
v -0.013528 -0.217564 -0.101000
v -0.013010 -0.211657 -0.096604
v -0.012063 -0.206567 -0.091231
v -0.027822 -0.237355 -0.093717
v -0.028359 -0.232248 -0.098084
v -0.027872 -0.225205 -0.099361
v -0.027109 -0.217802 -0.098501
v -0.025485 -0.211723 -0.093866
v -0.031807 -0.239014 -0.068315
v -0.035256 -0.238547 -0.074015
v -0.038547 -0.238086 -0.079976
v -0.041341 -0.237371 -0.086372
v -0.042997 -0.233000 -0.091579
v -0.042891 -0.225852 -0.093747
v -0.041754 -0.218078 -0.093352
v -0.037945 -0.211678 -0.088763
v -0.027824 -0.240248 -0.046658
v -0.032429 -0.239838 -0.049743
v -0.037356 -0.239395 -0.053559
v -0.042119 -0.239020 -0.058225
v -0.046735 -0.238561 -0.063306
v -0.051377 -0.238051 -0.068587
v -0.055920 -0.237904 -0.074350
v -0.060108 -0.235068 -0.080108
v -0.061575 -0.227932 -0.082536
v -0.061233 -0.219815 -0.082512
v 0.009825 -0.195469 -0.080788
v 0.008477 -0.188377 -0.075852
v 0.017104 -0.188755 -0.073468
v 0.007479 -0.180927 -0.071528
v 0.015443 -0.181487 -0.069382
v 0.023104 -0.182179 -0.065978
v 0.014332 -0.174228 -0.065940
v 0.021653 -0.175106 -0.062779
v 0.028627 -0.175962 -0.058626
v 0.013630 -0.167221 -0.063001
v 0.020723 -0.168170 -0.060156
v 0.027483 -0.169125 -0.056203
v 0.033690 -0.170140 -0.051191
v 0.013278 -0.160459 -0.060722
v 0.020186 -0.161446 -0.058070
v 0.026758 -0.162439 -0.054287
v 0.032807 -0.163450 -0.049434
v 0.037998 -0.164480 -0.043703
v 0.013177 -0.153962 -0.059121
v 0.019973 -0.154928 -0.056602
v 0.026381 -0.155924 -0.052904
v 0.032300 -0.156875 -0.048167
v 0.037386 -0.157749 -0.042557
v 0.041532 -0.158562 -0.036461
v 0.013211 -0.147738 -0.058073
v 0.019969 -0.148640 -0.055630
v 0.026278 -0.149582 -0.052010
v 0.032125 -0.150410 -0.047433
v 0.037114 -0.151088 -0.041899
v 0.041232 -0.151706 -0.035809
v 0.044392 -0.152401 -0.029348
v 0.013297 -0.141791 -0.057512
v 0.020089 -0.142572 -0.055120
v 0.026397 -0.143370 -0.051649
v 0.032165 -0.144042 -0.047179
v 0.037093 -0.144529 -0.041696
v 0.041270 -0.144943 -0.035606
v 0.044546 -0.145448 -0.029044
v 0.046794 -0.146132 -0.022034
v 0.013391 -0.136085 -0.057419
v 0.020273 -0.136676 -0.055164
v 0.026617 -0.137267 -0.051781
v 0.032439 -0.137769 -0.047480
v 0.037411 -0.138081 -0.042040
v 0.041661 -0.138300 -0.035896
v 0.045031 -0.138582 -0.029170
v 0.047335 -0.139055 -0.021930
v 0.048801 -0.139765 -0.014326
v 0.013497 -0.130584 -0.058057
v 0.020466 -0.130945 -0.055840
v 0.026911 -0.131299 -0.052471
v 0.032779 -0.131604 -0.048157
v 0.037843 -0.131739 -0.042761
v 0.042168 -0.131757 -0.036543
v 0.045646 -0.131803 -0.029663
v 0.048078 -0.132014 -0.022210
v 0.049708 -0.132463 -0.014422
v 0.050955 -0.133059 -0.006501
v 0.013590 -0.125247 -0.059331
v 0.020618 -0.125378 -0.057004
v 0.027225 -0.125512 -0.053642
v 0.033249 -0.125624 -0.049307
v 0.038429 -0.125554 -0.043868
v 0.042832 -0.125346 -0.037543
v 0.046482 -0.125140 -0.030525
v 0.049072 -0.125044 -0.022873
v 0.050874 -0.125156 -0.014906
v 0.052233 -0.125438 -0.006831
v 0.052811 -0.125785 0.001413
v 0.013655 -0.120010 -0.061065
v 0.020766 -0.119971 -0.058627
v 0.027583 -0.119930 -0.055248
v 0.033820 -0.119856 -0.050887
v 0.039146 -0.119582 -0.045366
v 0.043698 -0.119145 -0.038943
v 0.047486 -0.118656 -0.031763
v 0.050308 -0.118226 -0.023939
v 0.052286 -0.117947 -0.015786
v 0.053759 -0.117850 -0.007514
v 0.054486 -0.117900 0.000979
v 0.054076 -0.118049 0.009800
v 0.013692 -0.114813 -0.063157
v 0.020931 -0.114690 -0.060652
v 0.027938 -0.114517 -0.057190
v 0.034383 -0.114268 -0.052759
v 0.040016 -0.113856 -0.047271
v 0.044772 -0.113217 -0.040768
v 0.048714 -0.112450 -0.033427
v 0.051678 -0.111651 -0.025408
v 0.053766 -0.110937 -0.017049
v 0.055407 -0.110430 -0.008569
v 0.056365 -0.110121 0.000175
v 0.056127 -0.109863 0.009329
v 0.055370 -0.109555 0.018711
v 0.021149 -0.109517 -0.063080
v 0.028419 -0.109315 -0.059637
v 0.035080 -0.108895 -0.055090
v 0.040958 -0.108321 -0.049546
v 0.045877 -0.107484 -0.042921
v 0.049967 -0.106474 -0.035432
v 0.053048 -0.105334 -0.027240
v 0.055336 -0.104228 -0.018719
v 0.057186 -0.103316 -0.010052
v 0.058461 -0.102620 -0.001119
v 0.058594 -0.101868 0.008198
v 0.058059 -0.100726 0.017783
v 0.057905 -0.099217 0.027592
v 0.021485 -0.104445 -0.066022
v 0.028946 -0.104189 -0.062473
v 0.035824 -0.103625 -0.057833
v 0.041920 -0.102875 -0.052177
v 0.047017 -0.101854 -0.045425
v 0.051239 -0.100632 -0.037800
v 0.054536 -0.099242 -0.029512
v 0.057033 -0.097811 -0.020875
v 0.059053 -0.096536 -0.012069
v 0.060452 -0.095422 -0.003012
v 0.061062 -0.094215 0.006304
v 0.060927 -0.092337 0.015756
v 0.021952 -0.099335 -0.069450
v 0.029563 -0.099040 -0.065799
v 0.036623 -0.098353 -0.061050
v 0.042901 -0.097413 -0.055235
v 0.048192 -0.096216 -0.048355
v 0.052612 -0.094822 -0.040639
v 0.056179 -0.093242 -0.032295
v 0.058806 -0.091508 -0.023555
v 0.060853 -0.089867 -0.014641
v 0.062551 -0.088416 -0.005566
v 0.063639 -0.086781 0.003655
v 0.022551 -0.094017 -0.073406
v 0.030302 -0.093702 -0.069659
v 0.037539 -0.092938 -0.064795
v 0.043999 -0.091849 -0.058823
v 0.049534 -0.090510 -0.051835
v 0.054154 -0.088946 -0.044031
v 0.057844 -0.087129 -0.035606
v 0.060657 -0.085124 -0.026808
v 0.062814 -0.083083 -0.017824
v 0.064642 -0.081114 -0.008740
v 0.023299 -0.088360 -0.077954
v 0.031209 -0.088051 -0.074122
v 0.038646 -0.087258 -0.069138
v 0.045334 -0.086091 -0.063026
v 0.051071 -0.084614 -0.055900
v 0.055866 -0.082877 -0.047999
v 0.059695 -0.080806 -0.039499
v 0.062685 -0.078439 -0.030640
v 0.024211 -0.082337 -0.083232
v 0.032334 -0.082007 -0.079291
v 0.039967 -0.081159 -0.074115
v 0.046874 -0.079925 -0.067825
v 0.052838 -0.078363 -0.060569
v 0.057866 -0.076479 -0.052586
v 0.061850 -0.074075 -0.044007
v 0.025224 -0.075787 -0.089295
v 0.033626 -0.075355 -0.085192
v 0.041581 -0.074526 -0.079860
v 0.048732 -0.073223 -0.073338
v 0.054937 -0.071538 -0.065902
v 0.060187 -0.069389 -0.057775
v 0.026067 -0.068028 -0.095816
v 0.034986 -0.067711 -0.091856
v 0.043359 -0.066873 -0.086323
v 0.050936 -0.065545 -0.079598
v 0.026659 -0.058678 -0.103288
v 0.036211 -0.058288 -0.099216
v 0.045333 -0.057489 -0.093514
v 0.026974 -0.046617 -0.112207
v 0.037624 -0.046190 -0.107510
v -0.073362 0.083414 -0.030954
v -0.080042 0.073362 -0.028595
v -0.079448 0.075489 -0.019357
v -0.078783 0.077417 -0.009610
v -0.084970 0.062783 -0.026589
v -0.084352 0.065444 -0.017474
v -0.083547 0.067956 -0.007747
v -0.082345 0.070034 0.002638
v -0.080510 0.071352 0.013468
v -0.088498 0.051738 -0.024763
v -0.087860 0.055112 -0.015746
v -0.086936 0.058282 -0.006118
v -0.085571 0.060883 0.004088
v -0.083651 0.062586 0.014665
v -0.081440 0.063508 0.025421
v -0.079008 0.063820 0.036300
v -0.090808 0.040703 -0.022841
v -0.090125 0.044773 -0.013926
v -0.089035 0.048475 -0.004527
v -0.087643 0.051458 0.005304
v -0.085953 0.053491 0.015443
v -0.084020 0.054705 0.025831
v -0.081619 0.055279 0.036494
v -0.078813 0.055306 0.047550
v -0.075690 0.054889 0.059023
v -0.091819 0.030318 -0.020610
v -0.091137 0.034831 -0.011912
v -0.090113 0.038817 -0.002881
v -0.088876 0.041952 0.006462
v -0.087401 0.044157 0.016071
v -0.085663 0.045636 0.026014
v -0.083418 0.046592 0.036441
v -0.080704 0.047075 0.047526
v -0.077488 0.047073 0.059349
v -0.073573 0.047016 0.071258
v -0.091824 0.020791 -0.017979
v -0.091246 0.025432 -0.009709
v -0.090464 0.029434 -0.001169
v -0.089430 0.032568 0.007646
v -0.088138 0.034899 0.016754
v -0.086443 0.036687 0.026283
v -0.084321 0.038113 0.036478
v -0.081715 0.039129 0.047548
v -0.078477 0.039645 0.059622
v -0.074500 0.039896 0.072082
v -0.069826 0.040695 0.082864
v -0.064761 0.042314 0.090569
v -0.091212 0.011931 -0.014781
v -0.090867 0.016453 -0.007085
v -0.090261 0.020321 0.000851
v -0.089412 0.023433 0.009097
v -0.088207 0.025964 0.017731
v -0.086573 0.028188 0.026920
v -0.084593 0.030184 0.036912
v -0.082028 0.031801 0.047891
v -0.078696 0.032875 0.060051
v -0.074593 0.033425 0.072807
v -0.069896 0.034176 0.084045
v -0.064595 0.035803 0.091966
v -0.059296 0.037669 0.097206
v -0.053870 0.038733 0.100877
v -0.089929 -0.001726 -0.017415
v -0.090081 0.003284 -0.010733
v -0.089980 0.007566 -0.003722
v -0.089560 0.011316 0.003569
v -0.088875 0.014537 0.011252
v -0.087803 0.017429 0.019438
v -0.086344 0.020205 0.028289
v -0.084418 0.022859 0.037990
v -0.081806 0.025176 0.048748
v -0.078585 0.026816 0.060865
v -0.074371 0.027630 0.073715
v -0.069215 0.028422 0.085104
v -0.063636 0.030154 0.093088
v -0.058455 0.032150 0.098312
v -0.053438 0.033447 0.101855
v -0.048546 0.033916 0.104590
v -0.043776 0.033584 0.106420
v -0.088193 -0.010628 -0.011477
v -0.088548 -0.005817 -0.005583
v -0.088648 -0.001646 0.000681
v -0.088378 0.002176 0.007330
v -0.087871 0.005712 0.014474
v -0.086939 0.009120 0.022184
v -0.085718 0.012513 0.030602
v -0.083863 0.015876 0.039852
v -0.081398 0.018950 0.050190
v -0.078010 0.021245 0.061904
v -0.073492 0.022409 0.074550
v -0.068021 0.023329 0.085964
v -0.062394 0.025101 0.094172
v -0.057499 0.027120 0.099557
v -0.052935 0.028548 0.103152
v -0.048465 0.029258 0.105719
v -0.044110 0.029370 0.107399
v -0.040093 0.028911 0.108353
v -0.086034 -0.020262 -0.004059
v -0.086602 -0.015531 0.001134
v -0.086835 -0.011251 0.006674
v -0.086844 -0.007189 0.012677
v -0.086354 -0.003200 0.019191
v -0.085693 0.000779 0.026327
v -0.084553 0.004844 0.034140
v -0.082949 0.008940 0.042769
v -0.080575 0.012719 0.052435
v -0.077246 0.015730 0.063428
v -0.072422 0.017486 0.075440
v -0.066723 0.018699 0.086685
v -0.061019 0.020439 0.095064
v -0.056397 0.022360 0.100701
v -0.052173 0.023839 0.104343
v -0.047983 0.024719 0.106856
v -0.083423 -0.030160 0.004618
v -0.084082 -0.025468 0.009491
v -0.084535 -0.021044 0.014509
v -0.084653 -0.016666 0.019893
v -0.084519 -0.012222 0.025778
v -0.084044 -0.007623 0.032260
v -0.083072 -0.002866 0.039368
v -0.081612 0.001912 0.047182
v -0.079469 0.006290 0.055958
v -0.076273 0.009935 0.065975
v -0.071405 0.012461 0.076979
v -0.065630 0.014194 0.087672
v -0.059928 0.015955 0.096046
v -0.055320 0.017739 0.101770
v -0.080461 -0.039964 0.013153
v -0.081217 -0.035286 0.018250
v -0.081872 -0.030664 0.023211
v -0.082170 -0.025877 0.028304
v -0.082394 -0.020919 0.033752
v -0.081984 -0.015689 0.039655
v -0.081476 -0.010342 0.046149
v -0.080149 -0.005136 0.053188
v -0.078148 -0.000356 0.060927
v -0.074854 0.003752 0.069670
v -0.070360 0.007006 0.079521
v -0.064743 0.009430 0.089257
v -0.077542 -0.049268 0.020748
v -0.078435 -0.044502 0.026410
v -0.079239 -0.039584 0.031699
v -0.079667 -0.034315 0.036837
v -0.080095 -0.028850 0.042111
v -0.079941 -0.023188 0.047672
v -0.079625 -0.017531 0.053655
v -0.078414 -0.012169 0.060068
v -0.076808 -0.007182 0.067096
v -0.074005 -0.002748 0.074950
v -0.074629 -0.057822 0.027322
v -0.075693 -0.052850 0.033691
v -0.076728 -0.047626 0.039502
v -0.077357 -0.041975 0.044915
v -0.077887 -0.036165 0.050263
v -0.077843 -0.030327 0.055770
v -0.077658 -0.024626 0.061557
v -0.076842 -0.019251 0.067626
v -0.071759 -0.065848 0.032908
v -0.073008 -0.060582 0.039945
v -0.074248 -0.055063 0.046292
v -0.074970 -0.049148 0.052089
v -0.075662 -0.043210 0.057705
v -0.075707 -0.037407 0.063387
v -0.068664 -0.073696 0.037716
v -0.070253 -0.068081 0.045312
v -0.071723 -0.062332 0.052063
v -0.072532 -0.056303 0.058156
v -0.065256 -0.081713 0.042047
v -0.067295 -0.075510 0.050162
v 0.003513 -0.240250 0.028265
v -0.000165 -0.240360 0.020127
v 0.000641 -0.240088 0.040596
v -0.002807 -0.240152 0.031998
v -0.006488 -0.240233 0.025365
v -0.009989 -0.240325 0.020327
v -0.010067 -0.240049 0.036650
v -0.014129 -0.240102 0.030931
v -0.017735 -0.240169 0.026155
v -0.020749 -0.240245 0.021859
v 0.006742 -0.240718 -0.000890
v 0.003798 -0.240701 0.000235
v 0.000669 -0.240758 0.000206
v -0.023762 -0.240725 -0.007788
v -0.025489 -0.240731 -0.011102
v -0.026660 -0.240725 -0.014443
v -0.027318 -0.240709 -0.017958
v -0.028605 -0.240595 -0.003964
v -0.030449 -0.240586 -0.008091
v -0.031429 -0.240566 -0.012249
v -0.031769 -0.240535 -0.016706
v -0.031522 -0.240497 -0.022026
v -0.030323 -0.240469 -0.028450
v -0.027820 -0.240497 -0.035862
v -0.031000 -0.240466 0.004074
v -0.033739 -0.240454 -0.000878
v -0.035685 -0.240433 -0.005926
v -0.036553 -0.240398 -0.011033
v -0.036828 -0.240348 -0.016415
v -0.034508 -0.240330 0.012689
v -0.037403 -0.240306 0.007102
v -0.039988 -0.240274 0.001252
v -0.012242 -0.239695 0.070901
v -0.019999 -0.239724 0.066863
v -0.015624 -0.239614 0.077460
v -0.024953 -0.239591 0.073353
v -0.033972 -0.239532 0.068148
v -0.042229 -0.239487 0.062049
v -0.008355 -0.239513 0.086047
v -0.018673 -0.239532 0.083764
v -0.029235 -0.239429 0.079529
v -0.039263 -0.239275 0.074058
v -0.048430 -0.239205 0.067433
v -0.056435 -0.239305 0.059632
v -0.063252 -0.239396 0.050968
v -0.009767 -0.239110 0.092458
v -0.021282 -0.238970 0.089938
v -0.032859 -0.238895 0.085554
v -0.043826 -0.238671 0.079749
v -0.054012 -0.238989 0.072641
v -0.062932 -0.239184 0.064161
v -0.070438 -0.239294 0.054792
v -0.076562 -0.239365 0.045081
v -0.010794 -0.234370 0.096708
v -0.023086 -0.234587 0.094355
v -0.035455 -0.234825 0.090175
v -0.047367 -0.235150 0.084470
v -0.058499 -0.235546 0.077066
v -0.068289 -0.235779 0.068013
v -0.076502 -0.235784 0.058005
v -0.083205 -0.235950 0.047819
v -0.088288 -0.235988 0.037449
v -0.092176 -0.235985 0.026922
v 0.000004 -0.227414 0.097500
v -0.011482 -0.227750 0.097082
v -0.023943 -0.227940 0.095110
v -0.036472 -0.228195 0.090943
v -0.048609 -0.228483 0.085253
v -0.059956 -0.228701 0.077818
v -0.070078 -0.228719 0.068667
v -0.078825 -0.228531 0.058542
v -0.085516 -0.228373 0.047952
v -0.090366 -0.228354 0.037311
v -0.094040 -0.228370 0.026717
v -0.000440 -0.221140 0.095849
v -0.012013 -0.221394 0.095435
v -0.024342 -0.221433 0.093598
v -0.036660 -0.221741 0.089415
v -0.048564 -0.221897 0.083620
v -0.059655 -0.222015 0.076213
v -0.069697 -0.221834 0.067268
v -0.078135 -0.221274 0.057030
v -0.084512 -0.220749 0.046369
v -0.089006 -0.220648 0.035806
v 0.009856 -0.216645 0.090391
v -0.000965 -0.216930 0.091355
v -0.012210 -0.217066 0.090739
v -0.023882 -0.217080 0.088673
v -0.035550 -0.217331 0.084689
v -0.046714 -0.217640 0.078917
v -0.057153 -0.217622 0.071822
v -0.066409 -0.217369 0.063248
v -0.073718 -0.216808 0.053246
v -0.079018 -0.216352 0.042930
v 0.008767 -0.214412 0.084872
v -0.001497 -0.214531 0.085801
v -0.012097 -0.214578 0.085013
v -0.023002 -0.214676 0.082739
v -0.033844 -0.214926 0.078855
v -0.044228 -0.215013 0.073401
v -0.053717 -0.214988 0.066604
v -0.061804 -0.214882 0.058567
v -0.067948 -0.214410 0.049272
v 0.007669 -0.211673 0.079543
v -0.001927 -0.211797 0.080316
v -0.011755 -0.211926 0.079452
v -0.021884 -0.212101 0.077108
v -0.031943 -0.212234 0.073318
v -0.041460 -0.212294 0.068077
v -0.049963 -0.212105 0.061643
v -0.056979 -0.211920 0.054205
v 0.016084 -0.207770 0.072713
v 0.006821 -0.207989 0.074699
v -0.002229 -0.208107 0.075273
v -0.011388 -0.208324 0.074374
v -0.020799 -0.208519 0.072105
v -0.030114 -0.208590 0.068455
v -0.038796 -0.208555 0.063415
v -0.046304 -0.208436 0.057225
v 0.014999 -0.203222 0.068981
v 0.006156 -0.203353 0.070716
v -0.002472 -0.203474 0.071118
v -0.011147 -0.203708 0.070249
v -0.019977 -0.203927 0.068085
v -0.028593 -0.204031 0.064511
v -0.036457 -0.203994 0.059606
v 0.022651 -0.197670 0.063161
v 0.014130 -0.197848 0.066345
v 0.005567 -0.197987 0.067754
v -0.002767 -0.198097 0.068068
v -0.011115 -0.198273 0.067323
v -0.019450 -0.198531 0.065158
v -0.027450 -0.198650 0.061694
v 0.021760 -0.191895 0.061513
v 0.013442 -0.192068 0.064500
v 0.005103 -0.192164 0.065775
v -0.003052 -0.192239 0.066036
v -0.011170 -0.192406 0.065265
v -0.019153 -0.192657 0.063168
v 0.021083 -0.185869 0.060438
v 0.012932 -0.186054 0.063272
v 0.004752 -0.186137 0.064432
v -0.003293 -0.186217 0.064571
v -0.011256 -0.186390 0.063769
v 0.028200 -0.179122 0.055759
v 0.020579 -0.179670 0.059942
v 0.012536 -0.179917 0.062625
v 0.004454 -0.180030 0.063692
v -0.003508 -0.180160 0.063748
v 0.027885 -0.172675 0.055984
v 0.020228 -0.173376 0.060105
v 0.012208 -0.173739 0.062619
v 0.004188 -0.173951 0.063604
v 0.034304 -0.164883 0.050954
v 0.027663 -0.166165 0.056703
v 0.019955 -0.167088 0.060857
v 0.011947 -0.167622 0.063278
v 0.034408 -0.158044 0.052028
v 0.027549 -0.159685 0.057978
v 0.019768 -0.160890 0.062149
v 0.034705 -0.151235 0.053704
v 0.027560 -0.153329 0.059823
v 0.041178 -0.141820 0.048099
v 0.035079 -0.144517 0.055832
v 0.042027 -0.134504 0.050086
v 0.047673 -0.123371 0.043222
v -0.014436 -0.239831 0.060416
v -0.021049 -0.239840 0.054872
v -0.027529 -0.239854 0.049473
v -0.033368 -0.239877 0.043956
v -0.038475 -0.239912 0.038104
v -0.042864 -0.239950 0.031792
v -0.046975 -0.239964 0.024919
v -0.027927 -0.239708 0.061756
v -0.035364 -0.239696 0.056138
v -0.041972 -0.239704 0.049825
v -0.047672 -0.239733 0.042852
v -0.052456 -0.239763 0.035370
v -0.056484 -0.239770 0.027480
v -0.049484 -0.239500 0.054943
v -0.055717 -0.239550 0.047038
v -0.060915 -0.239589 0.038650
v -0.065169 -0.239592 0.029974
v -0.068661 -0.239547 0.021155
v -0.068913 -0.239447 0.041853
v -0.073497 -0.239440 0.032521
v -0.077179 -0.239366 0.023064
v -0.081454 -0.239316 0.035216
v -0.085303 -0.239211 0.025169
v -0.095144 -0.235940 0.016226
v 0.005607 -0.239952 0.061901
v 0.000241 -0.239869 0.062731
v -0.004819 -0.239805 0.063877
v 0.022674 -0.239802 0.069168
v 0.014154 -0.239825 0.070648
v 0.007013 -0.239848 0.071471
v 0.036540 -0.239698 0.072977
v 0.025828 -0.239726 0.076643
v 0.062793 -0.239311 0.063473
v 0.052434 -0.239552 0.072068
v 0.082422 -0.234130 0.047073
v 0.076134 -0.234920 0.057018
v 0.089592 -0.226865 0.037479
v 0.092940 -0.219478 0.015732
v 0.088560 -0.214682 -0.005063
v 0.000870 -0.239775 0.071991
v -0.005186 -0.239727 0.072177
v 0.016228 -0.239726 0.078528
v 0.008049 -0.239715 0.079419
v 0.000798 -0.239674 0.079751
v -0.006782 -0.239625 0.079448
v 0.040596 -0.239697 0.078909
v 0.028768 -0.239709 0.083235
v 0.018116 -0.239652 0.085404
v 0.008952 -0.239625 0.086372
v 0.000613 -0.239522 0.086627
v 0.067765 -0.236029 0.067189
v 0.056639 -0.236841 0.076577
v 0.044030 -0.237545 0.084224
v 0.031420 -0.238159 0.089291
v 0.019922 -0.238431 0.091629
v 0.009915 -0.238749 0.092817
v 0.000504 -0.239060 0.093215
v 0.084797 -0.227402 0.047706
v 0.078207 -0.228200 0.058168
v 0.069505 -0.229346 0.068715
v 0.058146 -0.230505 0.078313
v 0.045373 -0.231373 0.086091
v 0.032682 -0.232084 0.091475
v 0.021018 -0.232756 0.094549
v 0.010528 -0.233398 0.096285
v 0.090420 -0.219984 0.025751
v 0.087270 -0.220340 0.035866
v 0.083061 -0.220750 0.046323
v 0.077299 -0.221348 0.057264
v 0.068973 -0.222494 0.068064
v 0.057943 -0.223772 0.077744
v 0.045647 -0.224711 0.085793
v 0.033252 -0.225412 0.091617
v 0.021501 -0.226171 0.094847
v 0.010695 -0.226851 0.096749
v 0.087990 -0.215054 0.004360
v 0.086663 -0.215623 0.013884
v 0.084554 -0.215998 0.023533
v 0.081765 -0.216288 0.033335
v 0.078084 -0.216541 0.043474
v 0.073024 -0.216823 0.054055
v 0.065701 -0.217535 0.064684
v 0.055861 -0.218428 0.074489
v 0.044436 -0.219045 0.082667
v 0.032748 -0.219430 0.088875
v 0.021389 -0.220074 0.092695
v 0.010518 -0.220739 0.094900
v 0.081714 -0.212529 -0.015466
v 0.080933 -0.212055 -0.006278
v 0.080370 -0.212264 0.002924
v 0.079382 -0.212893 0.012091
v 0.077717 -0.213336 0.021311
v 0.075326 -0.213711 0.030704
v 0.072066 -0.214019 0.040407
v 0.067495 -0.214398 0.050421
v 0.061111 -0.214966 0.060494
v 0.052464 -0.215511 0.069875
v 0.042046 -0.215799 0.077729
v 0.031119 -0.215960 0.083715
v 0.020423 -0.216205 0.087843
v 0.073767 -0.209530 -0.017880
v 0.073304 -0.209164 -0.008218
v 0.073024 -0.209315 0.001264
v 0.072292 -0.210016 0.010371
v 0.071006 -0.210559 0.019315
v 0.069010 -0.211072 0.028352
v 0.066153 -0.211511 0.037645
v 0.062054 -0.211937 0.047168
v 0.056308 -0.212606 0.056606
v 0.048656 -0.213248 0.065336
v 0.039292 -0.213596 0.072685
v 0.029098 -0.213849 0.078274
v 0.018881 -0.214125 0.082265
v 0.066394 -0.205371 -0.019580
v 0.066859 -0.205438 -0.009593
v 0.066926 -0.205680 0.000004
v 0.066247 -0.206496 0.008995
v 0.065095 -0.207196 0.017683
v 0.063371 -0.207815 0.026388
v 0.060797 -0.208442 0.035241
v 0.057123 -0.208938 0.044237
v 0.051897 -0.209597 0.053047
v 0.044988 -0.210302 0.061157
v 0.036573 -0.210751 0.068076
v 0.027132 -0.211140 0.073371
v 0.061900 -0.200870 -0.009829
v 0.062173 -0.201279 -0.000511
v 0.061498 -0.202080 0.008174
v 0.060370 -0.202854 0.016552
v 0.058797 -0.203546 0.024910
v 0.056423 -0.204268 0.033317
v 0.052992 -0.204966 0.041754
v 0.048119 -0.205757 0.049948
v 0.041773 -0.206532 0.057521
v 0.034097 -0.207077 0.064053
v 0.025354 -0.207512 0.069122
v 0.057920 -0.195527 -0.009701
v 0.058212 -0.196221 -0.000664
v 0.057608 -0.197003 0.007739
v 0.056586 -0.197768 0.015843
v 0.055121 -0.198504 0.023876
v 0.052901 -0.199303 0.031889
v 0.049714 -0.200117 0.039894
v 0.045204 -0.200986 0.047665
v 0.039261 -0.201844 0.054779
v 0.032121 -0.202445 0.060951
v 0.023823 -0.203014 0.065608
v 0.055117 -0.190418 -0.000675
v 0.054552 -0.191251 0.007562
v 0.053597 -0.192079 0.015453
v 0.052204 -0.192906 0.023227
v 0.050075 -0.193814 0.030945
v 0.047119 -0.194749 0.038642
v 0.042937 -0.195705 0.046080
v 0.037408 -0.196535 0.052872
v 0.030650 -0.197135 0.058752
v 0.052677 -0.184156 -0.000630
v 0.052143 -0.185127 0.007561
v 0.051197 -0.186043 0.015311
v 0.049890 -0.186963 0.022903
v 0.047958 -0.187939 0.030445
v 0.045245 -0.188958 0.037933
v 0.041294 -0.189978 0.045066
v 0.036047 -0.190816 0.051534
v 0.029533 -0.191426 0.057177
v 0.050773 -0.177584 -0.000521
v 0.050249 -0.178764 0.007698
v 0.049354 -0.179768 0.015395
v 0.048174 -0.180753 0.022864
v 0.046373 -0.181792 0.030243
v 0.043837 -0.182855 0.037529
v 0.040196 -0.183858 0.044460
v 0.035123 -0.184723 0.050664
v 0.049072 -0.172112 0.007984
v 0.048247 -0.173222 0.015692
v 0.047134 -0.174262 0.023061
v 0.045391 -0.175337 0.030271
v 0.042956 -0.176396 0.037365
v 0.039554 -0.177382 0.044165
v 0.034578 -0.178311 0.050274
v 0.048589 -0.165128 0.008400
v 0.047797 -0.166364 0.016144
v 0.046746 -0.167441 0.023433
v 0.045092 -0.168518 0.030493
v 0.042726 -0.169563 0.037432
v 0.039379 -0.170596 0.044190
v 0.034350 -0.171665 0.050386
v 0.047960 -0.159117 0.016673
v 0.046909 -0.160229 0.023918
v 0.045320 -0.161311 0.030863
v 0.042897 -0.162402 0.037694
v 0.039501 -0.163583 0.044526
v 0.048365 -0.151437 0.017165
v 0.047349 -0.152608 0.024452
v 0.045792 -0.153735 0.031349
v 0.043387 -0.154961 0.038207
v 0.039834 -0.156400 0.045244
v 0.049017 -0.143405 0.017591
v 0.047999 -0.144639 0.025022
v 0.046489 -0.145865 0.031985
v 0.044092 -0.147309 0.038995
v 0.048974 -0.136423 0.025649
v 0.047511 -0.137802 0.032815
v 0.045093 -0.139543 0.040131
v 0.050378 -0.127986 0.026367
v 0.048812 -0.129510 0.033827
v 0.046289 -0.131637 0.041566
v 0.050455 -0.120611 0.035060
v 0.052856 -0.110416 0.036589
v 0.007304 -0.240891 -0.011537
v 0.004648 -0.240884 -0.010499
v 0.001913 -0.240863 -0.009386
v -0.000246 -0.240989 -0.015884
v -0.001082 -0.240848 -0.008220
v -0.003413 -0.240952 -0.014386
v -0.004458 -0.240826 -0.006372
v -0.006901 -0.240905 -0.012310
v -0.008997 -0.240977 -0.016241
v -0.010760 -0.240841 -0.009231
v -0.012858 -0.240901 -0.013058
v -0.014749 -0.240946 -0.016084
v -0.023610 -0.070720 0.144535
v -0.019334 -0.063116 0.146839
v -0.026221 -0.065963 0.141796
v -0.021200 -0.057804 0.144563
v -0.013315 -0.050862 0.148545
v -0.023097 -0.052894 0.142393
v -0.004582 -0.044986 0.151438
v -0.014240 -0.045646 0.147788
v -0.025066 -0.048037 0.140325
v 0.009961 -0.240866 -0.012467
v 0.005543 -0.241035 -0.018164
v 0.002715 -0.241018 -0.017176
v 0.001028 -0.241122 -0.021851
v -0.002162 -0.241084 -0.020436
v -0.003801 -0.241138 -0.024395
v -0.005482 -0.241038 -0.018624
v -0.007311 -0.241094 -0.022354
v -0.009099 -0.241115 -0.026019
v -0.010898 -0.241030 -0.019519
v -0.012779 -0.241057 -0.022775
v -0.014701 -0.241053 -0.025954
v -0.016549 -0.240972 -0.019000
v -0.018256 -0.240976 -0.021741
v -0.019937 -0.240954 -0.024308
v -0.020759 -0.240862 -0.014963
v -0.022189 -0.240865 -0.017689
v -0.023287 -0.240855 -0.020315
v 0.032413 0.030915 0.108184
v 0.031364 0.034897 0.107458
v 0.037435 0.033551 0.107303
v 0.036258 0.038718 0.106440
v 0.033984 0.043267 0.106918
v 0.041818 0.028819 0.107567
v 0.041865 0.035433 0.105712
v 0.040919 0.041740 0.104946
v 0.038474 0.047212 0.105392
v 0.034757 0.052078 0.105788
v 0.045615 0.029340 0.105861
v 0.045963 0.036549 0.103874
v 0.045541 0.043802 0.103208
v 0.043095 0.050307 0.103029
v 0.039239 0.056055 0.102992
v 0.035002 0.061216 0.102823
v 0.049321 0.029576 0.103692
v 0.050087 0.037164 0.101862
v 0.050074 0.045030 0.100844
v 0.047860 0.052475 0.100050
v 0.044230 0.059165 0.099373
v 0.040378 0.065077 0.098592
v 0.036862 0.070517 0.097731
v 0.051818 0.022260 0.102878
v 0.053099 0.029514 0.101031
v 0.054262 0.037293 0.099300
v 0.054497 0.045459 0.097812
v 0.052632 0.053479 0.096263
v 0.049590 0.060831 0.094816
v 0.046503 0.067475 0.093418
v 0.043581 0.073671 0.091982
v 0.040530 0.079816 0.090399
v 0.055408 0.021800 0.099288
v 0.057042 0.029109 0.097570
v 0.058443 0.036883 0.095850
v 0.058770 0.045066 0.094035
v 0.057374 0.053330 0.091962
v 0.054977 0.061080 0.089723
v 0.052479 0.068227 0.087561
v 0.049906 0.075069 0.085424
v 0.046803 0.082045 0.083304
v 0.042641 0.089115 0.081311
v 0.057879 0.014484 0.095595
v 0.059418 0.021267 0.094189
v 0.061471 0.028557 0.092774
v 0.062810 0.036254 0.091065
v 0.062980 0.044158 0.089194
v 0.061863 0.052241 0.086998
v 0.059988 0.060157 0.084324
v 0.057833 0.067709 0.081514
v 0.055347 0.075181 0.078804
v 0.051996 0.082950 0.076213
v 0.047394 0.090777 0.073703
v 0.041696 0.097863 0.071237
v 0.062671 0.014096 0.088642
v 0.064443 0.021096 0.087115
v 0.066552 0.028550 0.085576
v 0.067493 0.036176 0.083674
v 0.067440 0.043553 0.081946
v 0.066350 0.050953 0.080184
v 0.064631 0.058618 0.077822
v 0.062530 0.066518 0.074927
v 0.059880 0.074695 0.071953
v 0.056162 0.083162 0.069038
v 0.051307 0.091489 0.066052
v 0.045396 0.098823 0.062919
v 0.038441 0.104772 0.059866
v 0.067781 0.013974 0.079865
v 0.069629 0.021665 0.077485
v 0.071361 0.029549 0.075028
v 0.072084 0.037104 0.072496
v 0.071890 0.044054 0.070781
v 0.070674 0.050878 0.069718
v 0.068850 0.058162 0.068432
v 0.066584 0.066080 0.066410
v 0.063682 0.074586 0.063881
v 0.059768 0.083321 0.061019
v 0.054840 0.091680 0.057719
v 0.048695 0.098986 0.054115
v 0.041235 0.105093 0.050783
v 0.032606 0.110135 0.048163
v 0.070451 0.004889 0.075232
v 0.071990 0.013513 0.070458
v 0.073860 0.021874 0.066685
v 0.075383 0.030124 0.062847
v 0.076082 0.037983 0.059246
v 0.075878 0.045212 0.057233
v 0.074722 0.052156 0.056669
v 0.072682 0.059328 0.056329
v 0.070097 0.066944 0.055414
v 0.067055 0.075122 0.053715
v 0.063170 0.083504 0.051188
v 0.058213 0.091572 0.047928
v 0.051723 0.098837 0.044348
v 0.043677 0.105111 0.041072
v 0.034523 0.110352 0.038499
v 0.024517 0.114140 0.036666
v 0.073293 0.002864 0.068549
v 0.075101 0.011886 0.062153
v 0.077048 0.020522 0.056803
v 0.078396 0.029003 0.051560
v 0.079091 0.037446 0.046973
v 0.079038 0.045482 0.044251
v 0.078036 0.052964 0.043466
v 0.076059 0.060327 0.043399
v 0.073419 0.067841 0.043036
v 0.070333 0.075591 0.041823
v 0.066494 0.083487 0.039620
v 0.061408 0.091306 0.036690
v 0.054465 0.098602 0.033512
v 0.045915 0.105060 0.030547
v 0.036326 0.110380 0.028119
v 0.026025 0.114303 0.026418
v 0.015132 0.116781 0.025336
v 0.073513 -0.009398 0.072386
v 0.075366 0.000121 0.063088
v 0.077256 0.009117 0.055316
v 0.079217 0.017813 0.048417
v 0.080517 0.026604 0.041963
v 0.081160 0.035605 0.036508
v 0.081191 0.044280 0.032809
v 0.080590 0.052362 0.031190
v 0.079043 0.060161 0.030752
v 0.076522 0.067793 0.030333
v 0.073520 0.075393 0.029233
v 0.069636 0.083070 0.027218
v 0.064291 0.090875 0.024661
v 0.056978 0.098415 0.021972
v 0.048060 0.105117 0.019361
v 0.038121 0.110521 0.017142
v 0.027553 0.114603 0.015637
v 0.016377 0.117164 0.014759
v 0.004869 0.118616 0.014282
v 0.074734 -0.012486 0.068092
v 0.076840 -0.003212 0.058310
v 0.078965 0.005635 0.049559
v 0.080842 0.014392 0.041300
v 0.082057 0.023518 0.033750
v 0.082730 0.032855 0.027438
v 0.082941 0.041806 0.022771
v 0.082522 0.050254 0.020071
v 0.081377 0.058507 0.018762
v 0.079360 0.066571 0.017869
v 0.076394 0.074329 0.016599
v 0.072430 0.082151 0.014695
v 0.066778 0.090216 0.012458
v 0.059173 0.098131 0.010153
v 0.050019 0.105195 0.007799
v 0.039790 0.110792 0.005777
v 0.028951 0.115027 0.004468
v 0.017533 0.117688 0.003806
v 0.005783 0.119082 0.003484
v -0.006011 0.119278 0.003400
v 0.075686 -0.016188 0.063833
v 0.077876 -0.007153 0.053819
v 0.080030 0.001599 0.044375
v 0.082065 0.010459 0.035131
v 0.083393 0.019824 0.026608
v 0.084250 0.029274 0.019423
v 0.084583 0.038224 0.013863
v 0.084365 0.046762 0.010186
v 0.083561 0.055320 0.007897
v 0.081866 0.063908 0.006215
v 0.078872 0.072223 0.004575
v 0.074505 0.080469 0.002683
v 0.068514 0.088977 0.000671
v 0.060620 0.097175 -0.001426
v 0.051174 0.104291 -0.003676
v 0.040680 0.109906 -0.005652
v 0.029647 0.114171 -0.006922
v 0.018209 0.117062 -0.007468
v 0.006429 0.118601 -0.007655
v -0.005480 0.118845 -0.007634
v -0.017361 0.117585 -0.007313
v -0.029276 0.115023 -0.006794
v 0.073781 -0.029909 0.069118
v 0.076328 -0.020738 0.059341
v 0.078685 -0.011814 0.049339
v 0.080899 -0.003032 0.039480
v 0.083054 0.005985 0.029529
v 0.084688 0.015483 0.020192
v 0.085545 0.024868 0.012128
v 0.085982 0.033651 0.005743
v 0.085959 0.042115 0.001274
v 0.085341 0.050847 -0.001793
v 0.083556 0.059932 -0.004191
v 0.080345 0.069013 -0.006240
v 0.075689 0.078035 -0.008164
v 0.069341 0.087008 -0.010072
v 0.061345 0.095460 -0.012131
v 0.051771 0.102619 -0.014412
v 0.041226 0.108374 -0.016550
v 0.030073 0.112677 -0.018073
v 0.018624 0.115800 -0.018827
v 0.006852 0.117330 -0.019030
v -0.005098 0.117678 -0.018994
v -0.017107 0.116602 -0.018593
v -0.029078 0.114092 -0.017819
v -0.041027 0.109797 -0.016768
v 0.073975 -0.035284 0.063678
v 0.076672 -0.026272 0.054436
v 0.079143 -0.017338 0.044634
v 0.081379 -0.008420 0.034633
v 0.083732 0.000780 0.024295
v 0.085512 0.010354 0.014267
v 0.086672 0.019624 0.005412
v 0.087247 0.028240 -0.001739
v 0.087380 0.036726 -0.006860
v 0.086671 0.045768 -0.010453
v 0.084794 0.055518 -0.013242
v 0.081427 0.065548 -0.015570
v 0.076579 0.075484 -0.017620
v 0.070121 0.085049 -0.019608
v 0.062057 0.093707 -0.021797
v 0.052519 0.100888 -0.024272
v 0.041939 0.106474 -0.026702
v 0.030724 0.110696 -0.028654
v 0.019167 0.113842 -0.029865
v 0.007313 0.115529 -0.030346
v -0.004736 0.115921 -0.030403
v -0.016904 0.114866 -0.030017
v -0.029014 0.112284 -0.029087
v -0.041049 0.108159 -0.027616
v -0.052942 0.102256 -0.025784
v 0.071130 -0.050426 0.064817
v 0.073845 -0.041545 0.057814
v 0.076458 -0.032589 0.049039
v 0.079097 -0.023598 0.039542
v 0.081487 -0.014510 0.029594
v 0.084017 -0.005138 0.019140
v 0.086139 0.004450 0.008720
v 0.087473 0.013628 -0.000787
v 0.088317 0.022255 -0.008574
v 0.088557 0.031053 -0.014235
v 0.087780 0.040687 -0.018191
v 0.085806 0.051264 -0.021134
v 0.082498 0.062299 -0.023598
v 0.077476 0.073062 -0.025848
v 0.070891 0.083073 -0.028091
v 0.062779 0.091754 -0.030562
v 0.053348 0.098755 -0.033342
v 0.042865 0.104081 -0.036105
v 0.031697 0.108233 -0.038485
v 0.019982 0.111182 -0.040144
v 0.007971 0.112934 -0.041048
v -0.004249 0.113304 -0.041329
v -0.016633 0.112265 -0.041058
v -0.029035 0.109708 -0.040122
v -0.041284 0.105635 -0.038405
v -0.053251 0.100045 -0.036045
v -0.064216 0.092470 -0.033483
v 0.070507 -0.056577 0.058415
v 0.073237 -0.048052 0.051684
v 0.075948 -0.039220 0.043347
v 0.078779 -0.030224 0.034162
v 0.081326 -0.021032 0.024356
v 0.083970 -0.011588 0.013988
v 0.086203 -0.002004 0.003431
v 0.087838 0.007235 -0.006490
v 0.088904 0.016179 -0.014745
v 0.089236 0.025593 -0.020817
v 0.088522 0.035998 -0.025075
v 0.086589 0.047396 -0.028088
v 0.083387 0.059248 -0.030595
v 0.078216 0.070605 -0.033076
v 0.071577 0.080868 -0.035724
v 0.063548 0.089467 -0.038620
v 0.054263 0.096139 -0.041733
v 0.043935 0.101254 -0.044795
v 0.032821 0.105271 -0.047485
v 0.021060 0.108156 -0.049534
v 0.008898 0.109789 -0.050834
v -0.003503 0.110160 -0.051447
v 0.069518 -0.062416 0.051783
v 0.072479 -0.054204 0.045352
v 0.075328 -0.045586 0.037469
v 0.078124 -0.036638 0.028620
v 0.080768 -0.027427 0.018999
v 0.083447 -0.017962 0.008793
v 0.085882 -0.008350 -0.001692
v 0.087770 0.001120 -0.011785
v 0.089084 0.010601 -0.020292
v 0.089470 0.020741 -0.026627
v 0.088869 0.031881 -0.031162
v 0.087114 0.043946 -0.034298
v 0.084028 0.056340 -0.036838
v 0.078895 0.068031 -0.039553
v 0.072272 0.078328 -0.042675
v 0.064425 0.086764 -0.046074
v 0.065041 -0.075937 0.049788
v 0.068260 -0.067801 0.044880
v 0.071356 -0.059645 0.038735
v 0.074271 -0.051187 0.031330
v 0.077208 -0.042381 0.022950
v 0.080022 -0.033247 0.013635
v 0.082777 -0.023783 0.003662
v 0.085355 -0.014047 -0.006662
v 0.087485 -0.004238 -0.016756
v 0.089111 0.005756 -0.025326
v 0.089422 0.016469 -0.031778
v 0.063435 -0.081271 0.042348
v 0.066945 -0.072704 0.037592
v 0.070199 -0.064524 0.031817
v 0.073236 -0.056182 0.024938
v 0.076238 -0.047450 0.017139
v -0.015285 0.038424 0.113441
v -0.010987 0.031994 0.114736
v -0.010952 0.037628 0.115284
v -0.006857 0.032437 0.116858
v -0.006401 0.037427 0.116573
v -0.003151 0.028330 0.118494
v -0.002689 0.032534 0.118022
v -0.002069 0.037073 0.117464
v 0.000439 0.027920 0.118565
v 0.001157 0.031863 0.117860
v 0.001971 0.036056 0.117235
v 0.002843 0.022937 0.118573
v 0.003625 0.026822 0.117432
v 0.004629 0.030484 0.116757
v 0.005702 0.034410 0.116296
v 0.005117 0.017448 0.119350
v 0.005575 0.021677 0.117029
v 0.006413 0.025413 0.115624
v 0.007657 0.028868 0.114946
v 0.008875 0.032700 0.114489
v 0.007542 0.015876 0.117471
v 0.008026 0.020283 0.115200
v 0.008910 0.024008 0.113696
v 0.010244 0.027425 0.113016
v 0.011556 0.031303 0.112656
v 0.012977 0.036560 0.112976
v 0.010640 0.009463 0.118960
v 0.009950 0.014600 0.115690
v 0.010305 0.019029 0.113512
v 0.011291 0.022782 0.112171
v 0.012527 0.026287 0.111361
v 0.013975 0.030156 0.111215
v 0.015613 0.035218 0.111370
v 0.013359 0.008606 0.117003
v 0.012157 0.013643 0.114037
v 0.012437 0.018057 0.112108
v 0.013452 0.021833 0.110916
v 0.014681 0.025402 0.110134
v 0.016141 0.029103 0.109982
v 0.017990 0.033618 0.109955
v 0.014313 0.013124 0.112925
v 0.014462 0.017399 0.111215
v 0.015474 0.021057 0.110028
v 0.016754 0.024499 0.109410
v 0.018213 0.027811 0.109299
v 0.020192 0.031598 0.109135
v 0.017592 0.020011 0.109651
v 0.018857 0.023207 0.109100
v 0.020163 0.026157 0.108775
v 0.022039 0.029393 0.108477
v 0.022639 0.024204 0.108985
v 0.023957 0.027133 0.108687
v -0.021286 0.011957 0.112491
v -0.019442 0.016176 0.111153
v -0.019922 0.020035 0.110155
v -0.021381 0.006352 0.115991
v -0.018583 0.011383 0.113604
v -0.017309 0.016255 0.111765
v -0.017742 0.020655 0.110640
v -0.019258 0.025116 0.109883
v -0.020658 0.000591 0.120760
v -0.017770 0.006254 0.117943
v -0.015657 0.011662 0.115074
v -0.014886 0.016767 0.112896
v -0.015448 0.021336 0.111655
v -0.016698 0.025967 0.110897
v -0.018313 0.031770 0.110644
v -0.019286 -0.005396 0.126271
v -0.016334 0.001254 0.123506
v -0.014167 0.007126 0.120320
v 0.016329 0.012983 0.112273
v 0.019050 0.015272 0.110720
v 0.016117 0.008400 0.115504
v 0.016448 0.016700 0.110771
v 0.020395 0.018284 0.109879
v 0.021629 0.021378 0.109342
v -0.035612 0.030634 0.108438
v -0.034034 0.033624 0.107729
v -0.031796 0.036936 0.107921
v -0.028654 0.040542 0.108573
v -0.033766 0.044049 0.107762
v -0.025448 0.044719 0.110194
v -0.030932 0.048250 0.108396
v -0.022818 0.050195 0.111001
v -0.028228 0.053119 0.108803
v -0.025420 0.058956 0.108130
v -0.027885 0.067721 0.104071
v -0.024827 0.073553 0.102400
v 0.029574 -0.034716 0.132277
v 0.032197 -0.025245 0.129108
v 0.034412 -0.016113 0.125215
v 0.039461 -0.010961 0.120779
v 0.035095 -0.007480 0.120759
v 0.038578 -0.002300 0.116447
v 0.034333 0.000326 0.116361
v 0.036745 0.005353 0.113254
v 0.032302 0.007421 0.113265
v 0.034087 0.012125 0.111962
v 0.029268 0.013890 0.111894
v 0.035634 0.017054 0.111349
v 0.030717 0.018026 0.111410
v 0.025696 0.019534 0.110493
v 0.031853 0.022286 0.110970
v 0.026627 0.022751 0.110014
v 0.027330 0.025849 0.109380
v 0.028625 -0.019761 0.128867
v 0.030483 -0.011427 0.124589
v 0.026615 -0.006641 0.123084
v 0.030892 -0.003748 0.119858
v 0.026738 0.000248 0.118276
v 0.022528 0.004517 0.116277
v 0.029939 0.003324 0.115591
v 0.025323 0.006732 0.114345
v 0.020990 0.010240 0.112872
v 0.027528 0.009972 0.112752
v 0.022836 0.012792 0.111644
v 0.024417 0.016069 0.110885
v 0.029558 0.038644 0.107784
v 0.026934 0.042241 0.108610
v 0.023492 0.045602 0.110026
v 0.030702 0.047508 0.107682
v 0.026736 0.051463 0.108702
v 0.022499 0.055127 0.109205
v 0.018561 0.058504 0.109671
v 0.014820 0.061241 0.109605
v 0.011252 0.063508 0.109313
v 0.030537 0.056581 0.106157
v 0.026374 0.060813 0.106367
v 0.022416 0.064750 0.106078
v 0.018704 0.068351 0.105786
v 0.015002 0.071459 0.105508
v 0.011068 0.073969 0.105123
v 0.006876 0.075961 0.104983
v 0.002512 0.077322 0.104746
v -0.001832 0.078154 0.104392
v -0.006068 0.078526 0.103977
v 0.031011 0.066044 0.102535
v 0.027400 0.070713 0.102016
v 0.023788 0.075030 0.101242
v 0.019847 0.078898 0.100541
v 0.015469 0.082272 0.100113
v 0.010690 0.084937 0.099758
v 0.005715 0.086812 0.099397
v 0.000709 0.087965 0.099040
v -0.004209 0.088512 0.098789
v -0.008902 0.088424 0.098300
v -0.013305 0.088061 0.097881
v -0.017426 0.087266 0.097317
v -0.021719 0.086356 0.096744
v 0.033588 0.075819 0.096638
v 0.030047 0.081014 0.095515
v 0.025808 0.085878 0.094535
v 0.020843 0.090168 0.093594
v 0.015354 0.093615 0.092614
v 0.009638 0.096376 0.091970
v 0.003629 0.097926 0.091221
v -0.002428 0.098587 0.090624
v -0.008334 0.098474 0.090185
v -0.013967 0.097776 0.089937
v -0.019428 0.096449 0.089860
v -0.024913 0.094136 0.089724
v -0.030429 0.090930 0.090110
v 0.036749 0.085917 0.088806
v 0.031929 0.091600 0.087263
v 0.026286 0.096591 0.085685
v 0.020093 0.100684 0.084100
v 0.013410 0.103677 0.082668
v 0.006276 0.105609 0.081636
v -0.001114 0.106404 0.080920
v -0.008419 0.106247 0.080593
v -0.015432 0.105142 0.080512
v -0.022248 0.103188 0.080680
v -0.029046 0.100236 0.081135
v -0.035609 0.096020 0.082034
v 0.037268 0.095573 0.079351
v 0.031075 0.101038 0.077241
v 0.024234 0.105411 0.075117
v 0.016627 0.108505 0.073260
v 0.008366 0.110394 0.071954
v -0.000183 0.111271 0.071259
v -0.008653 0.110920 0.070979
v -0.016812 0.109622 0.071093
v -0.024744 0.107519 0.071585
v -0.032481 0.104231 0.072374
v -0.039814 0.099495 0.073602
v 0.035155 0.103717 0.068684
v 0.027694 0.108238 0.066201
v 0.019204 0.111304 0.064138
v 0.010033 0.113282 0.062763
v 0.000577 0.114231 0.062042
v -0.008802 0.113818 0.061803
v -0.017863 0.112398 0.061983
v -0.026592 0.110034 0.062501
v -0.035059 0.106601 0.063451
v -0.043009 0.101620 0.064992
v 0.030421 0.109582 0.057280
v 0.021268 0.112904 0.055258
v 0.011430 0.115028 0.053847
v 0.001301 0.115984 0.053047
v -0.008772 0.115647 0.052801
v -0.018543 0.114247 0.052938
v -0.027927 0.111688 0.053356
v -0.037048 0.108087 0.054298
v -0.045548 0.102805 0.056001
v 0.022965 0.113743 0.046235
v 0.012684 0.115964 0.044836
v 0.002080 0.117011 0.043991
v -0.008513 0.116736 0.043649
v -0.018814 0.115415 0.043647
v -0.028743 0.112744 0.043916
v -0.038447 0.108912 0.044748
v -0.047583 0.103455 0.046476
v 0.013904 0.116471 0.035389
v 0.002946 0.117680 0.034591
v -0.008026 0.117494 0.034160
v -0.018749 0.116195 0.033994
v -0.029204 0.113484 0.034120
v -0.039463 0.109429 0.034823
v -0.049232 0.103853 0.036455
v 0.003890 0.118101 0.024683
v -0.007379 0.118084 0.024273
v -0.018481 0.116757 0.024037
v -0.029448 0.114063 0.024074
v -0.040287 0.109848 0.024648
v -0.050634 0.104087 0.026106
v -0.006678 0.118746 0.014026
v -0.018121 0.117356 0.013891
v -0.029556 0.114658 0.013950
v -0.040947 0.110329 0.014409
v -0.051929 0.104472 0.015626
v -0.017729 0.117866 0.003502
v -0.029513 0.115200 0.003740
v -0.041306 0.110756 0.004179
v -0.052858 0.104811 0.005136
v -0.041207 0.110588 -0.006158
v -0.052997 0.104459 -0.005277
v -0.063606 0.096724 -0.003741
v -0.052882 0.103632 -0.015548
v -0.063693 0.095672 -0.013960
v -0.063877 0.094359 -0.023779
v 0.068676 0.041233 -0.098413
v 0.069080 0.046770 -0.095017
v 0.061714 0.043264 -0.105034
v 0.061911 0.049780 -0.101247
v 0.062046 0.055015 -0.097590
v 0.053789 0.045180 -0.110858
v 0.053854 0.052193 -0.106828
v 0.053738 0.057962 -0.102752
v 0.053482 0.062834 -0.098845
v 0.045216 0.046768 -0.115649
v 0.045065 0.054109 -0.111513
v 0.044717 0.060288 -0.107293
v 0.044208 0.065503 -0.103052
v 0.043614 0.070157 -0.098888
v 0.036219 0.048047 -0.119584
v 0.035767 0.055600 -0.115425
v 0.035064 0.061989 -0.111081
v 0.034262 0.067521 -0.106767
v 0.033381 0.072380 -0.102388
v 0.032419 0.076863 -0.097993
v 0.026685 0.048959 -0.122704
v 0.025866 0.056572 -0.118579
v 0.024766 0.063069 -0.114244
v 0.023550 0.068697 -0.109849
v 0.022290 0.073692 -0.105407
v 0.021028 0.078243 -0.100879
v 0.019729 0.082531 -0.096256
v 0.017223 0.040829 -0.128460
v 0.016398 0.049370 -0.124946
v 0.015170 0.056808 -0.120910
v 0.013651 0.063219 -0.116647
v 0.011998 0.068831 -0.112290
v 0.010326 0.073835 -0.107835
v 0.008704 0.078393 -0.103260
v 0.007160 0.082679 -0.098558
v 0.005666 0.086806 -0.093651
v 0.006788 0.040664 -0.129421
v 0.005484 0.048934 -0.126176
v 0.003793 0.056079 -0.122440
v 0.001807 0.062285 -0.118414
v -0.000315 0.067718 -0.114119
v -0.002428 0.072594 -0.109648
v -0.004435 0.077102 -0.105056
v -0.006268 0.081359 -0.100307
v -0.007906 0.085520 -0.095345
v -0.009415 0.089572 -0.089912
v -0.003291 0.039589 -0.129966
v -0.005451 0.047481 -0.126907
v -0.007865 0.054146 -0.123424
v -0.010482 0.059977 -0.119639
v -0.013176 0.065195 -0.115526
v -0.015793 0.069949 -0.111107
v -0.018227 0.074336 -0.106416
v -0.020379 0.078496 -0.101513
v -0.022213 0.082592 -0.096370
v -0.023734 0.086699 -0.090749
v -0.025007 0.090899 -0.084426
v -0.026141 0.095083 -0.077223
v -0.012424 0.037377 -0.130375
v -0.015952 0.044626 -0.127523
v -0.019392 0.050594 -0.124227
v -0.022810 0.055840 -0.120495
v -0.026176 0.060662 -0.116361
v -0.029377 0.065220 -0.111881
v -0.032256 0.069511 -0.107024
v -0.034765 0.073626 -0.101898
v -0.036788 0.077656 -0.096452
v -0.038343 0.081807 -0.090553
v -0.039484 0.086182 -0.083927
v -0.040278 0.090627 -0.076369
v -0.040824 0.094930 -0.067938
v -0.020293 0.033553 -0.130621
v -0.025444 0.039587 -0.127764
v -0.030064 0.044691 -0.124615
v -0.034397 0.049365 -0.120875
v -0.038484 0.053829 -0.116565
v -0.042262 0.058141 -0.111768
v -0.045602 0.062351 -0.106618
v -0.048437 0.066483 -0.101218
v -0.050694 0.070599 -0.095517
v -0.052347 0.074936 -0.089369
v -0.053412 0.079601 -0.082451
v -0.053990 0.084464 -0.074582
v -0.054133 0.089148 -0.065806
v -0.053951 0.093368 -0.056314
v -0.026505 0.028008 -0.130445
v -0.032968 0.032474 -0.127534
v -0.038703 0.036702 -0.124301
v -0.044008 0.040918 -0.120467
v -0.048873 0.045154 -0.115892
v -0.053284 0.049410 -0.110773
v -0.057107 0.053617 -0.105279
v -0.060275 0.057769 -0.099538
v -0.062748 0.061975 -0.093512
v -0.064450 0.066451 -0.087006
v -0.065457 0.071457 -0.079830
v -0.065865 0.076734 -0.071721
v -0.065675 0.081674 -0.062701
v -0.065217 0.086073 -0.053140
v -0.064677 0.089728 -0.043308
v -0.011338 -0.100928 0.143490
v -0.006692 -0.100800 0.144724
v -0.007149 -0.099269 0.147408
v -0.001406 -0.100653 0.145233
v -0.001220 -0.099039 0.147886
v -0.001021 -0.097342 0.149780
v 0.003868 -0.100420 0.145258
v 0.004509 -0.098776 0.147702
v 0.005091 -0.097076 0.149479
v 0.005619 -0.095177 0.150912
v 0.006097 -0.093028 0.152032
v 0.008637 -0.100075 0.144807
v 0.009739 -0.098488 0.146822
v 0.010750 -0.096815 0.148386
v 0.011629 -0.094908 0.149632
v 0.012352 -0.092808 0.150610
v 0.012915 -0.090474 0.151336
v 0.013118 -0.099964 0.143074
v 0.014878 -0.098421 0.144564
v 0.016350 -0.096601 0.145849
v 0.017547 -0.094528 0.146904
v 0.018368 -0.092274 0.147756
v 0.018783 -0.089850 0.148444
v 0.018734 -0.087166 0.148936
v 0.027540 -0.239999 0.038782
v 0.020490 -0.240083 0.038642
v 0.039073 -0.239805 0.043391
v 0.032175 -0.239895 0.047575
v 0.024244 -0.239965 0.049694
v 0.016386 -0.240020 0.050217
v 0.009455 -0.240047 0.050322
v 0.051226 -0.239553 0.043041
v 0.044931 -0.239684 0.049672
v 0.037077 -0.239785 0.055100
v 0.028179 -0.239856 0.058674
v 0.019482 -0.239905 0.060463
v 0.011895 -0.239937 0.061272
v 0.063150 -0.239121 0.039454
v 0.057668 -0.239371 0.047421
v 0.050805 -0.239555 0.054945
v 0.042137 -0.239683 0.061532
v 0.032319 -0.239761 0.066338
v 0.074597 -0.238323 0.033795
v 0.069874 -0.238723 0.042454
v 0.064156 -0.239127 0.051005
v 0.056766 -0.239421 0.059391
v 0.047322 -0.239602 0.067052
v 0.085744 -0.237621 0.026850
v 0.081541 -0.237784 0.035981
v 0.076737 -0.238139 0.044998
v 0.070776 -0.238803 0.054219
v 0.094835 -0.232838 0.017893
v 0.091644 -0.233414 0.028033
v 0.087395 -0.233697 0.037503
v 0.098428 -0.225058 0.006666
v 0.096251 -0.225770 0.017357
v 0.093353 -0.226374 0.027509
v 0.094897 -0.218530 -0.004701
v 0.094736 -0.218752 0.005649
v 0.088554 -0.214975 -0.015060
v -0.096610 -0.228408 0.016075
v -0.092248 -0.220728 0.025469
v -0.094626 -0.220878 0.015261
v -0.083013 -0.216127 0.033017
v -0.086041 -0.216094 0.023401
v -0.088376 -0.216125 0.013843
v -0.072446 -0.213938 0.039598
v -0.076006 -0.213663 0.030309
v -0.078776 -0.213489 0.021272
v -0.080875 -0.213353 0.012116
v -0.062335 -0.211535 0.045796
v -0.066402 -0.211109 0.036927
v -0.069632 -0.210821 0.028151
v -0.072072 -0.210652 0.019445
v -0.052476 -0.208270 0.050322
v -0.057375 -0.207986 0.042787
v -0.061168 -0.207698 0.034697
v -0.064130 -0.207402 0.026416
v -0.066264 -0.207230 0.018008
v -0.043198 -0.203844 0.053766
v -0.048839 -0.203635 0.047421
v -0.053397 -0.203464 0.040505
v -0.056957 -0.203269 0.032991
v -0.059719 -0.202967 0.025158
v -0.061567 -0.202792 0.017057
v -0.034654 -0.198635 0.057010
v -0.040815 -0.198545 0.051475
v -0.046059 -0.198382 0.045447
v -0.050400 -0.198205 0.038919
v -0.053730 -0.198040 0.031816
v -0.056201 -0.197802 0.024336
v -0.057926 -0.197516 0.016562
v -0.026675 -0.192811 0.059890
v -0.033347 -0.192892 0.055416
v -0.039162 -0.192844 0.050157
v -0.044106 -0.192687 0.044276
v -0.048208 -0.192460 0.037929
v -0.051357 -0.192223 0.031119
v -0.053638 -0.191945 0.023951
v -0.055156 -0.191638 0.016441
v -0.018934 -0.186642 0.061778
v -0.026031 -0.186860 0.058644
v -0.032351 -0.186992 0.054386
v -0.037888 -0.186940 0.049303
v -0.042629 -0.186720 0.043591
v -0.046551 -0.186390 0.037420
v -0.049512 -0.186043 0.030811
v -0.051614 -0.185701 0.023862
v -0.053069 -0.185344 0.016569
v -0.011305 -0.180385 0.062933
v -0.018717 -0.180645 0.060996
v -0.025620 -0.180819 0.058088
v -0.031808 -0.180856 0.054058
v -0.037187 -0.180731 0.049090
v -0.041764 -0.180423 0.043482
v -0.045423 -0.180009 0.037371
v -0.048110 -0.179577 0.030841
v -0.050052 -0.179169 0.024020
v -0.051397 -0.178793 0.016823
v -0.003660 -0.174188 0.063638
v -0.011282 -0.174473 0.062900
v -0.018547 -0.174676 0.061020
v -0.025326 -0.174701 0.058121
v -0.031406 -0.174571 0.054119
v -0.036737 -0.174305 0.049261
v -0.041132 -0.173871 0.043663
v -0.044671 -0.173356 0.037626
v -0.047216 -0.172860 0.031168
v -0.048978 -0.172420 0.024385
v -0.050219 -0.172031 0.017195
v 0.004012 -0.167989 0.064210
v -0.003697 -0.168355 0.064205
v -0.011180 -0.168658 0.063446
v -0.018378 -0.168740 0.061630
v -0.025096 -0.168556 0.058673
v -0.031166 -0.168198 0.054668
v -0.036475 -0.167736 0.049809
v -0.040853 -0.167126 0.044220
v -0.044334 -0.166480 0.038174
v -0.046786 -0.165921 0.031710
v -0.048439 -0.165468 0.024915
v 0.011783 -0.161651 0.064434
v 0.003955 -0.162201 0.065232
v -0.003646 -0.162655 0.065195
v -0.011051 -0.162911 0.064451
v -0.018218 -0.162843 0.062704
v -0.024940 -0.162435 0.059726
v -0.031072 -0.161818 0.055712
v -0.036416 -0.161099 0.050786
v -0.040854 -0.160266 0.045141
v -0.044323 -0.159438 0.038975
v -0.046716 -0.158783 0.032413
v -0.048325 -0.158305 0.025562
v 0.019667 -0.154860 0.063858
v 0.011727 -0.155889 0.065978
v 0.003972 -0.156615 0.066727
v -0.003559 -0.157085 0.066658
v -0.010898 -0.157243 0.065924
v -0.018041 -0.157005 0.064204
v -0.024844 -0.156386 0.061289
v -0.031095 -0.155477 0.057250
v -0.036565 -0.154443 0.052225
v -0.041038 -0.153346 0.046383
v -0.044540 -0.152299 0.040009
v -0.046949 -0.151483 0.033277
v -0.048553 -0.150934 0.026312
v 0.027667 -0.147152 0.062069
v 0.019683 -0.149067 0.065961
v 0.011735 -0.150360 0.067961
v 0.004006 -0.151201 0.068695
v -0.003449 -0.151644 0.068658
v -0.010706 -0.151676 0.067881
v -0.017830 -0.151269 0.066137
v -0.024745 -0.150449 0.063311
v -0.031203 -0.149241 0.059266
v -0.036885 -0.147849 0.054092
v -0.041505 -0.146432 0.047989
v -0.045087 -0.145132 0.041335
v -0.047531 -0.144086 0.034353
v -0.049265 -0.143402 0.027222
v 0.035588 -0.137933 0.058244
v 0.027915 -0.141191 0.064595
v 0.019786 -0.143520 0.068445
v 0.011749 -0.145022 0.070342
v 0.004053 -0.145924 0.071075
v -0.003305 -0.146324 0.071086
v -0.010508 -0.146315 0.070415
v -0.017668 -0.145790 0.068719
v -0.024718 -0.144758 0.065914
v -0.031384 -0.143231 0.061766
v -0.037355 -0.141434 0.056373
v -0.042229 -0.139610 0.049951
v -0.045928 -0.137979 0.042949
v -0.048493 -0.136657 0.035689
v -0.050310 -0.135753 0.028304
v 0.043051 -0.127143 0.052219
v 0.036307 -0.131537 0.060822
v 0.028346 -0.135517 0.067444
v 0.019926 -0.138249 0.071324
v 0.011793 -0.139955 0.073225
v 0.004146 -0.140903 0.074009
v -0.003131 -0.141241 0.074005
v -0.010293 -0.141154 0.073299
v -0.017492 -0.140541 0.071648
v -0.024645 -0.139281 0.068813
v -0.031529 -0.137434 0.064576
v -0.037812 -0.135210 0.058964
v -0.043037 -0.132896 0.052208
v -0.046923 -0.130804 0.044823
v -0.049665 -0.129122 0.037271
v -0.051539 -0.127920 0.029580
v 0.049504 -0.114440 0.045210
v 0.044520 -0.119776 0.054565
v 0.037353 -0.125430 0.063613
v 0.028798 -0.130123 0.070459
v 0.020069 -0.133276 0.074463
v 0.011852 -0.135135 0.076374
v 0.004261 -0.136093 0.077174
v -0.002949 -0.136347 0.077093
v -0.010086 -0.136216 0.076368
v -0.017328 -0.135543 0.074792
v -0.024585 -0.134043 0.071926
v -0.031731 -0.131857 0.067621
v -0.038367 -0.129143 0.061797
v -0.043949 -0.126218 0.054719
v -0.048139 -0.123510 0.047037
v -0.051091 -0.121241 0.039199
v -0.053035 -0.119578 0.031130
v 0.052135 -0.105358 0.048322
v 0.046327 -0.112601 0.057470
v 0.038481 -0.119679 0.066613
v 0.029273 -0.125159 0.073627
v 0.020196 -0.128688 0.077728
v 0.011897 -0.130641 0.079645
v 0.004349 -0.131545 0.080379
v -0.002815 -0.131773 0.080261
v -0.009941 -0.131680 0.079615
v -0.017229 -0.130949 0.078121
v -0.024675 -0.129267 0.075333
v -0.032185 -0.126723 0.071017
v -0.039224 -0.123376 0.064998
v -0.045091 -0.119587 0.057669
v -0.049663 -0.115948 0.049824
v -0.053012 -0.112682 0.041791
v -0.055443 -0.110253 0.033241
v 0.055891 -0.239014 -0.026454
v 0.063022 -0.238521 -0.027002
v 0.070175 -0.237947 -0.027840
v 0.077215 -0.237205 -0.028923
v 0.084117 -0.236258 -0.030217
v 0.090629 -0.235209 -0.031499
v 0.094417 -0.229665 -0.031850
v 0.093807 -0.223068 -0.030789
v 0.090223 -0.217988 -0.028798
v 0.085569 -0.214693 -0.026355
v 0.018226 -0.240878 -0.034573
v 0.018626 -0.240835 -0.031281
v 0.018680 -0.240816 -0.028004
v 0.015350 -0.240922 -0.027907
v 0.018704 -0.240770 -0.024826
v 0.015605 -0.240850 -0.024642
v 0.012824 -0.240927 -0.024395
v 0.018549 -0.240741 -0.021449
v 0.015855 -0.240808 -0.020855
v 0.013430 -0.240833 -0.020218
v 0.019813 -0.240684 -0.017055
v 0.017490 -0.240701 -0.015571
v 0.015166 -0.240738 -0.014280
v 0.012632 -0.240764 -0.013289
v 0.054552 -0.109331 0.027881
v 0.051434 -0.126874 0.018363
v 0.053216 -0.118372 0.018717
v 0.049865 -0.142224 0.009609
v 0.050851 -0.134233 0.009803
v 0.052310 -0.126190 0.009887
v 0.049230 -0.156347 0.000668
v 0.049645 -0.148940 0.001151
v 0.050378 -0.141371 0.001475
v 0.051401 -0.133634 0.001571
v 0.049342 -0.169289 -0.008774
v 0.048805 -0.162274 -0.008143
v 0.048825 -0.155171 -0.007450
v 0.049214 -0.147959 -0.006863
v 0.049917 -0.140587 -0.006516
v 0.051348 -0.181744 -0.018205
v 0.049646 -0.175075 -0.017583
v 0.048567 -0.168218 -0.016815
v 0.048006 -0.161222 -0.015968
v 0.047875 -0.154144 -0.015184
v 0.048210 -0.147000 -0.014610
v 0.055040 -0.193390 -0.028090
v 0.052071 -0.187258 -0.027159
v 0.049911 -0.180848 -0.026208
v 0.048361 -0.174178 -0.025215
v 0.047299 -0.167295 -0.024189
v 0.046719 -0.160278 -0.023244
v 0.046533 -0.153214 -0.022485
v 0.063212 -0.204600 -0.038332
v 0.056850 -0.198488 -0.037356
v 0.052765 -0.192632 -0.036055
v 0.049839 -0.186493 -0.034741
v 0.047766 -0.180013 -0.033474
v 0.046255 -0.173291 -0.032207
v 0.045234 -0.166387 -0.031022
v 0.044625 -0.159399 -0.030035
v 0.059479 -0.203869 -0.047265
v 0.053575 -0.197846 -0.045486
v 0.049582 -0.191860 -0.043730
v 0.046676 -0.185624 -0.042020
v 0.044641 -0.179056 -0.040403
v 0.043186 -0.172310 -0.038862
v 0.042180 -0.165451 -0.037512
v 0.054232 -0.203065 -0.056204
v 0.048941 -0.197149 -0.053778
v 0.045167 -0.191000 -0.051459
v 0.042346 -0.184613 -0.049200
v 0.040363 -0.177986 -0.047122
v 0.038990 -0.171240 -0.045272
v 0.047759 -0.202581 -0.064990
v 0.042978 -0.196596 -0.061810
v 0.039442 -0.190239 -0.058747
v 0.036805 -0.183658 -0.055877
v 0.034983 -0.176900 -0.053368
v 0.040309 -0.202571 -0.072878
v 0.035973 -0.196285 -0.068774
v 0.032737 -0.189630 -0.064979
v 0.030339 -0.182827 -0.061575
v 0.031712 -0.202460 -0.079020
v 0.028077 -0.196061 -0.074145
v 0.025193 -0.189237 -0.069755
v 0.021952 -0.202175 -0.083316
v 0.019356 -0.195724 -0.078175
v 0.011287 -0.201851 -0.086053
v -0.007726 -0.018132 0.146197
v -0.008676 -0.025902 0.145361
v -0.003356 -0.033532 0.149455
v -0.021640 -0.240709 -0.004397
v -0.018984 -0.240689 -0.000878
v -0.023034 -0.240587 0.004211
v 0.004752 -0.038716 0.150508
v 0.013974 -0.037974 0.145452
v 0.013094 -0.032268 0.142569
v 0.012002 -0.025479 0.140663
v -0.013824 0.026615 0.112596
v -0.014802 0.031909 0.112444
v -0.009464 0.018705 0.116953
v -0.009850 0.023098 0.115543
v -0.010450 0.027300 0.114730
v -0.007431 0.009737 0.125575
v -0.006738 0.014756 0.121643
v -0.006562 0.019449 0.119105
v -0.006726 0.023800 0.117743
v -0.007480 -0.005444 0.143122
v -0.006468 0.000110 0.138644
v -0.005240 0.005455 0.133031
v -0.004425 0.010590 0.127699
v -0.003887 0.015269 0.123419
v -0.003647 0.019805 0.120716
v -0.002212 -0.005115 0.145347
v -0.002094 0.000579 0.140606
v -0.001667 0.005695 0.134516
v -0.001272 0.010610 0.128843
v -0.000946 0.015205 0.124376
v 0.002175 -0.000056 0.140448
v 0.001967 0.004812 0.134530
v 0.001982 0.009661 0.128794
v 0.005527 0.002707 0.133083
v 0.017033 -0.068005 -0.098181
v 0.017368 -0.059282 -0.105776
v 0.017000 -0.048201 -0.114105
v 0.006876 -0.088086 -0.082592
v 0.007176 -0.081875 -0.087546
v 0.007483 -0.075142 -0.093010
v 0.007800 -0.067763 -0.099169
v 0.008042 -0.059580 -0.106492
v -0.001355 -0.104377 -0.070778
v -0.001534 -0.099087 -0.074386
v -0.001692 -0.093620 -0.078495
v -0.001830 -0.087842 -0.083036
v -0.001942 -0.081651 -0.087992
v -0.002002 -0.075013 -0.093451
v -0.001942 -0.067744 -0.099403
v -0.001802 -0.059839 -0.106266
v -0.008633 -0.119131 -0.062383
v -0.008802 -0.114096 -0.064364
v -0.009040 -0.109103 -0.066895
v -0.009362 -0.104007 -0.069913
v -0.009792 -0.098829 -0.073550
v -0.010292 -0.093436 -0.077684
v -0.010839 -0.087703 -0.082256
v -0.011412 -0.081598 -0.087332
v -0.011955 -0.075085 -0.092961
v -0.012298 -0.067846 -0.098865
v -0.015334 -0.134880 -0.057491
v -0.015656 -0.129362 -0.058126
v -0.015976 -0.124018 -0.059239
v -0.016345 -0.118864 -0.060924
v -0.016708 -0.113793 -0.062931
v -0.017112 -0.108772 -0.065387
v -0.017611 -0.103731 -0.068372
v -0.018245 -0.098602 -0.071913
v -0.019027 -0.093291 -0.075994
v -0.019929 -0.087644 -0.080565
v -0.020910 -0.081566 -0.085641
v -0.021929 -0.074986 -0.091260
v -0.021273 -0.153169 -0.056261
v -0.021567 -0.146912 -0.055319
v -0.021952 -0.140866 -0.054895
v -0.022397 -0.135012 -0.055010
v -0.022860 -0.129343 -0.055646
v -0.023328 -0.123847 -0.056747
v -0.023870 -0.118549 -0.058406
v -0.024425 -0.113382 -0.060460
v -0.025018 -0.108294 -0.062925
v -0.025684 -0.103199 -0.065811
v -0.026515 -0.098076 -0.069234
v -0.027508 -0.092761 -0.073148
v -0.028663 -0.087101 -0.077558
v -0.029979 -0.081032 -0.082568
v -0.031400 -0.074443 -0.088203
v -0.029841 -0.180226 -0.061467
v -0.028804 -0.173467 -0.058530
v -0.028178 -0.166758 -0.056016
v -0.027906 -0.160163 -0.053995
v -0.027946 -0.153686 -0.052547
v -0.028232 -0.147355 -0.051665
v -0.028668 -0.141169 -0.051312
v -0.029198 -0.135130 -0.051489
v -0.029763 -0.129253 -0.052175
v -0.030323 -0.123539 -0.053253
v -0.030990 -0.118041 -0.054870
v -0.031692 -0.112706 -0.056884
v -0.032452 -0.107494 -0.059286
v -0.033319 -0.102335 -0.062083
v -0.034348 -0.097173 -0.065360
v -0.035512 -0.091810 -0.069085
v -0.036870 -0.086144 -0.073370
v -0.038431 -0.080073 -0.078294
v -0.041049 -0.192917 -0.061239
v -0.038593 -0.186982 -0.058246
v -0.036802 -0.180584 -0.055457
v -0.035525 -0.174005 -0.052901
v -0.034683 -0.167381 -0.050657
v -0.034236 -0.160774 -0.048832
v -0.034097 -0.154228 -0.047467
v -0.034341 -0.147748 -0.046732
v -0.034763 -0.141358 -0.046477
v -0.035304 -0.135072 -0.046690
v -0.035947 -0.128932 -0.047378
v -0.036640 -0.122977 -0.048505
v -0.037493 -0.117271 -0.050156
v -0.038336 -0.111731 -0.052097
v -0.039265 -0.106363 -0.054379
v -0.040318 -0.101085 -0.057027
v -0.041539 -0.095816 -0.060145
v -0.042888 -0.090380 -0.063754
v -0.044427 -0.084665 -0.067945
v -0.046155 -0.078549 -0.072774
v -0.045003 -0.187380 -0.050422
v -0.042929 -0.181163 -0.048260
v -0.041421 -0.174692 -0.046185
v -0.040405 -0.168074 -0.044317
v -0.039817 -0.161380 -0.042758
v -0.039569 -0.154675 -0.041581
v -0.039708 -0.147997 -0.040928
v -0.040096 -0.141386 -0.040740
v -0.040665 -0.134856 -0.040985
v -0.041389 -0.128447 -0.041646
v -0.042291 -0.122237 -0.042782
v -0.043282 -0.116264 -0.044317
v -0.044287 -0.110514 -0.046132
v -0.045397 -0.104981 -0.048257
v -0.046677 -0.099578 -0.050785
v -0.048093 -0.094159 -0.053781
v -0.049613 -0.088573 -0.057294
v -0.051309 -0.082732 -0.061413
v -0.047483 -0.181922 -0.040376
v -0.045900 -0.175444 -0.038804
v -0.044787 -0.168772 -0.037324
v -0.044139 -0.161956 -0.036039
v -0.043904 -0.155061 -0.035051
v -0.044019 -0.148166 -0.034447
v -0.044393 -0.141328 -0.034231
v -0.045016 -0.134562 -0.034420
v -0.045899 -0.127894 -0.035012
v -0.046941 -0.121383 -0.035987
v -0.048086 -0.115110 -0.037328
v -0.049292 -0.109110 -0.038975
v -0.050591 -0.103347 -0.040941
v -0.052027 -0.097704 -0.043323
v -0.053660 -0.092081 -0.046241
v -0.055380 -0.086296 -0.049710
v -0.047874 -0.169382 -0.029985
v -0.047214 -0.162494 -0.028938
v -0.047013 -0.155474 -0.028064
v -0.047126 -0.148406 -0.027431
v -0.047597 -0.141355 -0.027132
v -0.048334 -0.134356 -0.027191
v -0.049331 -0.127418 -0.027605
v -0.050537 -0.120592 -0.028384
v -0.051916 -0.113988 -0.029535
v -0.053352 -0.107670 -0.031006
v -0.054857 -0.101615 -0.032827
v -0.056465 -0.095683 -0.035088
v -0.058245 -0.089745 -0.037895
v -0.060113 -0.083655 -0.041300
v -0.049301 -0.163016 -0.021491
v -0.049145 -0.155931 -0.020721
v -0.049284 -0.148747 -0.020070
v -0.049808 -0.141519 -0.019654
v -0.050672 -0.134283 -0.019553
v -0.051787 -0.127051 -0.019769
v -0.053121 -0.119869 -0.020331
v -0.054661 -0.112863 -0.021254
v -0.056321 -0.106160 -0.022528
v -0.058041 -0.099762 -0.024185
v -0.059839 -0.093521 -0.026322
v -0.061745 -0.087231 -0.029010
v -0.050540 -0.149108 -0.012457
v -0.051236 -0.141730 -0.012005
v -0.052228 -0.134278 -0.011782
v -0.053440 -0.126755 -0.011819
v -0.054896 -0.119217 -0.012152
v -0.056666 -0.111820 -0.012822
v -0.058507 -0.104711 -0.013835
v -0.060366 -0.097928 -0.015262
v -0.062307 -0.091348 -0.017231
v -0.064401 -0.084746 -0.019825
v -0.052324 -0.141952 -0.004307
v -0.053326 -0.134318 -0.003992
v -0.054615 -0.126577 -0.003847
v -0.056239 -0.118773 -0.003901
v -0.058085 -0.111012 -0.004196
v -0.060010 -0.103500 -0.004856
v -0.062032 -0.096347 -0.006015
v -0.064237 -0.089442 -0.007821
v -0.053153 -0.134361 0.004025
v -0.054508 -0.126485 0.004398
v -0.056082 -0.118452 0.004700
v -0.058056 -0.110346 0.004846
v -0.060288 -0.102433 0.004592
v -0.062617 -0.094879 0.003654
v -0.055152 -0.118396 0.013606
v -0.057361 -0.109898 0.014271
v -0.059838 -0.101391 0.014479
v -0.062523 -0.093268 0.013593
v -0.056562 -0.109724 0.023840
v -0.059347 -0.100267 0.024711
v -0.030433 0.021150 -0.130145
v -0.038058 0.024406 -0.127015
v -0.044771 0.027948 -0.123496
v -0.050919 0.031754 -0.119186
v -0.056609 0.035811 -0.114256
v -0.061643 0.039986 -0.108735
v -0.065881 0.044166 -0.102844
v -0.069316 0.048358 -0.096775
v -0.072013 0.052721 -0.090497
v -0.073808 0.057419 -0.083670
v -0.074756 0.062658 -0.076197
v -0.075026 0.068171 -0.067983
v -0.074803 0.073241 -0.059060
v -0.074336 0.077484 -0.049755
v -0.073815 0.080865 -0.040336
v -0.040847 0.015708 -0.126329
v -0.048350 0.018770 -0.122392
v -0.055334 0.022327 -0.117689
v -0.061735 0.026186 -0.112213
v -0.067307 0.030190 -0.106118
v -0.071823 0.034249 -0.099692
v -0.075451 0.038417 -0.093307
v -0.078308 0.042878 -0.086858
v -0.080245 0.047758 -0.079872
v -0.081321 0.053176 -0.072224
v -0.081585 0.058732 -0.063967
v -0.081387 0.063649 -0.055321
v -0.081025 0.067630 -0.046512
v -0.080530 0.070789 -0.037597
v -0.049985 0.008700 -0.121056
v -0.057614 0.012049 -0.115997
v -0.064586 0.015700 -0.110092
v -0.070622 0.019456 -0.103439
v -0.075562 0.023292 -0.096523
v -0.079402 0.027362 -0.089747
v -0.082279 0.031883 -0.083057
v -0.084390 0.036927 -0.076091
v -0.085748 0.042475 -0.068565
v -0.086310 0.048048 -0.060503
v -0.086215 0.052782 -0.052158
v -0.085946 0.056619 -0.043784
v -0.085501 0.059886 -0.035302
v -0.050226 -0.002351 -0.119469
v -0.058428 0.000698 -0.114131
v -0.065807 0.004065 -0.107986
v -0.072051 0.007512 -0.100875
v -0.077287 0.011036 -0.093418
v -0.081321 0.014985 -0.086083
v -0.084379 0.019599 -0.079088
v -0.086635 0.024788 -0.072145
v -0.088119 0.030348 -0.064952
v -0.088937 0.035810 -0.057422
v -0.089201 0.040563 -0.049614
v -0.089169 0.044556 -0.041592
v -0.088933 0.048233 -0.033328
v -0.058182 -0.010928 -0.111893
v -0.065705 -0.007974 -0.105505
v -0.072118 -0.004873 -0.098283
v -0.077618 -0.001592 -0.090478
v -0.081851 0.002311 -0.082478
v -0.085043 0.007008 -0.074949
v -0.087457 0.012226 -0.067907
v -0.089147 0.017654 -0.061063
v -0.090196 0.022977 -0.054196
v -0.090822 0.027828 -0.047089
v -0.091053 0.032225 -0.039496
v -0.091037 0.036497 -0.031368
v -0.064989 -0.019069 -0.102398
v -0.071556 -0.016276 -0.095130
v -0.077008 -0.013040 -0.087040
v -0.081460 -0.009152 -0.078659
v -0.084808 -0.004519 -0.070682
v -0.087289 0.000539 -0.063436
v -0.089084 0.005719 -0.056770
v -0.090342 0.010845 -0.050387
v -0.091260 0.015812 -0.043887
v -0.091796 0.020683 -0.036804
v -0.092004 0.025557 -0.028972
v -0.070638 -0.026238 -0.091154
v -0.076114 -0.022980 -0.082920
v -0.080558 -0.019068 -0.074348
v -0.084032 -0.014582 -0.066141
v -0.086594 -0.009750 -0.058715
v -0.088329 -0.004791 -0.052059
v -0.089708 0.000145 -0.045950
v -0.090890 0.005150 -0.039892
v -0.091774 0.010379 -0.033307
v -0.092032 0.015717 -0.025935
v -0.069438 -0.035331 -0.086481
v -0.074960 -0.032052 -0.078062
v -0.079402 -0.028125 -0.069393
v -0.082767 -0.023688 -0.061035
v -0.085407 -0.018988 -0.053467
v -0.087181 -0.014139 -0.046760
v -0.088640 -0.009328 -0.040791
v -0.090101 -0.004354 -0.035080
v -0.091021 0.001124 -0.028968
v -0.091387 0.006767 -0.022159
v -0.073269 -0.040644 -0.072461
v -0.077694 -0.036741 -0.063680
v -0.081071 -0.032326 -0.055190
v -0.083709 -0.027617 -0.047422
v -0.085673 -0.022823 -0.040592
v -0.087336 -0.018122 -0.034661
v -0.088804 -0.013152 -0.029205
v -0.089677 -0.007504 -0.023570
v -0.075557 -0.044981 -0.057571
v -0.078965 -0.040584 -0.048819
v -0.081544 -0.035877 -0.040704
v -0.083653 -0.031248 -0.033563
v -0.085579 -0.026781 -0.027478
v -0.086933 -0.021868 -0.022131
v -0.087684 -0.016245 -0.016949
v -0.076575 -0.048528 -0.042539
v -0.079204 -0.044103 -0.034018
v -0.081321 -0.039838 -0.026346
v -0.083206 -0.035679 -0.019734
v -0.084441 -0.030962 -0.014095
v -0.085306 -0.025610 -0.009034
v -0.074032 -0.056228 -0.036752
v -0.076552 -0.052216 -0.027845
v -0.078688 -0.048450 -0.019594
v -0.080430 -0.044653 -0.012247
v -0.081552 -0.040230 -0.005928
v -0.082468 -0.035209 -0.000425
v -0.073859 -0.060129 -0.022379
v -0.075821 -0.056816 -0.013664
v -0.077381 -0.053415 -0.005695
v -0.078455 -0.049384 0.001354
v -0.079381 -0.044735 0.007571
v -0.073031 -0.064956 -0.008592
v -0.074283 -0.061872 -0.000151
v -0.075249 -0.058173 0.007499
v -0.076338 -0.053875 0.014443
v -0.071234 -0.069982 0.004576
v -0.072152 -0.066537 0.012699
v -0.073377 -0.062453 0.020270
v -0.068286 -0.077800 0.008533
v -0.069090 -0.074602 0.017112
v -0.070320 -0.070604 0.025199
v -0.065933 -0.082701 0.020745
v -0.067055 -0.078789 0.029415
v -0.063386 -0.087623 0.033054
v -0.026077 -0.240594 0.000172
v -0.027978 -0.240471 0.008877
v 0.021975 -0.037574 0.137646
v 0.019847 -0.031010 0.136738
v 0.017613 -0.024085 0.135685
v 0.015588 -0.016739 0.134461
v 0.020125 -0.015879 0.130723
v 0.017499 -0.009308 0.128710
v 0.013516 -0.009349 0.132468
v 0.014426 -0.002787 0.126018
v 0.015636 0.002950 0.120164
v -0.006851 0.028017 0.117011
v -0.003445 0.024117 0.119181
v -0.000615 0.019643 0.121364
v -0.000180 0.023852 0.119470
v 0.002068 0.014295 0.124079
v 0.002363 0.018769 0.120740
v 0.005175 0.007698 0.127548
v 0.004987 0.012726 0.122836
v 0.008599 0.005245 0.125386
v 0.007748 0.010824 0.120931
v 0.012168 0.003641 0.122685
v -0.078096 -0.217003 -0.063189
v -0.075302 -0.213500 -0.058515
v -0.087515 -0.219563 -0.049324
v -0.083379 -0.215311 -0.047851
v -0.091592 -0.219961 -0.039044
v -0.094341 -0.220178 -0.028885
v -0.098797 -0.227743 -0.006113
v -0.016118 0.109133 -0.051395
v -0.028831 0.106528 -0.050563
v -0.041454 0.102505 -0.048861
v -0.053642 0.097031 -0.046299
v 0.055294 0.093124 -0.049481
v 0.045120 0.098020 -0.052744
v 0.034125 0.101937 -0.055661
v 0.022391 0.104663 -0.057984
v 0.010192 0.106249 -0.059659
v -0.002338 0.106586 -0.060633
v -0.015139 0.105503 -0.060847
v -0.028167 0.102980 -0.060258
v -0.041242 0.098913 -0.058749
v 0.088938 0.028158 -0.036528
v 0.087428 0.040682 -0.039905
v 0.084527 0.053378 -0.042559
v 0.079579 0.065178 -0.045476
v 0.073092 0.075370 -0.049030
v 0.065391 0.083537 -0.052884
v 0.056429 0.089717 -0.056556
v 0.046429 0.094500 -0.059960
v 0.035578 0.098326 -0.063043
v 0.023933 0.100949 -0.065581
v 0.011747 0.102469 -0.067559
v -0.000863 0.102718 -0.068858
v -0.013841 0.101646 -0.069413
v -0.027216 0.099167 -0.069165
v 0.079166 -0.038351 0.008301
v 0.081976 -0.028829 -0.001320
v 0.084772 -0.018952 -0.011407
v 0.087085 -0.008873 -0.021422
v 0.088597 0.001482 -0.029977
v 0.089085 0.012526 -0.036423
v 0.088827 0.024564 -0.041298
v 0.087597 0.037369 -0.044983
v 0.084865 0.050198 -0.047872
v 0.080225 0.062022 -0.050975
v 0.073970 0.072085 -0.054858
v 0.066349 0.080018 -0.059073
v 0.057550 0.086119 -0.063001
v 0.047702 0.090817 -0.066499
v 0.037010 0.094543 -0.069678
v 0.025498 0.097072 -0.072356
v 0.013394 0.098551 -0.074568
v 0.000761 0.098766 -0.076165
v -0.012389 0.097653 -0.077072
v 0.062027 -0.086182 0.034214
v 0.065647 -0.077160 0.029867
v 0.068911 -0.068916 0.024598
v 0.072023 -0.060603 0.018295
v 0.075181 -0.051909 0.011132
v 0.078250 -0.042809 0.002925
v 0.081191 -0.033209 -0.006183
v 0.084220 -0.023241 -0.015979
v 0.086349 -0.012943 -0.025920
v 0.087704 -0.002344 -0.034447
v 0.088456 0.008908 -0.040826
v 0.088557 0.021152 -0.045700
v 0.087557 0.034068 -0.049618
v 0.085081 0.046905 -0.052822
v 0.080800 0.058698 -0.056122
v 0.074739 0.068579 -0.060205
v 0.067220 0.076345 -0.064685
v 0.058543 0.082356 -0.068814
v 0.048881 0.087049 -0.072429
v 0.038354 0.090658 -0.075641
v 0.027053 0.093184 -0.078438
v 0.015089 0.094653 -0.080822
v 0.002455 0.094773 -0.082610
v -0.010894 0.093637 -0.083886
v 0.064576 -0.081131 0.021648
v 0.067803 -0.072883 0.017086
v 0.071038 -0.064530 0.011447
v 0.074384 -0.055836 0.004913
v 0.077335 -0.046639 -0.002680
v 0.080184 -0.036963 -0.011230
v 0.083148 -0.026970 -0.020674
v 0.085279 -0.016601 -0.030496
v 0.086742 -0.005845 -0.038995
v 0.087748 0.005600 -0.045248
v 0.088107 0.017962 -0.049976
v 0.087329 0.030853 -0.053960
v 0.085165 0.043579 -0.057432
v 0.081226 0.055235 -0.060939
v 0.075372 0.064957 -0.065142
v 0.067993 0.072586 -0.069768
v 0.059439 0.078527 -0.074057
v 0.049963 0.083217 -0.077800
v 0.039621 0.086721 -0.081034
v 0.028565 0.089261 -0.083921
v 0.016751 0.090681 -0.086389
v 0.004109 0.090759 -0.088348
v 0.070332 -0.067934 0.004133
v 0.073480 -0.059187 -0.001732
v 0.076164 -0.049947 -0.008688
v 0.078969 -0.040350 -0.016683
v 0.081859 -0.030450 -0.025723
v 0.084068 -0.020087 -0.035357
v 0.085806 -0.009173 -0.043789
v 0.086965 0.002521 -0.049859
v 0.087471 0.014955 -0.054325
v 0.086907 0.027739 -0.058175
v 0.085102 0.040275 -0.061756
v 0.081428 0.051718 -0.065416
v 0.075848 0.061305 -0.069700
v 0.068638 0.068829 -0.074389
v 0.060209 0.074674 -0.078782
v 0.050911 0.079273 -0.082631
v 0.040824 0.082748 -0.085953
v 0.030007 0.085269 -0.088915
v 0.018312 0.086658 -0.091473
v 0.074520 -0.052977 -0.015400
v 0.077396 -0.043603 -0.022783
v 0.080294 -0.033874 -0.031335
v 0.082795 -0.023545 -0.040668
v 0.084747 -0.012363 -0.048928
v 0.086004 -0.000369 -0.054773
v 0.086620 0.012116 -0.058905
v 0.086277 0.024761 -0.062431
v 0.084759 0.037053 -0.065855
v 0.081382 0.048254 -0.069531
v 0.076155 0.057709 -0.073876
v 0.069114 0.065121 -0.078597
v 0.060860 0.070862 -0.083095
v 0.051737 0.075284 -0.087027
v 0.041934 0.078717 -0.090503
v 0.031303 0.081137 -0.093542
v 0.078655 -0.037476 -0.037718
v 0.081298 -0.026993 -0.046548
v 0.083443 -0.015412 -0.054486
v 0.084877 -0.003099 -0.060093
v 0.085590 0.009453 -0.063829
v 0.085417 0.021978 -0.066850
v 0.084159 0.034027 -0.069857
v 0.081094 0.044949 -0.073298
v 0.076154 0.054207 -0.077625
v 0.069357 0.061487 -0.082410
v 0.061360 0.067057 -0.087039
v 0.052458 0.071257 -0.091106
v 0.042881 0.074536 -0.094764
v 0.079509 -0.030470 -0.053153
v 0.081865 -0.018362 -0.060597
v 0.083424 -0.005650 -0.065889
v 0.084287 0.007036 -0.069149
v 0.084328 0.019484 -0.071509
v 0.083368 0.031292 -0.073875
v 0.080654 0.041930 -0.076811
v 0.076019 0.050936 -0.080992
v 0.069459 0.057970 -0.085852
v 0.061683 0.063220 -0.090643
v 0.053044 0.067151 -0.094995
v 0.081338 -0.007966 -0.072255
v 0.082397 0.004985 -0.074882
v 0.082761 0.017381 -0.076421
v 0.082188 0.028911 -0.077940
v 0.079993 0.039235 -0.080111
v 0.075759 0.047904 -0.083949
v 0.069423 0.054508 -0.088930
v 0.061912 0.059303 -0.094075
v 0.080655 0.015693 -0.081893
v 0.080592 0.026956 -0.082348
v 0.079079 0.036910 -0.083409
v 0.075254 0.045094 -0.086558
v 0.069337 0.050953 -0.091883
v 0.077567 0.034819 -0.087593
v 0.074608 0.042269 -0.089419
v 0.004155 -0.241128 -0.022851
v -0.000328 -0.241160 -0.025806
v -0.001484 -0.241135 -0.029742
v -0.005269 -0.241143 -0.028312
v -0.006704 -0.241103 -0.032463
v -0.008395 -0.241026 -0.037005
v -0.010866 -0.241096 -0.029718
v -0.012942 -0.241039 -0.033437
v -0.015786 -0.240934 -0.037155
v -0.019531 -0.240788 -0.040728
v -0.016800 -0.241014 -0.028963
v -0.019705 -0.240949 -0.031676
v -0.023553 -0.240779 -0.033950
v -0.022371 -0.240891 -0.026485
v -0.039453 0.032412 0.107457
v -0.038242 0.036141 0.106760
v -0.042962 0.037890 0.105563
v -0.048334 0.038749 0.103621
v -0.036309 0.040061 0.107043
v -0.041666 0.042315 0.105467
v -0.047762 0.043868 0.103220
v -0.053871 0.044564 0.100110
v -0.059493 0.043951 0.095941
v -0.039733 0.046773 0.105760
v -0.046226 0.049083 0.102989
v -0.052643 0.050729 0.099228
v -0.058589 0.050871 0.094474
v -0.064008 0.049575 0.088863
v -0.069020 0.047889 0.081443
v -0.037185 0.051294 0.105981
v -0.043727 0.054294 0.102783
v -0.050210 0.056761 0.098291
v -0.056630 0.057775 0.092960
v -0.062409 0.057005 0.086908
v -0.067448 0.055390 0.079632
v -0.071932 0.054567 0.070201
v -0.034298 0.056162 0.105942
v -0.040661 0.059498 0.102187
v -0.047377 0.062512 0.097220
v -0.054242 0.064211 0.091265
v -0.060279 0.064042 0.084613
v -0.065436 0.062878 0.077387
v -0.069706 0.062350 0.068638
v -0.073233 0.062886 0.058295
v -0.076257 0.063564 0.047296
v -0.031122 0.061653 0.105259
v -0.037461 0.064981 0.101302
v -0.044540 0.068283 0.095979
v -0.051771 0.070526 0.089498
v -0.057906 0.070996 0.082294
v -0.062980 0.070530 0.074940
v -0.066946 0.070468 0.066669
v -0.070258 0.071130 0.057033
v -0.073193 0.071844 0.046433
v -0.075837 0.072157 0.035474
v -0.078273 0.072014 0.024458
v -0.034267 0.070711 0.100009
v -0.041653 0.074224 0.094456
v -0.048998 0.077038 0.087603
v -0.055040 0.078255 0.080008
v -0.059766 0.078584 0.072460
v -0.063433 0.079014 0.064393
v -0.066538 0.079668 0.055108
v -0.069389 0.080221 0.044735
v -0.071980 0.080498 0.033833
v -0.074265 0.080413 0.022756
v -0.076402 0.080029 0.011690
v -0.078026 0.079108 0.000795
v -0.031166 0.076282 0.098594
v -0.038561 0.080216 0.092837
v -0.045595 0.083720 0.085558
v -0.051174 0.085755 0.077660
v -0.055467 0.086901 0.069887
v -0.058820 0.087693 0.061682
v -0.061710 0.088243 0.052400
v -0.064335 0.088613 0.042140
v -0.066708 0.088818 0.031372
v -0.068803 0.088815 0.020387
v -0.070762 0.088740 0.009374
v -0.072016 0.088123 -0.001487
v -0.072436 0.086779 -0.011821
v -0.072868 0.085261 -0.021554
v -0.028163 0.081378 0.097238
v -0.034934 0.085973 0.091291
v -0.041217 0.090305 0.083576
v -0.046226 0.093232 0.075499
v -0.049884 0.094858 0.067251
v -0.052847 0.095812 0.058625
v -0.055431 0.096355 0.049208
v -0.057706 0.096727 0.039077
v -0.059640 0.096881 0.028508
v -0.061391 0.097002 0.017734
v -0.062955 0.097210 0.006927
v -0.064149 -0.208203 -0.056476
v -0.056077 -0.203128 -0.056482
v -0.077247 -0.212196 -0.046502
v -0.068888 -0.208536 -0.046784
v -0.086654 -0.215724 -0.038389
v -0.080127 -0.212500 -0.037558
v -0.089092 -0.216032 -0.028575
v -0.096099 -0.220518 -0.017866
v -0.098224 -0.228277 0.005175
v -0.044188 -0.198275 -0.064293
v -0.051246 -0.198246 -0.054742
v -0.047768 -0.193109 -0.052631
v -0.061514 -0.203873 -0.046428
v -0.056376 -0.198960 -0.045181
v -0.052640 -0.193763 -0.043643
v -0.049712 -0.188071 -0.042010
v -0.072227 -0.209013 -0.037291
v -0.065105 -0.204531 -0.036867
v -0.059832 -0.199677 -0.035949
v -0.055990 -0.194439 -0.034806
v -0.053043 -0.188724 -0.033585
v -0.050731 -0.182584 -0.032338
v -0.049041 -0.176095 -0.031131
v -0.082295 -0.212886 -0.027999
v -0.074432 -0.209419 -0.027710
v -0.067316 -0.205160 -0.027384
v -0.062019 -0.200312 -0.026778
v -0.058165 -0.195044 -0.025989
v -0.055163 -0.189332 -0.025109
v -0.052909 -0.183160 -0.024190
v -0.051179 -0.176667 -0.023254
v -0.049950 -0.169941 -0.022340
v -0.090703 -0.216197 -0.017843
v -0.083609 -0.213132 -0.017904
v -0.075792 -0.209793 -0.018117
v -0.068710 -0.205734 -0.018076
v -0.063376 -0.200868 -0.017726
v -0.059371 -0.195607 -0.017192
v -0.056386 -0.189862 -0.016581
v -0.054125 -0.183710 -0.015910
v -0.052404 -0.177237 -0.015184
v -0.051211 -0.170497 -0.014454
v -0.050533 -0.163536 -0.013748
v -0.050336 -0.156393 -0.013073
v -0.096754 -0.220789 -0.006439
v -0.091049 -0.216018 -0.006782
v -0.083747 -0.212875 -0.007594
v -0.076290 -0.209643 -0.008501
v -0.069527 -0.205909 -0.008905
v -0.064198 -0.201258 -0.008838
v -0.060153 -0.195972 -0.008513
v -0.057064 -0.190241 -0.008072
v -0.054804 -0.184106 -0.007578
v -0.053175 -0.177655 -0.007037
v -0.052045 -0.170938 -0.006463
v -0.051421 -0.163976 -0.005873
v -0.051276 -0.156804 -0.005296
v -0.051556 -0.149448 -0.004753
v -0.096284 -0.220859 0.004733
v -0.090160 -0.215897 0.003883
v -0.082657 -0.212835 0.002525
v -0.075529 -0.209757 0.001152
v -0.069291 -0.206117 0.000306
v -0.064347 -0.201488 0.000024
v -0.060392 -0.196250 0.000083
v -0.057293 -0.190522 0.000355
v -0.054945 -0.184401 0.000723
v -0.053265 -0.177959 0.001131
v -0.052100 -0.171259 0.001578
v -0.051465 -0.164307 0.002086
v -0.051292 -0.157120 0.002610
v -0.051549 -0.149715 0.003132
v -0.052166 -0.142115 0.003613
v -0.073890 -0.210484 0.010496
v -0.067861 -0.206952 0.009311
v -0.063036 -0.202358 0.008672
v -0.059260 -0.197021 0.008460
v -0.056300 -0.191170 0.008555
v -0.054023 -0.184925 0.008814
v -0.052371 -0.178384 0.009146
v -0.051201 -0.171630 0.009534
v -0.050549 -0.164653 0.009997
v -0.050364 -0.157451 0.010526
v -0.050582 -0.150018 0.011097
v -0.051289 -0.142384 0.011689
v -0.052367 -0.134592 0.012286
v -0.053664 -0.126635 0.012920
v -0.049614 -0.165062 0.017689
v -0.049486 -0.157880 0.018277
v -0.049740 -0.150471 0.018937
v -0.050450 -0.142861 0.019680
v -0.051525 -0.135098 0.020514
v -0.052786 -0.127134 0.021456
v -0.054241 -0.118733 0.022549
v -0.018243 -0.102178 0.136567
v -0.021370 -0.100536 0.137968
v -0.024740 -0.101190 0.132159
v -0.027569 -0.101893 0.126009
v -0.023701 -0.098317 0.139490
v -0.027938 -0.098491 0.133651
v -0.031767 -0.098638 0.127480
v -0.035241 -0.098758 0.121119
v -0.038501 -0.098858 0.114385
v -0.025252 -0.095785 0.141011
v -0.029986 -0.095424 0.135299
v -0.034426 -0.094842 0.129271
v -0.038728 -0.094171 0.123067
v -0.043109 -0.093225 0.116274
v -0.048051 -0.091526 0.107928
v -0.026135 -0.093014 0.142412
v -0.031003 -0.092111 0.136899
v -0.035700 -0.090861 0.131199
v -0.040299 -0.089381 0.125364
v -0.045036 -0.087468 0.119017
v -0.026344 -0.090055 0.143726
v -0.031185 -0.088650 0.138595
v -0.035756 -0.086720 0.133310
v -0.040266 -0.084507 0.128001
v -0.025843 -0.086961 0.145023
v -0.030342 -0.085006 0.140422
v -0.034558 -0.082445 0.135696
v -0.024696 -0.083851 0.146179
v -0.028465 -0.081352 0.142304
v 0.025951 -0.028675 0.132498
v 0.022820 -0.022358 0.131888
v 0.025254 -0.014162 0.127804
v 0.021986 -0.008442 0.125955
v 0.018696 -0.002747 0.123290
v 0.022864 -0.001733 0.120865
v 0.019221 0.003300 0.118214
v 0.018693 0.008863 0.114192
v -0.061715 -0.089491 0.046445
v -0.064169 -0.082507 0.054726
v -0.062948 -0.083079 0.066418
v -0.066137 -0.076452 0.061947
v -0.069004 -0.069560 0.057215
v -0.064305 -0.077803 0.072687
v -0.067359 -0.070724 0.068312
v -0.069973 -0.063587 0.063460
v -0.061546 -0.081056 0.082949
v -0.065188 -0.072886 0.078627
v -0.068419 -0.065458 0.074336
v -0.070925 -0.057913 0.069444
v -0.073360 -0.050402 0.064038
v -0.061495 -0.076650 0.089168
v -0.065195 -0.068281 0.084510
v -0.068306 -0.060524 0.080212
v -0.071017 -0.052628 0.075401
v -0.073480 -0.044797 0.069947
v -0.061222 -0.071735 0.095700
v -0.065016 -0.063896 0.090696
v -0.067994 -0.055908 0.086232
v -0.070711 -0.047637 0.081445
v -0.073183 -0.039454 0.075907
v -0.075471 -0.031816 0.069212
v -0.063325 -0.059523 0.097202
v -0.066681 -0.051597 0.092584
v -0.069788 -0.043091 0.087756
v -0.072531 -0.034558 0.082049
v -0.074848 -0.026595 0.075209
v -0.064743 -0.047652 0.099452
v -0.068038 -0.039008 0.094330
v -0.070943 -0.030149 0.088336
v -0.073414 -0.021827 0.081414
v -0.075334 -0.014262 0.074073
v -0.065532 -0.035043 0.100952
v -0.068915 -0.025980 0.094795
v -0.071464 -0.017413 0.088062
v -0.072902 -0.009754 0.081163
v -0.065672 -0.022068 0.101352
v -0.068342 -0.013343 0.095130
v -0.069159 -0.005745 0.088877
v -0.069894 0.001020 0.083654
v -0.063790 -0.009905 0.102051
v -0.064206 -0.002420 0.096461
v -0.064394 0.003979 0.092147
v -0.058664 -0.000083 0.102841
v -0.058719 0.006088 0.099293
v -0.059092 0.011336 0.097250
v -0.053707 0.007657 0.104446
v -0.054425 0.012982 0.102900
v -0.050456 0.014364 0.106634
v -0.051360 0.019200 0.105531
v -0.047330 0.020196 0.108019
v -0.043780 0.025152 0.108505
v 0.015402 -0.035389 -0.121677
v 0.011986 -0.024591 -0.127199
v 0.007738 -0.049701 -0.114433
v 0.006311 -0.038467 -0.121308
v 0.003788 -0.028330 -0.126481
v 0.000742 -0.019345 -0.129986
v -0.002015 -0.010332 -0.132054
v -0.001935 -0.050834 -0.113775
v -0.002870 -0.040587 -0.120284
v -0.004709 -0.030789 -0.125332
v -0.007106 -0.021602 -0.128927
v -0.009673 -0.012337 -0.131443
v -0.012000 -0.003037 -0.132069
v -0.013415 0.005312 -0.131825
v -0.012379 -0.059965 -0.105286
v -0.012496 -0.051529 -0.112360
v -0.013092 -0.042072 -0.118495
v -0.014481 -0.032750 -0.123430
v -0.016474 -0.023752 -0.127056
v -0.018927 -0.014580 -0.129546
v -0.021478 -0.005038 -0.130849
v -0.022997 0.004151 -0.131355
v -0.022889 0.012072 -0.131721
v -0.021554 0.018671 -0.131923
v -0.022777 -0.067750 -0.097301
v -0.023276 -0.059805 -0.103570
v -0.023602 -0.051436 -0.110069
v -0.024162 -0.042621 -0.115929
v -0.025325 -0.033750 -0.120580
v -0.027115 -0.024986 -0.124115
v -0.029343 -0.015746 -0.126501
v -0.031601 -0.005738 -0.128054
v -0.032822 0.004330 -0.128982
v -0.032491 0.013365 -0.129677
v -0.032723 -0.067154 -0.094316
v -0.033760 -0.059133 -0.100595
v -0.034523 -0.050697 -0.106750
v -0.035279 -0.042134 -0.112225
v -0.036337 -0.033505 -0.116506
v -0.037876 -0.024745 -0.119846
v -0.039741 -0.015223 -0.122422
v -0.041254 -0.004652 -0.124132
v -0.041746 0.006000 -0.125320
v -0.040108 -0.073449 -0.083845
v -0.041778 -0.066137 -0.089901
v -0.043285 -0.058084 -0.096106
v -0.044576 -0.049593 -0.102074
v -0.045704 -0.041041 -0.107311
v -0.046808 -0.032436 -0.111444
v -0.048135 -0.023483 -0.114801
v -0.049491 -0.013473 -0.117532
v -0.048029 -0.071923 -0.078242
v -0.049926 -0.064635 -0.084154
v -0.051755 -0.056684 -0.090230
v -0.053423 -0.048244 -0.096057
v -0.054882 -0.039623 -0.101215
v -0.056153 -0.030881 -0.105483
v -0.057339 -0.021556 -0.109059
v -0.053181 -0.076526 -0.066178
v -0.055164 -0.069827 -0.071517
v -0.057238 -0.062577 -0.077288
v -0.059260 -0.054738 -0.083219
v -0.061095 -0.046411 -0.088971
v -0.062716 -0.037794 -0.094202
v -0.064001 -0.028825 -0.098643
v -0.057218 -0.080256 -0.053791
v -0.059274 -0.073939 -0.058532
v -0.061454 -0.067200 -0.063800
v -0.063645 -0.059929 -0.069422
v -0.065828 -0.052165 -0.075268
v -0.067808 -0.043940 -0.081069
v -0.062143 -0.077376 -0.045361
v -0.064329 -0.070836 -0.050023
v -0.066648 -0.063963 -0.055174
v -0.068994 -0.056667 -0.060722
v -0.071227 -0.048878 -0.066552
v -0.063767 -0.080774 -0.032342
v -0.065957 -0.074142 -0.036333
v -0.068338 -0.067330 -0.040913
v -0.070832 -0.060260 -0.046011
v -0.073253 -0.052823 -0.051589
v -0.066592 -0.077924 -0.023094
v -0.068930 -0.070880 -0.027019
v -0.071406 -0.063651 -0.031568
v -0.066388 -0.082465 -0.010355
v -0.068733 -0.075280 -0.013652
v -0.071169 -0.067794 -0.017655
v -0.065177 -0.087616 0.001911
v -0.067762 -0.080351 -0.000744
v -0.070318 -0.072812 -0.004278
v -0.065374 -0.085479 0.011585
v -0.062558 -0.091173 0.023442
v 0.061161 -0.089698 0.025187
v 0.063865 -0.084306 0.012819
v 0.066982 -0.076244 0.009001
v 0.066287 -0.079037 0.000291
v 0.069016 -0.070741 -0.003939
v 0.071724 -0.062006 -0.009123
v 0.067115 -0.073294 -0.012613
v 0.069815 -0.064951 -0.017334
v 0.072757 -0.056240 -0.023032
v 0.075713 -0.047104 -0.029773
v 0.065064 -0.075880 -0.021612
v 0.067629 -0.068087 -0.026106
v 0.070555 -0.059763 -0.031432
v 0.073592 -0.050886 -0.037666
v 0.076620 -0.041260 -0.044984
v 0.065056 -0.071225 -0.035098
v 0.067843 -0.063332 -0.040251
v 0.070915 -0.054712 -0.046199
v 0.074010 -0.045029 -0.053053
v 0.077114 -0.033872 -0.060595
v 0.079611 -0.021185 -0.067438
v 0.064455 -0.066633 -0.049141
v 0.067397 -0.058190 -0.054964
v 0.070571 -0.048447 -0.061583
v 0.073832 -0.036984 -0.068720
v 0.076622 -0.023836 -0.075131
v 0.078573 -0.010045 -0.079423
v 0.079881 0.003289 -0.081306
v 0.062993 -0.061206 -0.063642
v 0.066178 -0.051451 -0.070231
v 0.069558 -0.039757 -0.077262
v 0.072470 -0.026132 -0.083462
v 0.074689 -0.011768 -0.087402
v 0.076387 0.001931 -0.088792
v 0.077594 0.014349 -0.088587
v 0.078117 0.025348 -0.087932
v 0.057512 -0.063666 -0.071950
v 0.060498 -0.054005 -0.078661
v 0.063826 -0.042135 -0.085797
v 0.066852 -0.028044 -0.092048
v 0.069371 -0.013113 -0.095959
v 0.071410 0.000966 -0.097209
v 0.072985 0.013455 -0.096677
v 0.074019 0.024299 -0.095365
v 0.074270 0.033360 -0.093820
v 0.053509 -0.056059 -0.086541
v 0.056581 -0.044103 -0.093945
v 0.059637 -0.029555 -0.100475
v 0.062425 -0.014002 -0.104513
v 0.064701 0.000546 -0.105659
v 0.066681 0.013265 -0.105120
v 0.068046 0.024301 -0.103563
v 0.047714 -0.045446 -0.101204
v 0.050676 -0.030473 -0.108202
v 0.054105 -0.014241 -0.112506
v 0.056943 0.000889 -0.113366
v 0.040105 -0.030404 -0.115112
v 0.044663 -0.013134 -0.119094
v 0.027279 -0.240134 0.027620
v 0.033184 -0.239934 0.035995
v 0.031163 -0.240049 0.024187
v 0.038091 -0.239872 0.031484
v 0.044739 -0.239701 0.037697
v 0.034885 -0.239947 0.020003
v 0.042610 -0.239780 0.025882
v 0.049710 -0.239587 0.031052
v 0.056489 -0.239433 0.035658
v 0.038101 -0.239966 0.014806
v 0.046318 -0.239719 0.019500
v 0.053921 -0.239457 0.023767
v 0.061023 -0.239239 0.027697
v 0.067814 -0.238814 0.031081
v 0.041098 -0.239977 0.009048
v 0.049407 -0.239721 0.012899
v 0.057401 -0.239387 0.016320
v 0.064880 -0.238989 0.019475
v 0.071918 -0.238466 0.022316
v 0.078793 -0.238003 0.024799
v 0.044258 -0.239807 0.002872
v 0.052285 -0.239409 0.006058
v 0.060356 -0.238977 0.008659
v 0.068089 -0.238539 0.010992
v 0.075439 -0.238107 0.013130
v 0.082540 -0.237707 0.015151
v 0.089474 -0.237376 0.016977
v 0.046964 -0.239520 -0.003810
v 0.054683 -0.238985 -0.001309
v 0.062644 -0.238506 0.000554
v 0.070489 -0.238161 0.002121
v 0.078098 -0.237748 0.003509
v 0.085471 -0.237376 0.004810
v 0.092512 -0.237327 0.006080
v 0.097367 -0.232215 0.006824
v 0.048697 -0.239464 -0.010908
v 0.056209 -0.238992 -0.009189
v 0.063973 -0.238456 -0.008023
v 0.071761 -0.237879 -0.007166
v 0.079431 -0.237241 -0.006533
v 0.086915 -0.236849 -0.006088
v 0.094023 -0.236854 -0.005669
v 0.098394 -0.231465 -0.005146
v 0.098523 -0.224513 -0.004791
v 0.049343 -0.239453 -0.018365
v 0.056669 -0.238996 -0.017576
v 0.064197 -0.238470 -0.017190
v 0.071752 -0.237857 -0.017098
v 0.079203 -0.237149 -0.017255
v 0.086494 -0.236430 -0.017660
v 0.093417 -0.235863 -0.018092
v 0.097564 -0.230477 -0.017907
v 0.097129 -0.223815 -0.017045
v 0.093767 -0.218441 -0.015901
v -0.014645 -0.103230 0.135544
v -0.010606 -0.103747 0.135348
v -0.020556 -0.103207 0.131001
v -0.015880 -0.104426 0.130248
v -0.011045 -0.105120 0.129921
v -0.006062 -0.105428 0.129928
v -0.022361 -0.104282 0.125078
v -0.016823 -0.105727 0.124566
v -0.011357 -0.106546 0.124316
v -0.005936 -0.106911 0.124232
v -0.000389 -0.106953 0.124273
v -0.029983 -0.102676 0.119787
v -0.023821 -0.105448 0.119130
v -0.017591 -0.107102 0.118856
v -0.011610 -0.108051 0.118731
v -0.005775 -0.108503 0.118664
v 0.000127 -0.108510 0.118596
v 0.006376 -0.108169 0.118586
v -0.032024 -0.103507 0.113422
v -0.025006 -0.106704 0.113194
v -0.018222 -0.108557 0.113247
v -0.011822 -0.109658 0.113342
v -0.005601 -0.110134 0.113354
v 0.000669 -0.110134 0.113275
v 0.007316 -0.109736 0.113115
v 0.014685 -0.108784 0.112887
v -0.041686 -0.098861 0.106921
v -0.033725 -0.104494 0.106893
v -0.025911 -0.108092 0.107330
v -0.018680 -0.110172 0.107880
v -0.011914 -0.111313 0.108275
v -0.005377 -0.111782 0.108435
v 0.001200 -0.111779 0.108397
v 0.008190 -0.111331 0.108119
v 0.016012 -0.110235 0.107457
v 0.024865 -0.107708 0.106456
v 0.039396 -0.114645 0.069994
v 0.029669 -0.120929 0.077018
v 0.020249 -0.124720 0.081135
v 0.011869 -0.126720 0.083068
v 0.004317 -0.127552 0.083711
v -0.002833 -0.127800 0.083597
v -0.009951 -0.127706 0.082962
v -0.017268 -0.126876 0.081488
v -0.024869 -0.124954 0.078715
v -0.032755 -0.122015 0.074440
v -0.040239 -0.117921 0.068405
v -0.046502 -0.113057 0.061119
v -0.051566 -0.108245 0.053519
v -0.055330 -0.103599 0.045756
v 0.011681 -0.123393 0.086430
v 0.004131 -0.124119 0.086983
v -0.003014 -0.124356 0.086857
v -0.010114 -0.124264 0.086251
v -0.017450 -0.123321 0.084765
v -0.025220 -0.121172 0.082021
v -0.033469 -0.117787 0.077860
v -0.041453 -0.112895 0.072071
v -0.048324 -0.106963 0.065316
v -0.053977 -0.101104 0.058629
v -0.058168 -0.095552 0.052233
v -0.010394 -0.121322 0.089484
v -0.017755 -0.120328 0.088025
v -0.025742 -0.118076 0.085426
v -0.034385 -0.114315 0.081570
v -0.042983 -0.108733 0.076358
v -0.050498 -0.101865 0.070452
v -0.056564 -0.095111 0.064764
v -0.026307 -0.115530 0.088875
v -0.035198 -0.111481 0.085505
v -0.044252 -0.105276 0.081089
v -0.052338 -0.097604 0.076061
v -0.058648 -0.090007 0.071082
v -0.053704 -0.093831 0.081659
v -0.021403 -0.075657 0.147237
v -0.015524 -0.074470 0.150223
v -0.017180 -0.068803 0.148365
v -0.008220 -0.074427 0.152483
v -0.009344 -0.068538 0.151304
v -0.010961 -0.062328 0.151219
v -0.012292 -0.056324 0.149991
v -0.000562 -0.074633 0.153089
v -0.001396 -0.068665 0.152496
v -0.002322 -0.062353 0.152744
v -0.003235 -0.056146 0.152370
v -0.004053 -0.050429 0.151548
v 0.006612 -0.074435 0.152185
v 0.006093 -0.068324 0.151655
v 0.005790 -0.061918 0.152038
v 0.005313 -0.055652 0.151707
v 0.004682 -0.049888 0.151103
v 0.013052 -0.074119 0.150072
v 0.013196 -0.067864 0.149256
v 0.013723 -0.061440 0.149128
v 0.018563 -0.074371 0.147258
v -0.015244 -0.101299 0.140975
v -0.012583 -0.099429 0.145801
v -0.017302 -0.099850 0.142685
v -0.007461 -0.097604 0.149377
v -0.013554 -0.097753 0.147694
v -0.018908 -0.097973 0.144324
v -0.000821 -0.095467 0.151356
v -0.007644 -0.095715 0.150981
v -0.014218 -0.095771 0.149262
v -0.020035 -0.095795 0.145827
v -0.000623 -0.093253 0.152549
v -0.007726 -0.093505 0.152240
v -0.014634 -0.093569 0.150594
v -0.020753 -0.093397 0.147138
v 0.006522 -0.090617 0.152880
v -0.000419 -0.090748 0.153495
v -0.007721 -0.090985 0.153222
v -0.014769 -0.091066 0.151571
v -0.021015 -0.090817 0.148283
v 0.013228 -0.087732 0.151732
v 0.006903 -0.087808 0.153430
v -0.000196 -0.087836 0.154124
v -0.007649 -0.088012 0.153927
v -0.014705 -0.088147 0.152315
v -0.020761 -0.087959 0.149178
v 0.018322 -0.084003 0.149142
v 0.013324 -0.084290 0.151711
v 0.007183 -0.084338 0.153469
v 0.000039 -0.084325 0.154246
v -0.007502 -0.084318 0.154051
v -0.014465 -0.084463 0.152484
v -0.020134 -0.084622 0.149678
v -0.025623 -0.078032 0.144457
v -0.028477 -0.074107 0.141138
v -0.032098 -0.078168 0.138258
v -0.031707 -0.070157 0.137662
v -0.035954 -0.074760 0.134224
v -0.038773 -0.079573 0.130980
v -0.028966 -0.061479 0.138763
v -0.035298 -0.066175 0.134112
v -0.040130 -0.071151 0.130153
v -0.043209 -0.076423 0.126165
v -0.044868 -0.081903 0.122382
v -0.032057 -0.057076 0.135898
v -0.039335 -0.062026 0.130723
v -0.044541 -0.067229 0.125915
v -0.047932 -0.072743 0.121019
v -0.049754 -0.078430 0.116047
v -0.050286 -0.084492 0.111422
v -0.035462 -0.052574 0.133065
v -0.043507 -0.057610 0.127145
v -0.048917 -0.062756 0.121267
v -0.052448 -0.068019 0.115179
v -0.054964 -0.073446 0.109053
v -0.056081 -0.079311 0.102724
v 0.059337 -0.090067 0.047166
v 0.061326 -0.084082 0.054311
v 0.066465 -0.070516 0.056683
v 0.062803 -0.078748 0.060864
v 0.067779 -0.065169 0.063277
v 0.064173 -0.074028 0.067101
v 0.059554 -0.083832 0.071150
v 0.068303 -0.059679 0.069601
v 0.065074 -0.069484 0.073114
v 0.060627 -0.080304 0.076650
v 0.071242 -0.044564 0.071003
v 0.068541 -0.054588 0.075753
v 0.065221 -0.065109 0.078904
v 0.061089 -0.076889 0.082002
v 0.071002 -0.039676 0.076868
v 0.068136 -0.050327 0.081587
v 0.065124 -0.061335 0.084548
v 0.061041 -0.073180 0.087593
v 0.073250 -0.025678 0.074060
v 0.070316 -0.036052 0.082287
v 0.067229 -0.047218 0.087094
v 0.064218 -0.058160 0.090054
v 0.060730 -0.068472 0.093250
v 0.072400 -0.022407 0.078596
v 0.069285 -0.033386 0.087290
v 0.065875 -0.044862 0.092389
v 0.062681 -0.055422 0.095670
v 0.071265 -0.019702 0.082898
v 0.067898 -0.031112 0.091938
v 0.064110 -0.042654 0.097552
v 0.071803 -0.006729 0.076993
v 0.069815 -0.017240 0.087220
v 0.066277 -0.028885 0.096429
v 0.061866 -0.040225 0.102536
v 0.069551 -0.004378 0.082344
v 0.067897 -0.014855 0.091815
v 0.064174 -0.026531 0.100899
v 0.066617 0.006205 0.082999
v 0.066414 -0.002370 0.088494
v 0.065319 -0.012527 0.096788
v 0.062004 0.007093 0.090678
v 0.062389 -0.000809 0.094857
v 0.061706 -0.010453 0.101890
v 0.057415 0.007750 0.097181
v 0.057873 0.000272 0.100649
v 0.053917 0.014987 0.100676
v 0.053290 0.008275 0.102180
v 0.050562 0.015463 0.104352
v 0.049575 0.008797 0.105828
v 0.048422 0.022511 0.105642
v 0.047342 0.015874 0.107075
v 0.045001 0.022560 0.107934
v 0.041248 0.022484 0.109641
v 0.037585 0.027897 0.108925
v -0.016041 -0.240507 0.011874
v -0.023086 -0.240335 0.017647
v -0.013087 -0.240419 0.016060
v -0.004005 -0.240478 0.014693
v 0.009499 -0.240734 -0.002416
v 0.010024 -0.240495 0.010822
v 0.002820 -0.005479 0.144802
v 0.006981 -0.006715 0.141894
v 0.024182 -0.240566 -0.046140
v 0.026883 -0.240597 -0.041624
v 0.028278 -0.240370 -0.050296
v 0.031624 -0.240415 -0.044586
v 0.034339 -0.240378 -0.038813
v 0.032452 -0.240053 -0.053734
v 0.036380 -0.240076 -0.047196
v 0.039491 -0.239979 -0.040473
v 0.041633 -0.239916 -0.033478
v 0.031913 -0.239692 -0.063511
v 0.037382 -0.239637 -0.056857
v 0.041721 -0.239591 -0.049560
v 0.045117 -0.239541 -0.042122
v 0.047599 -0.239499 -0.034321
v 0.036288 -0.239205 -0.067238
v 0.042367 -0.239127 -0.059818
v 0.047213 -0.239105 -0.051950
v 0.051011 -0.239077 -0.043948
v 0.053917 -0.239037 -0.035439
v 0.040321 -0.238598 -0.070964
v 0.047093 -0.238561 -0.062993
v 0.052571 -0.238661 -0.054741
v 0.056974 -0.238551 -0.046226
v 0.035049 -0.238301 -0.081985
v 0.044076 -0.238012 -0.074835
v 0.051574 -0.237861 -0.066560
v 0.057788 -0.237960 -0.058047
v 0.037590 -0.238465 -0.086633
v 0.047593 -0.237447 -0.079095
v 0.055901 -0.237067 -0.070662
v 0.039818 -0.237077 -0.091582
v 0.050841 -0.236325 -0.083748
v 0.060159 -0.236499 -0.075333
v 0.040701 -0.231519 -0.094201
v 0.052828 -0.231580 -0.087036
v 0.027525 -0.224695 -0.099441
v 0.040958 -0.225027 -0.094894
v 0.027470 -0.218001 -0.098474
v 0.026560 -0.212489 -0.094325
v 0.012719 -0.207045 -0.091654
v -0.001896 -0.011667 0.148039
v 0.004079 -0.011799 0.147028
v 0.068657 0.033713 -0.101320
v 0.060911 0.025452 -0.110948
v 0.051654 0.015805 -0.118755
v 0.048899 0.002490 -0.119790
v 0.041134 0.005410 -0.124637
v 0.033936 0.008862 -0.128325
v 0.035776 -0.009838 -0.124540
v 0.028952 -0.004092 -0.128617
v 0.023243 0.001206 -0.131148
v 0.054541 -0.098055 0.053613
v 0.048034 -0.106361 0.061431
v 0.056576 -0.092324 0.059589
v 0.049669 -0.101596 0.066266
v 0.040205 -0.110883 0.073979
v 0.029825 -0.117658 0.080588
v 0.020100 -0.121451 0.084536
v 0.058298 -0.087770 0.065462
v 0.051024 -0.098041 0.071392
v 0.040613 -0.108051 0.078183
v 0.029600 -0.115126 0.084158
v 0.019685 -0.118809 0.087864
v 0.011251 -0.120581 0.089635
v 0.003752 -0.121216 0.090133
v -0.003335 -0.121424 0.090032
v 0.052053 -0.095204 0.076530
v 0.040846 -0.105963 0.082570
v 0.029252 -0.113128 0.087792
v 0.019172 -0.116700 0.091218
v 0.010680 -0.118292 0.092835
v 0.003205 -0.118902 0.093315
v -0.003838 -0.119062 0.093222
v -0.010870 -0.118890 0.092692
v -0.018243 -0.117888 0.091306
v 0.052722 -0.092947 0.081525
v 0.040648 -0.104433 0.087056
v 0.028652 -0.111495 0.091564
v 0.018578 -0.114991 0.094683
v 0.010081 -0.116434 0.096162
v 0.002621 -0.116937 0.096570
v -0.004395 -0.117031 0.096462
v -0.011410 -0.116754 0.095924
v -0.018773 -0.115718 0.094646
v -0.026827 -0.113362 0.092518
v -0.035779 -0.109072 0.089708
v -0.045297 -0.102421 0.086107
v 0.053127 -0.090960 0.086812
v 0.040125 -0.103220 0.091946
v 0.027797 -0.110069 0.095734
v 0.017855 -0.113321 0.098362
v 0.009460 -0.114652 0.099677
v 0.002078 -0.115117 0.100056
v -0.004856 -0.115155 0.099962
v -0.011788 -0.114809 0.099498
v 0.061584 0.035201 -0.108419
v 0.053228 0.027167 -0.117125
v 0.053680 0.036862 -0.114430
v 0.045025 0.028730 -0.122042
v 0.045262 0.038277 -0.119384
v 0.035958 0.019985 -0.127432
v 0.036451 0.029954 -0.125918
v 0.036423 0.039370 -0.123243
v 0.026692 0.011910 -0.130844
v 0.027545 0.021533 -0.130267
v 0.027456 0.030913 -0.128935
v 0.017404 0.005260 -0.132269
v 0.018708 0.013992 -0.132125
v 0.018390 0.022454 -0.131812
v 0.017803 0.031529 -0.130787
v 0.010387 0.007584 -0.131915
v 0.010003 0.014826 -0.131595
v 0.008995 0.022527 -0.131490
v 0.007890 0.031423 -0.131187
v 0.001604 0.014507 -0.130897
v 0.000428 0.021722 -0.131009
v -0.001255 0.030411 -0.131265
v -0.006704 0.020284 -0.131187
v -0.008909 0.028617 -0.131607
v -0.015195 0.026167 -0.131911
v -0.015049 -0.240769 -0.005738
v -0.017180 -0.240811 -0.009105
v -0.019050 -0.240843 -0.012108
v -0.030141 0.023812 0.109788
v -0.032555 0.027484 0.109011
v -0.022522 0.018834 0.110219
v -0.024556 0.022251 0.109500
v -0.027139 0.026191 0.109034
v -0.030291 0.030137 0.108343
v -0.021772 0.023992 0.109415
v -0.024439 0.028455 0.108784
v -0.027829 0.032964 0.108446
v -0.021474 0.030344 0.109297
v -0.024528 0.035923 0.109240
v -0.012318 0.017742 0.114797
v -0.012880 0.022237 0.113451
v -0.017028 -0.011754 0.132929
v -0.014451 -0.003910 0.130208
v -0.012234 0.002626 0.126825
v -0.010665 0.008411 0.122985
v -0.009704 0.013770 0.119438
v -0.012119 -0.007853 0.138353
v -0.010323 -0.001713 0.134755
v -0.008641 0.004261 0.130299
v 0.009639 -0.240317 0.025493
v 0.006766 -0.240155 0.038707
v -0.038564 0.021224 0.110638
v -0.040102 0.011116 0.111149
v -0.040152 -0.001394 0.115968
v -0.035958 -0.006739 0.120615
v -0.037762 -0.015852 0.124562
v -0.029905 -0.020372 0.129380
v -0.028195 -0.030856 0.133428
v -0.013951 -0.024613 0.141202
v -0.011170 -0.033345 0.146546
v -0.004315 -0.039351 0.151220
v 0.004365 -0.044368 0.151075
v 0.013672 -0.055335 0.147933
v 0.013748 -0.049587 0.147041
v 0.014177 -0.043843 0.146706
v 0.019565 -0.068412 0.145514
v 0.020815 -0.062531 0.144089
v 0.021875 -0.056907 0.142249
v 0.023255 -0.051219 0.140455
v 0.038024 -0.059564 0.129865
v 0.042805 -0.064174 0.125604
v 0.046140 -0.068935 0.120964
v 0.048626 -0.073830 0.116374
v 0.049697 -0.078967 0.111750
v 0.041911 -0.073821 0.125654
v 0.043832 -0.078777 0.122184
v 0.028995 -0.240625 -0.037064
v 0.030058 -0.240555 -0.032332
v 0.030017 -0.240510 -0.027642
v 0.029186 -0.240504 -0.023266
v 0.027913 -0.240430 -0.019204
v 0.036135 -0.240278 -0.032885
v 0.036472 -0.240229 -0.026897
v 0.035511 -0.240192 -0.021361
v 0.042478 -0.239874 -0.026367
v 0.059425 -0.064537 0.099328
v 0.057048 -0.060816 0.105490
v 0.054309 -0.057108 0.111710
v 0.050754 -0.053171 0.117381
v 0.046446 -0.049043 0.122595
v 0.040929 -0.044737 0.127203
v 0.034578 -0.040130 0.130715
v 0.060585 -0.052665 0.101451
v 0.057976 -0.049637 0.107220
v 0.054848 -0.046285 0.112686
v 0.051227 -0.042651 0.117853
v 0.046730 -0.038809 0.122496
v 0.041509 -0.034752 0.126176
v 0.036433 -0.030283 0.128340
v 0.059359 -0.037501 0.107521
v 0.056364 -0.034438 0.112422
v 0.052575 -0.031153 0.116953
v 0.048060 -0.027802 0.120870
v 0.043150 -0.024358 0.123643
v 0.038527 -0.020520 0.125046
v 0.061510 -0.023977 0.105439
v 0.058074 -0.021323 0.109954
v 0.053767 -0.018748 0.114153
v 0.048891 -0.016386 0.117592
v 0.044012 -0.013970 0.119821
v 0.057181 -0.008734 0.106710
v 0.052274 -0.007345 0.110911
v 0.047441 -0.006063 0.113965
v 0.042910 -0.004439 0.115707
v 0.053254 0.001011 0.105384
v 0.048867 0.001690 0.108864
v 0.044795 0.002542 0.111138
v 0.040829 0.003712 0.112537
v 0.046011 0.009357 0.108340
v 0.042347 0.009980 0.110086
v 0.038428 0.010842 0.111320
v 0.043887 0.016181 0.109148
v 0.040000 0.016501 0.110568
v 0.036937 0.022330 0.110698
v 0.032488 0.026627 0.109750
v 0.010432 -0.008873 0.137558
v -0.019273 -0.033189 0.140235
v -0.014019 -0.039904 0.147440
v -0.035605 0.025608 0.109618
v -0.034009 0.021984 0.110453
v -0.037026 0.016857 0.111299
v -0.032183 0.018147 0.111133
v -0.027949 0.020117 0.110355
v -0.035017 0.012268 0.111681
v -0.030113 0.014181 0.111495
v -0.025842 0.016589 0.110757
v -0.032498 0.007703 0.113124
v -0.027728 0.010472 0.112469
v -0.023739 0.013661 0.111551
v -0.034285 0.000831 0.116411
v -0.029189 0.003891 0.115639
v -0.024801 0.007715 0.114130
v -0.029834 -0.002980 0.120140
v -0.025110 0.001485 0.118343
v -0.030483 -0.010839 0.124963
v -0.024682 -0.005199 0.123293
v -0.023720 -0.012908 0.128538
v 0.017519 -0.240868 -0.038245
v 0.017912 -0.240815 -0.043383
v 0.015083 -0.240968 -0.031208
v 0.014780 -0.240977 -0.034635
v 0.014510 -0.240933 -0.038650
v 0.015021 -0.240819 -0.044470
v 0.012431 -0.241018 -0.027845
v 0.012101 -0.241054 -0.031256
v 0.011888 -0.241039 -0.034845
v 0.011834 -0.240964 -0.039083
v 0.012137 -0.240826 -0.045277
v 0.010915 -0.240898 -0.019595
v 0.010008 -0.241024 -0.024049
v 0.009471 -0.241093 -0.027676
v 0.009101 -0.241110 -0.031228
v 0.008869 -0.241072 -0.034999
v 0.008792 -0.240976 -0.039428
v 0.008802 -0.240822 -0.045833
v 0.008277 -0.241002 -0.018937
v 0.007155 -0.241090 -0.023540
v 0.006379 -0.241140 -0.027340
v 0.005795 -0.241138 -0.031074
v 0.005354 -0.241083 -0.035060
v 0.005142 -0.240971 -0.039749
v 0.004902 -0.240802 -0.046258
v 0.004339 -0.240584 -0.054527
v 0.003090 -0.241159 -0.026752
v 0.002214 -0.241145 -0.030633
v 0.001476 -0.241078 -0.034853
v 0.000959 -0.240951 -0.039782
v 0.000406 -0.240758 -0.046234
v -0.000684 -0.240542 -0.053932
v -0.002568 -0.241065 -0.034070
v -0.003601 -0.240984 -0.039044
v -0.004781 -0.240869 -0.045046
v -0.006610 -0.240696 -0.051464
v -0.010491 -0.240918 -0.041950
v -0.013252 -0.240798 -0.046743
v -0.023613 -0.240568 -0.043853
v 0.049167 -0.085505 0.107720
v 0.044506 -0.094511 0.105509
v 0.044239 -0.083876 0.118862
v 0.043063 -0.089858 0.116203
v 0.038597 -0.096708 0.114238
v 0.039082 -0.082688 0.127517
v 0.039059 -0.087326 0.125203
v 0.037599 -0.092366 0.123241
v 0.033963 -0.097837 0.121569
v 0.032474 -0.094088 0.129637
v 0.029426 -0.098303 0.128202
v 0.024481 -0.101841 0.126824
v 0.024812 -0.098521 0.134611
v 0.020994 -0.101323 0.133327
v 0.017199 -0.100558 0.139031
v -0.039765 -0.047607 0.129690
v -0.047960 -0.052614 0.123165
v -0.053338 -0.057463 0.116475
v -0.056881 -0.062163 0.109433
v -0.059563 -0.066861 0.102486
v -0.037068 -0.037105 0.130298
v -0.045898 -0.042084 0.125105
v -0.052783 -0.046705 0.118589
v -0.057524 -0.051153 0.111481
v -0.060946 -0.055377 0.104256
v -0.037688 -0.026214 0.128252
v -0.045046 -0.030994 0.124965
v -0.052002 -0.035338 0.119926
v -0.057452 -0.039563 0.113303
v -0.061545 -0.043658 0.106350
v -0.044973 -0.019899 0.122719
v -0.051459 -0.023638 0.119405
v -0.057364 -0.027344 0.114111
v -0.062148 -0.031163 0.107688
v -0.042993 -0.009777 0.119474
v -0.049562 -0.012667 0.117099
v -0.055560 -0.015527 0.113303
v -0.061095 -0.018582 0.107782
v -0.046185 -0.003388 0.114347
v -0.052047 -0.005387 0.111689
v -0.057940 -0.007409 0.107644
v -0.043131 0.004524 0.112342
v -0.048203 0.003073 0.110477
v -0.053275 0.001586 0.107489
v -0.044896 0.010188 0.109844
v -0.049277 0.008999 0.107746
v -0.041900 0.016172 0.110537
v -0.046345 0.015423 0.108946
v -0.043104 0.020837 0.109753
v -0.039596 0.025207 0.109419
v 0.013317 -0.240150 0.038184
v 0.003475 -0.240040 0.051040
v 0.020628 -0.240632 -0.049635
v 0.023965 -0.240374 -0.055119
v 0.027561 -0.240078 -0.059522
v 0.016817 -0.240629 -0.051884
v 0.019249 -0.240385 -0.058653
v 0.022048 -0.240110 -0.064031
v 0.025594 -0.239764 -0.068834
v 0.029088 -0.239343 -0.073286
v 0.032206 -0.238771 -0.077625
v 0.012977 -0.240630 -0.053323
v 0.014287 -0.240392 -0.061000
v 0.016063 -0.240136 -0.067226
v 0.018471 -0.239820 -0.072621
v 0.020865 -0.239467 -0.077533
v 0.022890 -0.239100 -0.082177
v 0.024570 -0.238792 -0.086752
v 0.025877 -0.239133 -0.091570
v 0.026993 -0.237019 -0.096608
v 0.027408 -0.231270 -0.098923
v 0.008846 -0.240619 -0.054195
v 0.009036 -0.240380 -0.062337
v 0.009599 -0.240149 -0.069141
v 0.010549 -0.239880 -0.074950
v 0.011563 -0.239495 -0.080058
v 0.012399 -0.239224 -0.084680
v 0.013013 -0.238962 -0.089116
v 0.013440 -0.238629 -0.093846
v 0.013804 -0.236390 -0.098545
v 0.013996 -0.230883 -0.101040
v 0.014077 -0.224287 -0.101727
v 0.014055 -0.217532 -0.100777
v 0.013654 -0.211960 -0.096788
v 0.003534 -0.240305 -0.062647
v 0.002735 -0.239973 -0.069563
v 0.002001 -0.239634 -0.075349
v 0.001374 -0.239315 -0.080440
v 0.000901 -0.239063 -0.085105
v 0.000533 -0.238766 -0.089589
v 0.000303 -0.238881 -0.094356
v 0.000243 -0.236540 -0.099130
v 0.000295 -0.231059 -0.101798
v 0.000369 -0.224336 -0.102403
v 0.000391 -0.217423 -0.101460
v 0.000344 -0.211666 -0.097571
v -0.002469 -0.240334 -0.061244
v -0.004614 -0.240074 -0.067380
v -0.006847 -0.239724 -0.072572
v -0.008947 -0.239353 -0.077450
v -0.010758 -0.238993 -0.082349
v -0.012228 -0.238646 -0.087257
v -0.013329 -0.238404 -0.092429
v -0.014038 -0.237373 -0.098048
v -0.014076 -0.231702 -0.101113
v -0.009095 -0.240477 -0.056978
v -0.012197 -0.240197 -0.061892
v -0.015474 -0.239834 -0.066488
v -0.018680 -0.239413 -0.071199
v -0.021527 -0.238986 -0.076327
v -0.024055 -0.238559 -0.081788
v -0.026193 -0.238072 -0.087521
v -0.016541 -0.240632 -0.050822
v -0.020187 -0.240370 -0.054673
v -0.024161 -0.240012 -0.058710
v -0.028151 -0.239513 -0.063122
v -0.038189 -0.239668 -0.040010
v -0.047988 -0.239444 -0.033651
v -0.044265 -0.239306 -0.043058
v -0.057486 -0.239181 -0.028038
v -0.055213 -0.239010 -0.036523
v -0.050454 -0.238973 -0.046744
v -0.066623 -0.238939 -0.021956
v -0.065306 -0.238672 -0.030496
v -0.062486 -0.238447 -0.039634
v -0.056579 -0.238622 -0.050716
v -0.074585 -0.238398 -0.023767
v -0.072929 -0.238033 -0.032988
v -0.069650 -0.237702 -0.042866
v -0.062694 -0.238085 -0.054865
v -0.083284 -0.238302 -0.015681
v -0.082183 -0.237644 -0.025544
v -0.080221 -0.237324 -0.035378
v -0.076598 -0.237204 -0.046036
v -0.068806 -0.237109 -0.059224
v -0.091311 -0.238416 -0.006105
v -0.090789 -0.237811 -0.016810
v -0.089399 -0.237258 -0.027259
v -0.087091 -0.236633 -0.037540
v -0.083194 -0.236267 -0.048786
v -0.074908 -0.236167 -0.063453
v -0.097222 -0.235633 0.005211
v -0.097560 -0.234764 -0.006152
v -0.096635 -0.233854 -0.017416
v -0.094701 -0.232990 -0.028284
v -0.092127 -0.232343 -0.038888
v -0.087910 -0.231662 -0.050352
v -0.078904 -0.230567 -0.065769
v -0.098164 -0.227087 -0.017507
v -0.096385 -0.226487 -0.028566
v -0.093573 -0.226020 -0.039127
v -0.089104 -0.225410 -0.050216
v -0.079576 -0.223518 -0.065357
v -0.049125 -0.203621 -0.067031
v -0.060309 -0.209289 -0.066334
v 0.034788 -0.102681 0.105627
v 0.031160 -0.102680 0.113111
v 0.022777 -0.106585 0.112711
v 0.027821 -0.102321 0.120105
v 0.020608 -0.105529 0.119189
v 0.013246 -0.107378 0.118758
v 0.018370 -0.104515 0.125721
v 0.011789 -0.106042 0.124935
v 0.005471 -0.106706 0.124474
v 0.015958 -0.103351 0.132060
v 0.010304 -0.104651 0.131099
v 0.004625 -0.105264 0.130518
v -0.000843 -0.105463 0.130149
v 0.013417 -0.102144 0.137689
v 0.008782 -0.103187 0.136838
v 0.003822 -0.103729 0.136356
v -0.001240 -0.103919 0.135977
v -0.006134 -0.103938 0.135602
v 0.049008 -0.239468 -0.026236
v 0.060467 -0.238542 -0.036938
v 0.067060 -0.238100 -0.038793
v 0.073565 -0.237483 -0.040926
v 0.079961 -0.236508 -0.043238
v 0.086112 -0.235035 -0.045526
v 0.089281 -0.229049 -0.046404
v 0.088463 -0.221993 -0.045209
v 0.083849 -0.215998 -0.042187
v 0.062932 -0.237969 -0.048976
v 0.068828 -0.237133 -0.052135
v 0.074623 -0.235912 -0.055500
v 0.079968 -0.234215 -0.058621
v 0.081958 -0.227750 -0.059389
v 0.081276 -0.220456 -0.058187
v 0.076332 -0.214276 -0.054334
v 0.068105 -0.209422 -0.049800
v 0.062915 -0.236932 -0.061904
v 0.067995 -0.235631 -0.066138
v 0.072438 -0.233154 -0.069846
v 0.073715 -0.226414 -0.070428
v 0.073008 -0.219022 -0.068996
v 0.068402 -0.212928 -0.064529
v 0.061270 -0.208463 -0.059513
v 0.063372 -0.232186 -0.079011
v 0.064368 -0.225437 -0.079652
v 0.063884 -0.218180 -0.078218
v 0.059998 -0.212247 -0.073611
v 0.053883 -0.207803 -0.068709
v 0.053461 -0.225055 -0.087791
v 0.053169 -0.218159 -0.086539
v 0.050446 -0.212520 -0.082308
v 0.045631 -0.207918 -0.077406
v 0.040697 -0.218337 -0.093641
v 0.039012 -0.212900 -0.089490
v 0.035855 -0.207844 -0.084431
v 0.024680 -0.207477 -0.089040
v 0.022897 -0.075859 0.144434
v 0.024826 -0.070707 0.141822
v 0.026826 -0.065567 0.139276
v 0.028998 -0.060440 0.136802
v 0.031579 -0.055117 0.134413
v 0.025949 -0.078707 0.142231
v 0.028896 -0.074129 0.138794
v 0.031681 -0.069446 0.135651
v 0.034658 -0.064606 0.132693
v 0.031783 -0.077964 0.136376
v 0.035319 -0.073646 0.132712
v 0.038935 -0.069058 0.129212
v 0.037810 -0.078107 0.130057
v 0.074139 -0.209867 -0.027373
v 0.065272 -0.204956 -0.029268
v 0.060908 -0.200212 -0.019612
v 0.056805 -0.194463 -0.019175
v 0.054797 -0.189457 -0.009568
v 0.052350 -0.182946 -0.009430
v 0.049578 -0.170714 -0.000279
v 0.048763 -0.157778 0.008881
v 0.026448 -0.240390 -0.015373
v 0.024411 -0.240495 -0.012032
v 0.021712 -0.240536 -0.009260
v 0.018681 -0.240588 -0.006959
v 0.034202 -0.240167 -0.016330
v 0.032728 -0.240193 -0.011632
v 0.030473 -0.240259 -0.007147
v 0.042211 -0.239849 -0.019657
v -0.002473 -0.026986 0.147521
v -0.001888 -0.019355 0.147751
v 0.005149 -0.033029 0.148153
v 0.005163 -0.026778 0.145855
v 0.005135 -0.019288 0.146177
v -0.004076 -0.240699 0.004636
v -0.007664 -0.240572 0.010458
v 0.000004 -0.240630 0.008397
v -0.011336 -0.240640 0.005949
v -0.002182 -0.239950 0.052703
v -0.005894 -0.240017 0.043769
v -0.008180 -0.239864 0.055595
v -0.013393 -0.239935 0.048485
v -0.018694 -0.239969 0.042570
v -0.023556 -0.240010 0.037324
v -0.027807 -0.240061 0.032368
v -0.031482 -0.240120 0.027351
v -0.036423 -0.240285 -0.022470
v -0.035141 -0.240211 -0.029475
v -0.032617 -0.240123 -0.037692
v -0.041983 -0.240228 -0.004764
v -0.042960 -0.240163 -0.010884
v -0.043125 -0.240077 -0.017105
v -0.042571 -0.239973 -0.023761
v -0.041148 -0.239847 -0.031220
v -0.042082 -0.240146 0.015641
v -0.045181 -0.240112 0.008998
v -0.047551 -0.240061 0.002340
v -0.049413 -0.239985 -0.004481
v -0.050345 -0.239883 -0.011461
v -0.050454 -0.239754 -0.018493
v -0.049754 -0.239605 -0.025736
v -0.050977 -0.239944 0.017626
v -0.053824 -0.239898 0.010237
v -0.056057 -0.239821 0.002913
v -0.057714 -0.239710 -0.004619
v -0.058501 -0.239561 -0.012367
v -0.058450 -0.239379 -0.020163
v -0.059918 -0.239742 0.019362
v -0.062735 -0.239675 0.011325
v -0.064930 -0.239564 0.003332
v -0.066412 -0.239406 -0.004911
v -0.066968 -0.239196 -0.013414
v -0.071565 -0.239448 0.012437
v -0.073806 -0.239297 0.003740
v -0.075092 -0.239083 -0.005257
v -0.075305 -0.238782 -0.014521
v -0.080198 -0.239224 0.013643
v -0.082451 -0.239040 0.004135
v -0.083471 -0.238755 -0.005701
v -0.088368 -0.238970 0.015010
v -0.090605 -0.238902 0.004626
v 0.013182 -0.240548 0.008163
v 0.059285 0.014032 -0.112601
v 0.043914 0.017996 -0.123620
v 0.002482 0.007604 -0.131287
v -0.005909 0.013471 -0.131013
v -0.013331 0.018741 -0.131748
v 0.027190 0.040277 -0.126392
v -0.012747 0.012651 0.117196
v 0.007679 0.065523 0.109114
v 0.009935 0.037947 0.114486
v 0.021734 -0.240759 -0.038865
v 0.023003 -0.240743 -0.035278
v 0.023629 -0.240687 -0.031687
v 0.023532 -0.240695 -0.028041
v 0.023099 -0.240704 -0.024582
v 0.022422 -0.240641 -0.021312
v -0.015570 -0.240673 0.002566
v -0.019469 -0.240566 0.007907
v -0.024748 -0.240457 0.013140
v 0.007937 -0.101707 0.141610
v 0.003462 -0.102077 0.141486
v -0.001473 -0.102293 0.141246
v -0.006292 -0.102393 0.140794
v -0.010418 -0.102386 0.140123
v -0.019981 -0.080444 0.149265
v -0.014545 -0.079817 0.151839
v -0.007547 -0.079767 0.153590
v 0.000029 -0.079946 0.153867
v 0.007140 -0.079885 0.153030
v 0.013227 -0.079756 0.151164
v 0.018005 -0.079804 0.148733
v 0.055777 -0.078271 0.099087
v 0.054877 -0.072318 0.104632
v 0.053115 -0.067743 0.110520
v 0.050305 -0.063359 0.116225
v 0.046846 -0.058934 0.121809
v 0.041928 -0.054419 0.126692
v 0.035339 -0.049793 0.131380
v -0.037703 0.005796 0.113131
v 0.021027 -0.016920 -0.128128
v 0.016413 -0.009209 -0.131076
v 0.012678 -0.003088 -0.132251
v -0.060740 -0.088767 0.059493
v -0.060141 -0.085374 0.077065
v 0.059202 -0.199217 -0.028962
v 0.053702 -0.188234 -0.018716
v 0.050477 -0.176204 -0.009200
v 0.049105 -0.163608 0.000143
v 0.049176 -0.150106 0.009299
v 0.049970 -0.135177 0.017974
v 0.052147 -0.119064 0.027186
v -0.022486 0.065494 0.106511
v 0.000341 -0.233938 0.096954
v 0.017359 -0.211429 0.077173
v 0.028713 -0.185409 0.056140
v 0.040426 -0.149122 0.046445
v 0.008285 -0.016015 -0.130630
v -0.004039 -0.001333 -0.132073
v -0.013591 0.012281 -0.131691
v -0.044701 -0.098855 0.098825
v -0.035074 -0.105664 0.100407
v -0.026569 -0.109682 0.101738
v -0.018951 -0.111890 0.102882
v -0.011894 -0.113021 0.103632
v -0.005128 -0.113420 0.103952
v 0.001659 -0.113413 0.103984
v 0.008887 -0.112947 0.103627
v 0.017072 -0.111759 0.102589
v 0.026625 -0.108785 0.100661
v 0.038645 -0.102525 0.098130
v 0.022117 -0.240582 -0.018314
v -0.030933 -0.240363 0.016584
v 0.016677 -0.240241 0.024624
v -0.035191 -0.240179 0.021515
v -0.058846 -0.098322 0.036576
v 0.081605 -0.212910 -0.023329
v 0.020788 -0.240725 -0.042376
v -0.055829 -0.212067 -0.077676
v -0.026884 -0.041712 0.137470
v 0.025826 -0.044593 0.137534
v -0.019352 -0.021591 0.134958
v -0.013435 -0.102314 0.139320
v 0.007951 -0.011436 0.143966
v -0.023498 -0.081076 0.146897
v 0.021254 -0.079802 0.146505
v -0.011464 -0.017722 0.143204
v 0.011411 -0.101173 0.141394
v -0.036985 0.028418 0.108941
v 0.073304 0.039473 -0.092872
v -0.013094 -0.240733 -0.002179
v 0.027578 -0.028628 -0.121633
v -0.054565 -0.087600 0.096636
v -0.073093 -0.211740 -0.054087
v 0.009877 -0.001584 0.130457
v -0.020531 0.024014 -0.131844
v 0.011112 -0.016683 0.140677
v 0.075117 -0.211049 -0.037613
v 0.024109 -0.240085 0.030568
v -0.025987 0.085708 0.095519
v 0.028297 0.028762 0.108537
v 0.008518 -0.003919 0.135841
v -0.020311 0.039709 0.111329
v -0.008361 -0.240756 -0.002101
v -0.009663 -0.239776 0.065154
v -0.002210 -0.240772 -0.000228
v 0.005017 -0.240507 0.013022
v -0.021377 0.016278 0.110861
v 0.056854 -0.097744 0.038687
v 0.018212 0.012959 0.111835
v 0.052573 -0.088668 0.094580
v -0.024269 -0.240837 -0.022674
v 0.009458 0.001438 -0.132267
vn -0.7689 0.2312 0.5962
vn -0.5344 0.2280 0.8139
vn -0.7701 0.4024 0.4950
vn -0.5678 0.4845 0.6655
vn -0.6942 0.0528 0.7178
vn -0.4519 -0.0187 0.8919
vn -0.5978 0.2885 0.7479
vn -0.6469 0.1837 0.7401
vn -0.7043 0.3793 0.6001
vn -0.0652 0.1703 0.9832
vn -0.1108 0.5169 0.8489
vn -0.0330 -0.0470 0.9983
vn -0.8868 -0.4117 0.2098
vn -0.8645 -0.4790 0.1524
vn -0.8122 -0.5484 0.1989
vn -0.7896 -0.5829 0.1920
vn -0.8339 -0.4911 0.2518
vn -0.9050 -0.3417 0.2534
vn -0.6890 -0.6884 0.2266
vn -0.6777 -0.6965 0.2359
vn -0.6855 -0.6882 0.2378
vn -0.5457 -0.7883 0.2842
vn -0.5642 -0.7596 0.3235
vn -0.5196 -0.8133 0.2617
vn -0.4257 -0.8161 0.3907
vn -0.4050 -0.8452 0.3486
vn -0.3771 -0.8733 0.3085
vn -0.2824 -0.8425 0.4587
vn -0.2644 -0.8772 0.4007
vn -0.2456 -0.9056 0.3457
vn -0.1362 -0.8950 0.4249
vn -0.1411 -0.8577 0.4944
vn -0.1285 -0.9222 0.3648
vn 0.2373 -0.5334 -0.8119
vn 0.3345 -0.5178 -0.7874
vn 0.2420 -0.4619 -0.8533
vn 0.3459 -0.4491 -0.8238
vn 0.1103 -0.4846 -0.8677
vn 0.1100 -0.5479 -0.8293
vn 0.2468 -0.3913 -0.8865
vn 0.1047 -0.4089 -0.9066
vn 0.3609 -0.3797 -0.8518
vn 0.2311 -0.5809 -0.7805
vn 0.3269 -0.5678 -0.7555
vn 0.0999 -0.5837 -0.8058
vn 0.2192 -0.6118 -0.7600
vn 0.0898 -0.6071 -0.7895
vn 0.3191 -0.6041 -0.7302
vn 0.2001 -0.6402 -0.7417
vn 0.0761 -0.6240 -0.7777
vn 0.3085 -0.6365 -0.7069
vn 0.1693 -0.6567 -0.7349
vn 0.0554 -0.6317 -0.7732
vn 0.2978 -0.6618 -0.6880
vn 0.1372 -0.6451 -0.7517
vn 0.0437 -0.6361 -0.7704
vn 0.2843 -0.6547 -0.7004
vn 0.1351 -0.6407 -0.7558
vn 0.0416 -0.6506 -0.7583
vn 0.2692 -0.6230 -0.7344
vn 0.1865 0.4814 -0.8564
vn 0.0130 0.4824 -0.8759
vn 0.1851 0.4279 -0.8846
vn 0.0118 0.4314 -0.9021
vn 0.3299 0.4178 -0.8465
vn 0.3252 0.4825 -0.8133
vn 0.1794 0.3709 -0.9112
vn 0.3211 0.3558 -0.8777
vn 0.0116 0.3782 -0.9256
vn 0.1658 0.2951 -0.9410
vn 0.3087 0.2762 -0.9102
vn 0.0060 0.3006 -0.9537
vn 0.1570 0.2092 -0.9652
vn 0.2939 0.1956 -0.9356
vn 0.0031 0.2111 -0.9775
vn 0.1496 0.1304 -0.9801
vn 0.0018 0.1334 -0.9911
vn 0.2807 0.1216 -0.9521
vn 0.1438 0.0454 -0.9886
vn 0.0016 0.0450 -0.9990
vn 0.2676 0.0456 -0.9624
vn 0.1393 -0.0591 -0.9885
vn -0.0010 -0.0563 -0.9984
vn 0.2556 -0.0553 -0.9652
vn 0.1284 -0.1774 -0.9757
vn -0.0082 -0.1707 -0.9853
vn 0.2473 -0.1703 -0.9539
vn 0.1181 -0.2775 -0.9534
vn -0.0207 -0.2655 -0.9639
vn 0.2492 -0.2673 -0.9308
vn 0.1078 -0.3432 -0.9331
vn -0.0289 -0.3415 -0.9394
vn 0.2505 -0.3346 -0.9085
vn -0.0326 -0.4217 -0.9061
vn -0.0345 -0.4966 -0.8673
vn -0.0432 -0.5464 -0.8364
vn -0.0437 -0.5840 -0.8106
vn -0.0351 -0.6106 -0.7912
vn -0.0286 -0.6226 -0.7820
vn 0.0093 0.6102 -0.7922
vn -0.1527 0.6079 -0.7792
vn 0.0126 0.5422 -0.8401
vn -0.1645 0.5362 -0.8279
vn 0.0104 0.6836 -0.7298
vn -0.1340 0.6855 -0.7157
vn 0.1606 0.6190 -0.7688
vn 0.1400 0.6983 -0.7020
vn 0.1773 0.5491 -0.8168
vn -0.1695 0.4754 -0.8633
vn -0.1686 0.4220 -0.8908
vn -0.1646 0.3709 -0.9140
vn -0.1605 0.2937 -0.9423
vn -0.1631 0.2040 -0.9653
vn -0.1582 0.1192 -0.9802
vn -0.1491 0.0319 -0.9883
vn -0.1406 -0.0650 -0.9879
vn -0.1363 -0.1695 -0.9761
vn -0.1397 -0.2590 -0.9557
vn -0.1371 -0.3367 -0.9316
vn -0.1374 -0.4130 -0.9003
vn -0.1423 -0.4837 -0.8636
vn -0.1418 -0.5437 -0.8272
vn -0.2727 0.6118 -0.7425
vn -0.2978 0.5318 -0.7928
vn -0.2336 0.6956 -0.6794
vn -0.3090 0.4637 -0.8304
vn -0.3122 0.4059 -0.8589
vn -0.3085 0.3502 -0.8844
vn -0.3052 0.2797 -0.9103
vn -0.3018 0.1909 -0.9341
vn -0.2909 0.0992 -0.9516
vn -0.2796 0.0111 -0.9601
vn -0.2694 -0.0803 -0.9597
vn -0.2630 -0.1705 -0.9496
vn -0.2578 -0.2634 -0.9296
vn -0.2482 -0.3439 -0.9056
vn -0.3746 0.6154 -0.6935
vn -0.4074 0.5256 -0.7469
vn -0.3290 0.7046 -0.6287
vn -0.4252 0.4516 -0.7844
vn -0.4347 0.3886 -0.8124
vn -0.4383 0.3293 -0.8363
vn -0.4346 0.2540 -0.8641
vn -0.4238 0.1613 -0.8913
vn -0.4154 0.0766 -0.9064
vn -0.4060 -0.0064 -0.9138
vn -0.3951 -0.0925 -0.9140
vn -0.4853 0.6058 -0.6304
vn -0.5226 0.5137 -0.6804
vn -0.4372 0.6969 -0.5684
vn -0.5446 0.4355 -0.7168
vn -0.5574 0.3693 -0.7435
vn -0.5635 0.3019 -0.7690
vn -0.5635 0.2212 -0.7960
vn -0.5652 0.1349 -0.8138
vn -0.5965 0.5886 -0.5457
vn -0.6359 0.4967 -0.5907
vn -0.5438 0.6778 -0.4949
vn -0.6602 0.4143 -0.6265
vn 0.0071 0.7218 -0.6921
vn -0.1169 0.7281 -0.6755
vn 0.1189 0.7365 -0.6659
vn -0.2045 0.7438 -0.6364
vn -0.2988 0.7553 -0.5833
vn -0.3853 0.7697 -0.5090
vn -0.4701 0.7776 -0.4176
vn -0.2137 0.6878 -0.6938
vn -0.3185 0.7160 -0.6212
vn -0.1090 0.6641 -0.7397
vn -0.4241 0.7523 -0.5041
vn -0.4367 0.8338 -0.3379
vn 0.1346 0.1190 0.9837
vn 0.1711 0.0922 0.9809
vn 0.2946 0.0423 0.9547
vn 0.3705 0.0019 0.9288
vn 0.2296 0.1648 0.9592
vn 0.1094 0.2200 0.9693
vn 0.4012 -0.0486 0.9147
vn 0.3114 0.0743 0.9474
vn 0.4857 -0.0891 0.8696
vn -0.0122 0.1520 0.9883
vn 0.0114 0.2446 0.9696
vn -0.0561 0.1412 0.9884
vn -0.0950 0.1292 0.9871
vn -0.0483 0.2502 0.9670
vn -0.2159 0.0850 0.9727
vn -0.2395 0.1074 0.9649
vn -0.1446 0.2539 0.9564
vn -0.3716 -0.0280 0.9280
vn -0.2959 0.0714 0.9525
vn -0.1886 0.2456 0.9508
vn -0.4013 -0.0950 0.9110
vn -0.2918 0.0598 0.9546
vn -0.2099 0.2463 0.9462
vn -0.3499 -0.1205 0.9290
vn -0.2991 0.1172 0.9470
vn -0.2521 0.2697 0.9294
vn -0.3266 -0.0590 0.9433
vn 0.1620 -0.0443 0.9858
vn 0.1361 0.0040 0.9907
vn 0.0275 0.1166 0.9928
vn -0.0411 0.1505 0.9877
vn 0.0937 0.0912 0.9914
vn 0.1946 -0.0419 0.9800
vn -0.0616 0.2512 0.9660
vn 0.0086 0.2545 0.9670
vn -0.1240 0.2623 0.9570
vn 0.2512 -0.1256 0.9598
vn 0.2648 -0.0703 0.9617
vn 0.2485 -0.1007 0.9634
vn 0.3124 -0.1407 0.9395
vn 0.3003 -0.0339 0.9532
vn 0.3359 -0.1529 0.9294
vn 0.3474 -0.0906 0.9333
vn 0.2942 0.0641 0.9536
vn 0.4208 -0.1712 0.8908
vn 0.3607 -0.0218 0.9324
vn 0.2491 0.1623 0.9548
vn 0.4320 -0.1247 0.8932
vn 0.1960 0.2379 0.9513
vn 0.1997 0.2685 0.9424
vn 0.1327 0.3066 0.9425
vn 0.0476 0.3278 0.9435
vn -0.0077 0.3351 0.9421
vn -0.0816 0.3374 0.9378
vn -0.1425 0.3409 0.9292
vn -0.1725 0.3459 0.9223
vn -0.2176 0.3524 0.9102
vn -0.2836 0.3001 0.9108
vn -0.2522 0.3598 0.8983
vn -0.3207 0.1768 0.9305
vn 0.2964 0.2103 0.9316
vn 0.2503 0.2786 0.9272
vn 0.3041 0.1426 0.9419
vn 0.1868 0.3302 0.9252
vn 0.1596 0.3502 0.9230
vn 0.1372 0.3606 0.9226
vn 0.0813 0.3728 0.9244
vn 0.0296 0.3807 0.9242
vn -0.0361 0.3859 0.9219
vn -0.1192 0.3901 0.9130
vn -0.1464 0.3882 0.9099
vn -0.1970 0.3888 0.9000
vn -0.2356 0.3954 0.8878
vn 0.1210 0.4184 0.9002
vn 0.0498 0.4326 0.9002
vn 0.1715 0.4069 0.8972
vn -0.0132 0.4427 0.8966
vn -0.0829 0.4432 0.8926
vn -0.1205 0.4406 0.8896
vn -0.1726 0.4387 0.8819
vn -0.2236 0.4358 0.8718
vn -0.2610 0.4376 0.8605
vn -0.2811 0.4092 0.8680
vn -0.3030 0.3749 0.8762
vn -0.1096 0.5531 0.8259
vn -0.1634 0.5435 0.8234
vn -0.0396 0.5565 0.8299
vn -0.2184 0.5271 0.8213
vn -0.2591 0.5198 0.8140
vn -0.3401 0.4540 0.8236
vn -0.3212 0.5175 0.7931
vn -0.3624 0.4253 0.8293
vn 0.6761 0.5524 0.4876
vn 0.6956 0.4483 0.5614
vn 0.7795 0.4770 0.4061
vn 0.8074 0.3767 0.4542
vn 0.3542 0.6697 0.6527
vn 0.3634 0.4962 0.7885
vn 0.6689 0.5737 0.4726
vn 0.3845 0.7103 0.5896
vn 0.7244 0.4928 0.4820
vn 0.0241 -0.9997 0.0096
vn 0.0278 -0.9996 0.0062
vn 0.0203 -0.9997 0.0106
vn 0.0199 -0.9998 0.0086
vn 0.0231 -0.9997 0.0090
vn 0.0226 -0.9997 0.0095
vn 0.0287 -0.9995 0.0096
vn 0.0197 -0.9997 0.0121
vn 0.0266 -0.9996 0.0114
vn 0.0084 -0.9999 0.0141
vn 0.0095 -0.9998 0.0169
vn 0.0030 -0.9998 0.0175
vn 0.0288 -0.9996 0.0062
vn 0.0268 -0.9996 -0.0001
vn 0.0184 -0.9998 0.0121
vn 0.0347 -0.9994 0.0052
vn 0.0373 -0.9993 -0.0028
vn 0.0256 -0.9996 0.0098
vn 0.0329 -0.9994 0.0047
vn 0.0294 -0.9996 0.0057
vn 0.0295 -0.9996 0.0027
vn 0.0077 -0.9999 0.0153
vn 0.0516 -0.9987 0.0063
vn 0.0586 -0.9983 0.0015
vn 0.0467 -0.9989 0.0055
vn 0.0564 -0.9984 0.0049
vn 0.0377 -0.9992 0.0108
vn 0.0456 -0.9988 0.0156
vn 0.0450 -0.9990 0.0039
vn 0.0369 -0.9993 0.0036
vn 0.0567 -0.9984 -0.0065
vn 0.0434 -0.9989 -0.0168
vn 0.0266 -0.9996 0.0007
vn 0.0196 -0.9997 0.0141
vn 0.0218 -0.9998 0.0047
vn 0.0266 -0.9996 0.0015
vn 0.0143 -0.9998 0.0136
vn 0.0078 -0.9999 0.0147
vn 0.0093 -0.9999 0.0133
vn 0.0039 -0.9999 0.0162
vn -0.0128 -0.1238 -0.9922
vn -0.0040 0.0384 -0.9993
vn 0.0269 -0.0878 -0.9958
vn -0.0204 0.0544 -0.9983
vn 0.0894 -0.2569 -0.9623
vn 0.0086 -0.2997 -0.9540
vn 0.0651 -0.0642 -0.9958
vn 0.1729 -0.1809 -0.9682
vn -0.0318 0.0289 -0.9991
vn 0.0258 0.0702 -0.9972
vn -0.0372 0.0710 -0.9968
vn -0.0590 0.0489 -0.9971
vn -0.0102 0.0110 -0.9999
vn 0.0418 0.0070 -0.9991
vn 0.0475 0.0180 -0.9987
vn -0.0753 -0.0352 -0.9965
vn -0.0305 0.0176 -0.9994
vn 0.5249 0.0605 0.8490
vn 0.5486 -0.0662 0.8335
vn 0.6461 0.0636 0.7606
vn 0.6771 -0.0149 0.7357
vn 0.6021 0.1306 0.7877
vn 0.5024 0.1491 0.8517
vn 0.6825 0.0908 0.7252
vn 0.6227 0.1439 0.7691
vn 0.7164 0.0232 0.6973
vn 0.6937 -0.1652 0.7011
vn 0.5523 -0.2304 0.8011
vn 0.7457 -0.0936 0.6596
vn 0.7510 -0.0689 0.6567
vn 0.7105 0.0315 0.7030
vn 0.6773 0.0957 0.7295
vn 0.6824 -0.3263 0.6541
vn 0.7526 -0.2557 0.6068
vn 0.5290 -0.3866 0.7555
vn 0.7763 -0.2150 0.5926
vn 0.7919 -0.2012 0.5766
vn 0.7527 -0.0737 0.6542
vn 0.6933 0.0214 0.7203
vn 0.6399 -0.4731 0.6055
vn 0.7263 -0.4099 0.5519
vn 0.4816 -0.5287 0.6990
vn 0.7657 -0.3707 0.5256
vn 0.7946 -0.3387 0.5039
vn 0.5678 -0.6177 0.5441
vn 0.6596 -0.5721 0.4875
vn 0.4178 -0.6551 0.6296
vn 0.7103 -0.5354 0.4569
vn 0.7491 -0.5054 0.4284
vn 0.4684 -0.7458 0.4737
vn 0.5447 -0.7332 0.4072
vn 0.3381 -0.7656 0.5474
vn 0.5830 -0.7240 0.3687
vn 0.3327 -0.8587 0.3899
vn 0.3895 -0.8612 0.3264
vn 0.2583 -0.8493 0.4605
vn -0.0348 -0.9994 -0.0047
vn -0.0381 -0.9993 0.0008
vn -0.0509 -0.9986 -0.0105
vn -0.0463 -0.9989 -0.0054
vn -0.0454 -0.9988 -0.0158
vn -0.0269 -0.9996 -0.0116
vn -0.0530 -0.9985 -0.0161
vn -0.0630 -0.9978 -0.0195
vn -0.0452 -0.9989 -0.0110
vn -0.0377 -0.9993 -0.0004
vn -0.0386 -0.9992 -0.0063
vn -0.0297 -0.9995 0.0053
vn 0.0033 0.6416 -0.7671
vn 0.1135 0.6571 -0.7452
vn -0.1088 0.0116 -0.9940
vn -0.1092 0.3716 -0.9219
vn 0.0072 0.0212 -0.9997
vn 0.0053 0.3619 -0.9322
vn -0.2634 -0.0062 -0.9647
vn -0.2447 0.3948 -0.8856
vn -0.1078 -0.2913 -0.9505
vn -0.2739 -0.4015 -0.8739
vn 0.0101 -0.2641 -0.9644
vn -0.1791 -0.9245 -0.3366
vn -0.3843 -0.5265 -0.7584
vn -0.1771 -0.8759 -0.4489
vn -0.0496 -0.9953 -0.0827
vn -0.0431 -0.9967 -0.0690
vn -0.0916 -0.7966 -0.5975
vn -0.0453 -0.9937 -0.1027
vn -0.4323 -0.0686 -0.8991
vn -0.3961 0.4112 -0.8210
vn -0.0479 -0.9981 -0.0396
vn -0.0504 -0.9975 -0.0488
vn -0.0469 -0.9973 -0.0569
vn -0.0443 -0.9976 -0.0541
vn -0.0522 -0.9970 -0.0573
vn -0.0528 -0.9981 -0.0314
vn -0.0387 -0.9974 -0.0603
vn -0.0385 -0.9973 -0.0624
vn -0.0393 -0.9972 -0.0640
vn -0.0448 -0.9985 -0.0299
vn -0.1324 -0.9802 -0.1473
vn -0.4344 -0.6927 -0.5757
vn -0.5918 -0.1660 -0.7888
vn -0.5692 0.3645 -0.7370
vn -0.0477 -0.9985 -0.0262
vn -0.0625 -0.9976 -0.0302
vn -0.0656 -0.9975 -0.0267
vn -0.0369 -0.9984 -0.0435
vn -0.0236 -0.9991 -0.0348
vn -0.0667 -0.9972 -0.0328
vn -0.0514 -0.9972 -0.0536
vn -0.0578 -0.9978 -0.0309
vn -0.0440 -0.9987 -0.0251
vn -0.0452 -0.9987 -0.0223
vn -0.0558 -0.9980 -0.0284
vn -0.0917 -0.9945 -0.0498
vn -0.1040 -0.9930 -0.0551
vn -0.4115 -0.8587 -0.3053
vn -0.7381 -0.3422 -0.5815
vn -0.7791 0.1527 -0.6080
vn -0.6399 0.6068 -0.4715
vn 0.3074 0.5594 -0.7698
vn 0.2827 0.6327 -0.7209
vn 0.2453 0.7186 -0.6507
vn 0.4392 0.4836 -0.7571
vn 0.4157 0.5666 -0.7115
vn 0.3871 0.6469 -0.6571
vn 0.4534 0.4058 -0.7935
vn 0.5620 0.3994 -0.7243
vn 0.5500 0.4799 -0.6836
vn 0.5287 0.5629 -0.6353
vn 0.4526 0.3352 -0.8263
vn 0.5703 0.3209 -0.7562
vn 0.6849 0.3042 -0.6621
vn 0.6812 0.3757 -0.6283
vn 0.6689 0.4596 -0.5843
vn 0.4475 0.2565 -0.8567
vn 0.5733 0.2431 -0.7824
vn 0.6891 0.2284 -0.6877
vn 0.7864 0.2104 -0.5808
vn 0.7849 0.2779 -0.5538
vn 0.7787 0.3488 -0.5214
vn 0.4409 0.1757 -0.8802
vn 0.5723 0.1614 -0.8040
vn 0.6910 0.1449 -0.7081
vn 0.7887 0.1333 -0.6002
vn 0.8671 0.1194 -0.4837
vn 0.8665 0.1861 -0.4633
vn 0.8632 0.2502 -0.4385
vn 0.4290 0.1016 -0.8976
vn 0.5648 0.0808 -0.8213
vn 0.6874 0.0647 -0.7234
vn 0.7890 0.0561 -0.6118
vn 0.8664 0.0463 -0.4972
vn 0.9302 0.0309 -0.3659
vn 0.9311 0.0989 -0.3510
vn 0.9287 0.1617 -0.3337
vn 0.4110 0.0239 -0.9113
vn 0.5493 -0.0003 -0.8356
vn 0.6802 -0.0198 -0.7328
vn 0.7849 -0.0253 -0.6192
vn 0.8613 -0.0304 -0.5072
vn 0.9254 -0.0368 -0.3772
vn 0.9674 -0.0443 -0.2495
vn 0.9712 0.0147 -0.2379
vn 0.9713 0.0799 -0.2242
vn 0.3898 -0.0679 -0.9184
vn 0.5295 -0.0786 -0.8447
vn 0.6649 -0.0897 -0.7415
vn 0.7774 -0.0965 -0.6216
vn 0.8555 -0.0944 -0.5091
vn 0.9208 -0.0923 -0.3790
vn 0.9627 -0.0932 -0.2540
vn 0.9794 -0.1001 -0.1753
vn 0.9849 -0.0543 -0.1646
vn 0.9885 0.0003 -0.1512
vn 0.3733 -0.1609 -0.9136
vn 0.5170 -0.1605 -0.8408
vn 0.6524 -0.1559 -0.7417
vn 0.7690 -0.1513 -0.6210
vn 0.8496 -0.1427 -0.5078
vn 0.9146 -0.1381 -0.3800
vn 0.9555 -0.1373 -0.2612
vn 0.9718 -0.1445 -0.1863
vn 0.9817 -0.1524 -0.1146
vn 0.9881 -0.1103 -0.1072
vn 0.9929 -0.0672 -0.0982
vn 0.3673 -0.2419 -0.8981
vn 0.5030 -0.2340 -0.8320
vn 0.6407 -0.2270 -0.7335
vn 0.7599 -0.2134 -0.6140
vn 0.8416 -0.1986 -0.5022
vn 0.9048 -0.1889 -0.3816
vn 0.9457 -0.1870 -0.2658
vn 0.9630 -0.1882 -0.1928
vn 0.9743 -0.1885 -0.1231
vn 0.9812 -0.1925 -0.0129
vn 0.9878 -0.1553 -0.0061
vn 0.9936 -0.1124 -0.0069
vn 0.3662 -0.3121 -0.8766
vn 0.4901 -0.2963 -0.8197
vn 0.6258 -0.2863 -0.7256
vn 0.7474 -0.2786 -0.6031
vn 0.8305 -0.2635 -0.4907
vn 0.8931 -0.2440 -0.3778
vn 0.9355 -0.2308 -0.2676
vn 0.9550 -0.2237 -0.1949
vn 0.9667 -0.2215 -0.1279
vn 0.9745 -0.2233 -0.0209
vn 0.9724 -0.2242 0.0648
vn 0.9786 -0.1943 0.0679
vn 0.9857 -0.1525 0.0710
vn 0.4799 -0.3677 -0.7966
vn 0.6063 -0.3461 -0.7160
vn 0.7288 -0.3355 -0.5969
vn 0.8181 -0.3158 -0.4805
vn 0.8839 -0.2902 -0.3668
vn 0.9277 -0.2659 -0.2622
vn 0.9477 -0.2541 -0.1928
vn 0.9581 -0.2526 -0.1349
vn 0.9656 -0.2580 -0.0325
vn 0.9632 -0.2617 0.0613
vn 0.9617 -0.2592 0.0891
vn 0.9701 -0.2240 0.0932
vn 0.9768 -0.1923 0.0944
vn 0.4648 -0.4368 -0.7701
vn 0.5912 -0.4116 -0.6936
vn 0.7132 -0.3844 -0.5862
vn 0.8091 -0.3524 -0.4702
vn 0.8764 -0.3218 -0.3584
vn 0.9192 -0.2988 -0.2565
vn 0.9380 -0.2893 -0.1910
vn 0.9486 -0.2836 -0.1407
vn 0.9582 -0.2810 -0.0537
vn 0.9554 -0.2908 0.0510
vn 0.9513 -0.2982 0.0782
vn 0.9539 -0.2754 0.1193
vn 0.9429 -0.3206 0.0905
vn 0.9648 -0.2274 0.1320
vn 0.4527 -0.4947 -0.7419
vn 0.5810 -0.4624 -0.6698
vn 0.7020 -0.4237 -0.5724
vn 0.7996 -0.3868 -0.4593
vn 0.8647 -0.3572 -0.3531
vn 0.9068 -0.3383 -0.2515
vn 0.9284 -0.3211 -0.1868
vn 0.9410 -0.3075 -0.1411
vn 0.9507 -0.3020 -0.0708
vn 0.9515 -0.3063 0.0301
vn 0.9465 -0.3152 0.0694
vn 0.9425 -0.3299 0.0530
vn 0.9313 -0.3583 0.0656
vn 0.9221 -0.3635 0.1326
vn 0.9393 -0.2910 0.1819
vn 0.4438 -0.5445 -0.7117
vn 0.5721 -0.5097 -0.6426
vn 0.6904 -0.4660 -0.5534
vn 0.7854 -0.4276 -0.4475
vn 0.8501 -0.3956 -0.3476
vn 0.8952 -0.3687 -0.2504
vn 0.9218 -0.3450 -0.1767
vn 0.9362 -0.3224 -0.1402
vn 0.9435 -0.3179 -0.0931
vn 0.9461 -0.3237 0.0061
vn 0.9427 -0.3289 0.0560
vn 0.9378 -0.3436 0.0493
vn 0.4348 -0.5841 -0.6854
vn 0.5615 -0.5520 -0.6165
vn 0.6758 -0.5112 -0.5310
vn 0.7681 -0.4712 -0.4337
vn 0.8363 -0.4331 -0.3362
vn 0.8857 -0.3932 -0.2468
vn 0.9156 -0.3637 -0.1718
vn 0.9298 -0.3446 -0.1292
vn 0.9364 -0.3343 -0.1071
vn 0.9417 -0.3349 -0.0323
vn 0.9400 -0.3381 0.0467
vn 0.4253 -0.6170 -0.6622
vn 0.5498 -0.5845 -0.5966
vn 0.6619 -0.5469 -0.5127
vn 0.7524 -0.5074 -0.4200
vn 0.8238 -0.4653 -0.3237
vn 0.8761 -0.4201 -0.2364
vn 0.9081 -0.3847 -0.1657
vn 0.9239 -0.3626 -0.1223
vn 0.9304 -0.3514 -0.1044
vn 0.9358 -0.3452 -0.0721
vn 0.4180 -0.6416 -0.6432
vn 0.5417 -0.6110 -0.5773
vn 0.6501 -0.5721 -0.5000
vn 0.7399 -0.5318 -0.4120
vn 0.8132 -0.4887 -0.3159
vn 0.8679 -0.4433 -0.2242
vn 0.9010 -0.4053 -0.1549
vn 0.9188 -0.3789 -0.1110
vn 0.4167 -0.6442 -0.6414
vn 0.5362 -0.6191 -0.5738
vn 0.6437 -0.5860 -0.4921
vn 0.7337 -0.5456 -0.4050
vn 0.8082 -0.4983 -0.3139
vn 0.8635 -0.4537 -0.2205
vn 0.8977 -0.4155 -0.1464
vn 0.4108 -0.6156 -0.6725
vn 0.5365 -0.5984 -0.5950
vn 0.6450 -0.5712 -0.5076
vn 0.7370 -0.5356 -0.4121
vn 0.8118 -0.4917 -0.3149
vn 0.8653 -0.4471 -0.2265
vn 0.2878 -0.5943 -0.7510
vn 0.4078 -0.5710 -0.7125
vn 0.1642 -0.6253 -0.7629
vn 0.5364 -0.5545 -0.6363
vn 0.6511 -0.5341 -0.5393
vn 0.7459 -0.5023 -0.4374
vn 0.3034 -0.5115 -0.8040
vn 0.4236 -0.4988 -0.7562
vn 0.1820 -0.5368 -0.8238
vn 0.5446 -0.4831 -0.6856
vn 0.6621 -0.4632 -0.5892
vn 0.3189 -0.3794 -0.8686
vn 0.4432 -0.3813 -0.8113
vn 0.1821 -0.4442 -0.8772
vn 0.5656 -0.3806 -0.7316
vn -0.7798 0.6167 -0.1075
vn -0.7796 0.6076 -0.1520
vn -0.8748 0.4788 -0.0737
vn -0.8782 0.4671 -0.1028
vn -0.6539 0.7414 -0.1505
vn -0.6495 0.7317 -0.2066
vn -0.7794 0.6223 -0.0722
vn -0.6584 0.7454 -0.1044
vn -0.8687 0.4930 -0.0482
vn -0.9326 0.3570 -0.0525
vn -0.9266 0.3748 -0.0319
vn -0.9380 0.3394 -0.0703
vn -0.9205 0.3907 0.0035
vn -0.8662 0.4990 -0.0271
vn -0.7790 0.6244 -0.0570
vn -0.9169 0.3940 0.0642
vn -0.8665 0.4980 0.0334
vn -0.7785 0.6277 -0.0009
vn -0.9683 0.2471 -0.0356
vn -0.9645 0.2639 -0.0089
vn -0.9737 0.2210 -0.0559
vn -0.9609 0.2752 0.0309
vn -0.9534 0.2887 0.0874
vn -0.9412 0.3069 0.1412
vn -0.9067 0.4004 0.1324
vn -0.8551 0.5050 0.1171
vn -0.9285 0.3237 0.1817
vn -0.8970 0.4063 0.1743
vn -0.8457 0.5101 0.1567
vn -0.9893 0.1450 -0.0137
vn -0.9862 0.1633 0.0256
vn -0.9916 0.1212 -0.0445
vn -0.9827 0.1740 0.0631
vn -0.9772 0.1863 0.1018
vn -0.9682 0.2077 0.1392
vn -0.9563 0.2313 0.1786
vn -0.9446 0.2456 0.2176
vn -0.9196 0.3282 0.2157
vn -0.8905 0.4045 0.2082
vn -0.9104 0.3269 0.2537
vn -0.8821 0.4006 0.2479
vn -0.9333 0.2570 0.2507
vn -0.9983 0.0547 0.0201
vn -0.9957 0.0725 0.0580
vn -0.9991 0.0369 -0.0198
vn -0.9922 0.0910 0.0855
vn -0.9880 0.1079 0.1109
vn -0.9824 0.1236 0.1403
vn -0.9754 0.1350 0.1745
vn -0.9655 0.1511 0.2120
vn -0.9548 0.1694 0.2441
vn -0.9408 0.1821 0.2858
vn -0.9191 0.2669 0.2899
vn -0.8954 0.3342 0.2943
vn -0.8919 0.2829 0.3529
vn -0.8670 0.3485 0.3561
vn -0.9158 0.2028 0.3467
vn -0.9986 -0.0130 0.0516
vn -0.9970 0.0063 0.0765
vn -0.9995 -0.0281 0.0151
vn -0.9952 0.0263 0.0946
vn -0.9922 0.0440 0.1170
vn -0.9876 0.0556 0.1470
vn -0.9822 0.0617 0.1775
vn -0.9752 0.0741 0.2085
vn -0.9669 0.0860 0.2402
vn -0.9553 0.0935 0.2806
vn -0.9322 0.1069 0.3459
vn -0.8665 0.2332 0.4415
vn -0.8806 0.1346 0.4542
vn -0.8438 0.3155 0.4341
vn -0.9953 -0.0648 0.0723
vn -0.9955 -0.0426 0.0846
vn -0.9946 -0.0903 0.0504
vn -0.9947 -0.0233 0.0998
vn -0.9923 -0.0065 0.1233
vn -0.9881 0.0058 0.1535
vn -0.9833 0.0159 0.1812
vn -0.9775 0.0238 0.2096
vn -0.9696 0.0258 0.2432
vn -0.9593 0.0337 0.2804
vn -0.9373 0.0379 0.3464
vn -0.8810 0.0414 0.4713
vn -0.7788 0.0574 0.6246
vn -0.7873 0.1604 0.5954
vn -0.7779 0.2640 0.5703
vn -0.6494 0.0947 0.7545
vn -0.6651 0.1801 0.7247
vn -0.6599 0.2844 0.6955
vn -0.9909 -0.1116 0.0751
vn -0.9925 -0.0859 0.0866
vn -0.9888 -0.1304 0.0721
vn -0.9924 -0.0657 0.1043
vn -0.9906 -0.0477 0.1280
vn -0.9874 -0.0322 0.1552
vn -0.9828 -0.0125 0.1840
vn -0.9764 -0.0053 0.2159
vn -0.9693 -0.0016 0.2458
vn -0.9576 -0.0081 0.2878
vn -0.9306 -0.0380 0.3640
vn -0.8637 -0.0647 0.4998
vn -0.7661 -0.0286 0.6421
vn -0.6563 0.0513 0.7527
vn -0.5165 0.1149 0.8485
vn -0.5436 0.1355 0.8284
vn -0.5236 0.1708 0.8347
vn -0.3876 0.1464 0.9101
vn -0.3845 0.1401 0.9124
vn -0.4155 0.2035 0.8865
vn -0.9874 -0.1516 0.0443
vn -0.9851 -0.1566 0.0707
vn -0.9820 -0.1779 0.0643
vn -0.9931 -0.1172 0.0023
vn -0.9877 -0.1405 0.0690
vn -0.9894 -0.1175 0.0850
vn -0.9899 -0.0938 0.1065
vn -0.9878 -0.0793 0.1341
vn -0.9858 -0.0631 0.1559
vn -0.9812 -0.0431 0.1883
vn -0.9749 -0.0271 0.2209
vn -0.9664 -0.0205 0.2564
vn -0.9499 -0.0447 0.3094
vn -0.9131 -0.1050 0.3941
vn -0.8472 -0.1293 0.5152
vn -0.7687 -0.0740 0.6353
vn -0.6877 0.0321 0.7253
vn -0.5779 0.1292 0.8058
vn -0.4376 0.1891 0.8791
vn -0.2560 0.2342 0.9379
vn -0.2795 0.2316 0.9318
vn -0.2660 0.1554 0.9514
vn -0.1431 0.2484 0.9580
vn -0.1732 0.1265 0.9767
vn -0.1686 0.2616 0.9503
vn -0.9800 -0.1882 0.0648
vn -0.9758 -0.2086 0.0655
vn -0.9830 -0.1696 0.0697
vn -0.9853 -0.1475 0.0863
vn -0.9858 -0.1217 0.1153
vn -0.9854 -0.0983 0.1391
vn -0.9846 -0.0774 0.1565
vn -0.9797 -0.0580 0.1920
vn -0.9736 -0.0387 0.2251
vn -0.9627 -0.0266 0.2691
vn -0.9435 -0.0307 0.3300
vn -0.9030 -0.0847 0.4213
vn -0.8439 -0.1164 0.5237
vn -0.7837 -0.0758 0.6165
vn -0.7131 0.0046 0.7010
vn -0.6023 0.0970 0.7924
vn -0.4554 0.1654 0.8748
vn -0.2976 0.2190 0.9292
vn -0.1524 0.2461 0.9572
vn -0.0661 0.2489 0.9663
vn -0.0016 0.2384 0.9712
vn -0.0410 0.2461 0.9684
vn -0.9728 -0.2225 0.0639
vn -0.9675 -0.2454 0.0613
vn -0.9769 -0.2006 0.0740
vn -0.9804 -0.1730 0.0939
vn -0.9825 -0.1455 0.1167
vn -0.9846 -0.1172 0.1297
vn -0.9827 -0.0869 0.1635
vn -0.9803 -0.0576 0.1887
vn -0.9739 -0.0279 0.2252
vn -0.9626 -0.0044 0.2709
vn -0.9353 0.0009 0.3539
vn -0.8993 -0.0126 0.4371
vn -0.8489 -0.0315 0.5276
vn -0.7979 -0.0197 0.6025
vn -0.7316 0.0146 0.6815
vn -0.6205 0.0800 0.7801
vn -0.4629 0.1257 0.8775
vn -0.2967 0.1593 0.9416
vn -0.9665 -0.2503 0.0573
vn -0.9718 -0.2248 0.0717
vn -0.9607 -0.2725 0.0528
vn -0.9766 -0.1948 0.0917
vn -0.9798 -0.1675 0.1097
vn -0.9820 -0.1355 0.1318
vn -0.9823 -0.0985 0.1595
vn -0.9824 -0.0611 0.1766
vn -0.9739 -0.0154 0.2265
vn -0.9603 0.0246 0.2779
vn -0.9329 0.0689 0.3536
vn -0.8995 0.1129 0.4222
vn -0.8482 0.1175 0.5165
vn -0.7991 0.0980 0.5932
vn -0.7313 0.0723 0.6782
vn -0.5953 0.0635 0.8010
vn -0.9600 -0.2758 0.0490
vn -0.9671 -0.2456 0.0664
vn -0.9522 -0.3029 0.0382
vn -0.9737 -0.2098 0.0883
vn -0.9778 -0.1803 0.1069
vn -0.9806 -0.1480 0.1283
vn -0.9822 -0.1125 0.1502
vn -0.9811 -0.0704 0.1802
vn -0.9768 -0.0137 0.2138
vn -0.9653 0.0516 0.2561
vn -0.9377 0.1343 0.3203
vn -0.8899 0.2073 0.4064
vn -0.8292 0.2497 0.5000
vn -0.7692 0.2443 0.5904
vn -0.9537 -0.2971 0.0474
vn -0.9602 -0.2722 0.0621
vn -0.9465 -0.3214 0.0280
vn -0.9684 -0.2343 0.0855
vn -0.9741 -0.1992 0.1067
vn -0.9785 -0.1601 0.1303
vn -0.9805 -0.1272 0.1495
vn -0.9809 -0.0887 0.1729
vn -0.9785 -0.0313 0.2040
vn -0.9653 0.0339 0.2591
vn -0.9408 0.1161 0.3184
vn -0.8911 0.2169 0.3987
vn -0.9450 -0.3236 0.0465
vn -0.9537 -0.2948 0.0592
vn -0.9381 -0.3448 0.0316
vn -0.9630 -0.2550 0.0870
vn -0.9686 -0.2231 0.1096
vn -0.9747 -0.1821 0.1299
vn -0.9774 -0.1419 0.1568
vn -0.9767 -0.1153 0.1810
vn -0.9733 -0.0662 0.2199
vn -0.9627 -0.0118 0.2704
vn -0.9344 -0.3531 0.0470
vn -0.9444 -0.3240 0.0564
vn -0.9318 -0.3606 0.0412
vn -0.9561 -0.2794 0.0882
vn -0.9633 -0.2448 0.1098
vn -0.9689 -0.2097 0.1314
vn -0.9713 -0.1661 0.1704
vn -0.9699 -0.1403 0.1992
vn -0.9250 -0.3762 0.0529
vn -0.9323 -0.3571 0.0566
vn -0.9274 -0.3701 0.0548
vn -0.9465 -0.3108 0.0871
vn -0.9575 -0.2688 0.1047
vn -0.9637 -0.2301 0.1356
vn -0.9118 -0.4027 0.0804
vn -0.9144 -0.3987 0.0699
vn -0.9308 -0.3508 0.1029
vn -0.9307 -0.3544 0.0901
vn -0.0070 -0.9999 0.0131
vn -0.0050 -0.9998 0.0179
vn -0.0061 -0.9999 0.0135
vn -0.0035 -0.9998 0.0190
vn -0.0033 -0.9999 0.0101
vn -0.0079 -0.9999 0.0085
vn 0.0041 -0.9999 0.0125
vn 0.0057 -0.9999 0.0098
vn 0.0046 -0.9999 0.0166
vn -0.0036 -0.9997 0.0227
vn -0.0013 -0.9997 0.0236
vn 0.0047 -0.9998 0.0191
vn -0.0067 -0.9999 0.0086
vn -0.0049 -0.9999 0.0106
vn -0.0065 -0.9999 0.0093
vn -0.0102 -0.9999 0.0116
vn 0.0020 -1.0000 0.0091
vn -0.0032 -0.9999 0.0141
vn -0.0024 -0.9998 0.0176
vn -0.0026 -0.9998 0.0210
vn -0.0037 -0.9997 0.0243
vn -0.0032 -0.9998 0.0217
vn -0.0037 -0.9999 0.0101
vn -0.0035 -0.9999 0.0122
vn -0.0042 -0.9999 0.0095
vn -0.0042 -0.9999 0.0143
vn -0.0065 -0.9999 0.0155
vn -0.0025 -0.9997 0.0249
vn -0.0127 -0.9998 0.0162
vn -0.0040 -0.9998 0.0215
vn 0.0085 -0.9998 0.0152
vn 0.0003 -0.9998 0.0177
vn 0.0018 -0.9998 0.0173
vn 0.0020 -0.9998 0.0180
vn 0.0110 -0.9999 0.0122
vn 0.0013 -0.9999 0.0143
vn -0.0005 -0.9999 0.0116
vn -0.0020 -0.9999 0.0121
vn -0.0024 -0.9999 0.0161
vn -0.0158 -0.9998 0.0121
vn -0.0111 -0.9999 0.0128
vn -0.0204 -0.9997 0.0097
vn -0.0156 -0.9998 0.0115
vn -0.0109 -0.9998 0.0150
vn -0.0069 -0.9999 0.0157
vn -0.0221 -0.9997 0.0092
vn -0.0163 -0.9998 0.0126
vn -0.0264 -0.9996 0.0054
vn -0.0327 -0.9995 -0.0006
vn -0.0297 -0.9995 0.0045
vn -0.0229 -0.9997 0.0088
vn -0.0235 -0.9997 0.0073
vn -0.0292 -0.9996 0.0023
vn -0.0184 -0.9998 0.0091
vn -0.0342 -0.9994 -0.0042
vn -0.0385 -0.9992 -0.0104
vn -0.0431 -0.9989 -0.0161
vn -0.0495 -0.9985 -0.0228
vn -0.0283 -0.9994 -0.0201
vn -0.0229 -0.9997 0.0065
vn -0.0274 -0.9996 0.0040
vn -0.0133 -0.9999 0.0099
vn -0.0200 -0.9998 0.0099
vn -0.0113 -0.9999 0.0127
vn -0.0324 -0.9995 -0.0014
vn -0.0369 -0.9993 -0.0088
vn -0.0411 -0.9990 -0.0158
vn -0.0456 -0.9987 -0.0223
vn -0.0197 -0.9998 0.0091
vn -0.0242 -0.9997 0.0036
vn -0.0114 -0.9997 0.0216
vn -0.0052 -0.9998 0.0187
vn -0.0282 -0.9996 -0.0004
vn -0.0328 -0.9994 -0.0064
vn -0.0041 -0.9999 0.0117
vn -0.0044 -0.9999 0.0118
vn -0.0069 -0.9999 0.0123
vn -0.0124 -0.9998 0.0140
vn -0.0068 -0.9999 0.0112
vn -0.0052 -0.9999 0.0148
vn -0.0029 -0.9999 0.0108
vn -0.0070 -0.9999 0.0099
vn -0.0026 -0.9999 0.0105
vn -0.0109 -0.9999 0.0126
vn -0.0188 -0.9997 0.0177
vn -0.0066 -0.9999 0.0099
vn -0.0192 -0.9988 0.0444
vn -0.0299 -0.9987 0.0418
vn -0.0046 -0.9992 0.0403
vn -0.0392 -0.9983 0.0430
vn -0.0201 -0.9996 0.0207
vn -0.0181 -0.9993 0.0321
vn -0.0129 -0.9998 0.0144
vn -0.0154 -0.9997 0.0197
vn -0.0135 -0.9998 0.0156
vn -0.0093 -0.9997 0.0212
vn -0.0072 -0.9990 0.0451
vn 0.0011 -0.8668 0.4986
vn -0.0528 -0.8912 0.4505
vn -0.0061 -0.9998 0.0175
vn -0.1190 -0.9073 0.4033
vn -0.1550 -0.9275 0.3403
vn -0.1570 -0.9473 0.2792
vn -0.1569 -0.9609 0.2283
vn -0.1791 -0.9664 0.1844
vn -0.0095 -0.9998 0.0147
vn -0.1992 -0.9682 0.1514
vn -0.0138 -0.9998 0.0158
vn -0.0109 -0.9999 0.0088
vn -0.0150 -0.9998 0.0110
vn -0.2033 -0.9717 0.1200
vn -0.0950 -0.3958 0.9134
vn -0.2191 -0.4589 0.8610
vn 0.0216 -0.3514 0.9360
vn -0.3217 -0.5123 0.7963
vn -0.3948 -0.5641 0.7252
vn -0.4888 -0.5885 0.6440
vn -0.5712 -0.6096 0.5497
vn -0.6207 -0.6305 0.4661
vn -0.6689 -0.6368 0.3834
vn -0.2124 -0.9732 0.0876
vn -0.7139 -0.6317 0.3020
vn -0.0160 -0.9999 0.0023
vn -0.1035 0.0829 0.9912
vn -0.2357 0.0351 0.9712
vn 0.0152 0.0887 0.9959
vn -0.3733 0.0190 0.9275
vn -0.4902 0.0094 0.8716
vn -0.6132 -0.0032 0.7899
vn -0.7163 -0.0334 0.6970
vn -0.8023 -0.0455 0.5952
vn -0.8787 -0.0264 0.4766
vn -0.9287 -0.0050 0.3709
vn -0.7419 -0.6283 0.2341
vn -0.9593 0.0208 0.2816
vn -0.2186 -0.9739 0.0604
vn -0.7684 -0.6172 0.1689
vn -0.9797 0.0462 0.1950
vn -0.2211 -0.9743 0.0426
vn 0.0043 0.5100 0.8602
vn -0.0897 0.4999 0.8614
vn 0.1169 0.1080 0.9873
vn 0.0911 0.5342 0.8405
vn 0.1180 -0.3130 0.9424
vn -0.2135 0.4941 0.8428
vn -0.3380 0.4885 0.8044
vn -0.4377 0.5049 0.7440
vn -0.5317 0.4986 0.6846
vn -0.6191 0.4884 0.6150
vn -0.6888 0.5184 0.5067
vn -0.7392 0.5512 0.3870
vn -0.7733 0.5640 0.2897
vn -0.7933 0.5704 0.2127
vn -0.8118 0.5629 0.1554
vn -0.0037 0.8339 0.5519
vn -0.0663 0.8341 0.5476
vn 0.0493 0.8477 0.5282
vn -0.1471 0.8437 0.5162
vn -0.2255 0.8429 0.4885
vn -0.2812 0.8450 0.4548
vn -0.3282 0.8434 0.4254
vn -0.3664 0.8552 0.3665
vn -0.3824 0.8793 0.2838
vn -0.3940 0.8953 0.2076
vn -0.4176 0.8946 0.1590
vn -0.4427 0.8882 0.1226
vn 0.1115 0.8755 0.4702
vn 0.0459 0.9128 0.4059
vn 0.0979 0.9190 0.3818
vn 0.1761 0.5795 0.7957
vn -0.0048 0.9069 0.4212
vn -0.0625 0.9099 0.4100
vn -0.1222 0.9188 0.3752
vn -0.1746 0.9176 0.3571
vn -0.2152 0.9135 0.3452
vn -0.2511 0.9162 0.3123
vn -0.2766 0.9248 0.2613
vn -0.2932 0.9327 0.2099
vn -0.3108 0.9356 0.1673
vn -0.3261 0.9360 0.1326
vn 0.0689 0.8520 0.5190
vn -0.0121 0.8560 0.5168
vn 0.1373 0.8455 0.5160
vn -0.0910 0.8633 0.4964
vn -0.1569 0.8693 0.4686
vn -0.2142 0.8682 0.4476
vn -0.2651 0.8702 0.4153
vn -0.3116 0.8769 0.3660
vn -0.3524 0.8843 0.3063
vn -0.3843 0.8884 0.2513
vn -0.4067 0.8907 0.2032
vn 0.0842 0.7344 0.6735
vn -0.0247 0.7432 0.6687
vn 0.1792 0.7241 0.6660
vn -0.1259 0.7468 0.6530
vn -0.2091 0.7483 0.6296
vn -0.2883 0.7539 0.5903
vn -0.3605 0.7664 0.5317
vn -0.4215 0.7838 0.4561
vn -0.4758 0.7889 0.3890
vn -0.5225 0.7904 0.3198
vn 0.2189 0.5607 0.7985
vn 0.0895 0.5755 0.8129
vn 0.2752 0.7237 0.6328
vn 0.3351 0.5559 0.7607
vn 0.2067 0.8429 0.4967
vn -0.0340 0.5841 0.8110
vn -0.1502 0.5749 0.8043
vn -0.2631 0.5780 0.7725
vn -0.3692 0.5925 0.7160
vn -0.4655 0.6109 0.6404
vn -0.5419 0.6247 0.5621
vn -0.6073 0.6313 0.4824
vn 0.2336 0.3939 0.8890
vn 0.0851 0.4105 0.9079
vn 0.3732 0.3825 0.8452
vn -0.0332 0.4097 0.9116
vn -0.1651 0.4006 0.9012
vn -0.3043 0.4034 0.8629
vn -0.4319 0.4096 0.8035
vn -0.5485 0.4275 0.7186
vn -0.6340 0.4451 0.6325
vn 0.5094 0.3851 0.7695
vn 0.3920 0.2602 0.8824
vn 0.5406 0.2678 0.7975
vn 0.4550 0.5407 0.7075
vn 0.2325 0.2684 0.9348
vn 0.0843 0.2742 0.9580
vn -0.0358 0.2799 0.9594
vn -0.1756 0.2802 0.9437
vn -0.3220 0.2742 0.9062
vn -0.4635 0.2773 0.8416
vn -0.5908 0.2885 0.7535
vn 0.4019 0.1581 0.9020
vn 0.2295 0.1655 0.9591
vn 0.5573 0.1566 0.8154
vn 0.0768 0.1735 0.9818
vn -0.0446 0.1834 0.9820
vn -0.1799 0.1844 0.9662
vn -0.3268 0.1773 0.9283
vn -0.4772 0.1689 0.8624
vn 0.4017 0.0530 0.9142
vn 0.2220 0.0639 0.9729
vn 0.5652 0.0494 0.8235
vn 0.0682 0.0708 0.9952
vn -0.0490 0.0742 0.9960
vn -0.1811 0.0701 0.9810
vn -0.3236 0.0707 0.9435
vn 0.5709 -0.0354 0.8203
vn 0.3948 -0.0453 0.9177
vn 0.7116 0.0579 0.7002
vn 0.7204 -0.0199 0.6933
vn 0.6970 0.1532 0.7005
vn 0.2131 -0.0415 0.9762
vn 0.0637 -0.0408 0.9971
vn -0.0460 -0.0394 0.9982
vn -0.1737 -0.0410 0.9839
vn 0.5767 -0.1092 0.8096
vn 0.3921 -0.1329 0.9103
vn 0.7262 -0.0854 0.6822
vn 0.2068 -0.1380 0.9686
vn 0.0633 -0.1360 0.9887
vn -0.0443 -0.1344 0.9899
vn 0.8466 -0.0675 0.5280
vn 0.7322 -0.1543 0.6634
vn 0.8491 -0.1249 0.5133
vn 0.8424 -0.0102 0.5388
vn 0.5805 -0.1858 0.7928
vn 0.3897 -0.2082 0.8971
vn 0.2017 -0.2167 0.9552
vn 0.0622 -0.2170 0.9742
vn 0.7372 -0.2155 0.6403
vn 0.5791 -0.2572 0.7736
vn 0.8536 -0.1742 0.4909
vn 0.3841 -0.2823 0.8791
vn 0.2032 -0.2934 0.9341
vn 0.7416 -0.2606 0.6182
vn 0.5803 -0.3131 0.7518
vn 0.8566 -0.2121 0.4703
vn 0.3822 -0.3506 0.8550
vn 0.8595 -0.2397 0.4514
vn 0.7489 -0.2999 0.5909
vn 0.9256 -0.1825 0.3317
vn 0.9255 -0.2076 0.3167
vn 0.9250 -0.1458 0.3509
vn 0.5866 -0.3678 0.7216
vn 0.8637 -0.2773 0.4208
vn 0.7585 -0.3425 0.5544
vn 0.9243 -0.2386 0.2980
vn 0.9519 -0.2295 0.2032
vn 0.9164 -0.3014 0.2634
vn 0.9588 -0.1917 0.2097
vn 0.8669 -0.3280 0.3754
vn -0.0041 -0.9999 0.0111
vn -0.0072 -0.9999 0.0114
vn -0.0082 -0.9999 0.0130
vn -0.0098 -0.9999 0.0138
vn -0.0140 -0.9998 0.0148
vn -0.0129 -0.9998 0.0127
vn -0.0159 -0.9998 0.0118
vn -0.0170 -0.9998 0.0099
vn -0.0186 -0.9998 0.0076
vn -0.0215 -0.9998 0.0053
vn -0.0220 -0.9998 0.0026
vn -0.0178 -0.9998 0.0055
vn -0.0219 -0.9998 -0.0003
vn -0.0213 -0.9998 -0.0039
vn -0.0267 -0.9996 -0.0066
vn -0.0292 -0.9995 -0.0103
vn -0.0258 -0.9997 -0.0031
vn -0.8143 -0.5774 0.0602
vn -0.9936 0.0577 0.0969
vn -0.2419 -0.9703 0.0058
vn -0.0052 -0.9999 0.0108
vn -0.0117 -0.9999 0.0114
vn -0.0088 -0.9999 0.0124
vn 0.0044 -0.9999 0.0100
vn 0.0041 -0.9999 0.0118
vn 0.0052 -0.9999 0.0092
vn 0.0081 -0.9999 0.0064
vn 0.0020 -1.0000 0.0061
vn 0.0056 -1.0000 0.0014
vn 0.0063 -0.9999 0.0095
vn 0.0090 -0.9999 0.0080
vn 0.0011 -0.9999 0.0113
vn -0.0034 -0.9999 0.0151
vn 0.0832 -0.9864 0.1416
vn 0.0349 -0.9931 0.1123
vn 0.0133 -0.9999 -0.0007
vn 0.1388 -0.9770 0.1616
vn 0.0133 -0.9999 0.0038
vn 0.0175 -0.9955 0.0933
vn 0.5736 -0.6381 0.5137
vn 0.4555 -0.6704 0.5858
vn 0.2008 -0.9669 0.1576
vn 0.2748 -0.9514 0.1388
vn 0.6655 -0.6116 0.4279
vn 0.0239 -0.9997 -0.0040
vn 0.0464 -0.9989 -0.0069
vn 0.3422 -0.7032 0.6232
vn 0.7028 -0.6081 0.3692
vn 0.7395 -0.5865 0.3305
vn 0.8816 -0.0162 0.4717
vn 0.9183 0.0585 0.3915
vn 0.3059 -0.9437 0.1257
vn 0.3078 -0.9436 0.1218
vn 0.8148 -0.0800 0.5742
vn 0.7157 -0.1076 0.6900
vn 0.7170 0.6366 0.2841
vn 0.7248 0.5841 0.3654
vn 0.9411 0.1312 0.3118
vn 0.7018 0.6747 0.2285
vn 0.7920 -0.5441 0.2770
vn 0.4078 0.9049 0.1217
vn 0.4201 0.8966 0.1405
vn 0.6898 0.6989 0.1892
vn 0.6907 0.7169 0.0952
vn 0.4065 0.9103 0.0788
vn 0.9552 0.1695 0.2425
vn 0.9709 0.2040 0.1251
vn 0.3420 0.9397 0.0085
vn 0.3419 0.9368 0.0739
vn 0.4291 0.9032 0.0128
vn 0.4533 0.8895 -0.0572
vn 0.3496 0.9363 -0.0334
vn 0.7072 0.7069 -0.0135
vn 0.7053 0.7005 -0.1088
vn 0.0050 -0.9977 0.0675
vn 0.2165 -0.7502 0.6248
vn 0.1204 -0.8047 0.5814
vn 0.0695 -0.8416 0.5356
vn 0.5904 -0.1339 0.7959
vn 0.4635 -0.1699 0.8696
vn 0.3249 -0.2130 0.9215
vn 0.2067 -0.2653 0.9417
vn 0.7084 0.4993 0.4989
vn 0.6427 0.4153 0.6438
vn 0.5533 0.3387 0.7610
vn 0.4602 0.2649 0.8474
vn 0.3333 0.1859 0.9243
vn 0.2119 0.1345 0.9680
vn 0.4247 0.8903 0.1641
vn 0.4267 0.8802 0.2077
vn 0.4174 0.8627 0.2854
vn 0.4025 0.8208 0.4054
vn 0.3846 0.7565 0.5290
vn 0.3485 0.7023 0.6207
vn 0.2748 0.6499 0.7086
vn 0.3391 0.9350 0.1036
vn 0.3376 0.9342 0.1156
vn 0.3300 0.9348 0.1315
vn 0.3171 0.9352 0.1576
vn 0.2903 0.9357 0.2007
vn 0.2610 0.9300 0.2587
vn 0.2419 0.9151 0.3225
vn 0.2154 0.9012 0.3760
vn 0.1699 0.8956 0.4112
vn 0.4329 0.9012 -0.0197
vn 0.4303 0.9027 0.0047
vn 0.3737 0.9266 -0.0433
vn 0.4429 0.8958 -0.0388
vn 0.4592 0.8831 -0.0963
vn 0.4265 0.9018 0.0692
vn 0.4139 0.9036 0.1108
vn 0.4044 0.9057 0.1274
vn 0.3917 0.9075 0.1519
vn 0.3704 0.9118 0.1773
vn 0.3423 0.9113 0.2290
vn 0.2987 0.9110 0.2842
vn 0.2537 0.9117 0.3231
vn 0.2055 0.9118 0.3556
vn 0.1502 0.9171 0.3692
vn 0.5895 0.8073 -0.0254
vn 0.5911 0.8066 -0.0026
vn 0.5858 0.8078 -0.0657
vn 0.5884 0.8057 0.0676
vn 0.5726 0.8096 0.1289
vn 0.5563 0.8169 0.1523
vn 0.5400 0.8199 0.1905
vn 0.5111 0.8278 0.2311
vn 0.4656 0.8367 0.2884
vn 0.4056 0.8406 0.3591
vn 0.3449 0.8419 0.4150
vn 0.2782 0.8413 0.4635
vn 0.7483 0.6616 -0.0469
vn 0.7425 0.6609 -0.1093
vn 0.7407 0.6717 -0.0099
vn 0.7316 0.6788 0.0626
vn 0.7239 0.6760 0.1378
vn 0.7148 0.6776 0.1731
vn 0.6985 0.6805 0.2214
vn 0.6690 0.6856 0.2871
vn 0.6168 0.6974 0.3648
vn 0.5428 0.7072 0.4530
vn 0.4632 0.7138 0.5252
vn 0.3709 0.7164 0.5909
vn 0.8475 0.5307 -0.0139
vn 0.8368 0.5442 0.0597
vn 0.8511 0.5201 -0.0718
vn 0.8296 0.5422 0.1335
vn 0.8233 0.5388 0.1784
vn 0.8073 0.5403 0.2374
vn 0.7775 0.5444 0.3149
vn 0.7306 0.5455 0.4106
vn 0.6592 0.5415 0.5218
vn 0.5714 0.5394 0.6185
vn 0.9133 0.4067 -0.0217
vn 0.9074 0.4165 0.0569
vn 0.9122 0.3991 -0.0924
vn 0.8996 0.4173 0.1288
vn 0.8909 0.4181 0.1774
vn 0.8764 0.4160 0.2426
vn 0.8519 0.4100 0.3257
vn 0.8088 0.4014 0.4298
vn 0.7352 0.3950 0.5508
vn 0.6388 0.3869 0.6650
vn 0.9459 0.3201 0.0534
vn 0.9385 0.3218 0.1250
vn 0.9499 0.3112 -0.0290
vn 0.9315 0.3200 0.1728
vn 0.9207 0.3119 0.2346
vn 0.9005 0.2972 0.3175
vn 0.8599 0.2777 0.4283
vn 0.7824 0.2618 0.5651
vn 0.6763 0.2631 0.6880
vn 0.9736 0.2234 0.0469
vn 0.9677 0.2238 0.1159
vn 0.9759 0.2156 -0.0347
vn 0.9630 0.2171 0.1600
vn 0.9533 0.2063 0.2207
vn 0.9323 0.1958 0.3041
vn 0.8927 0.1816 0.4124
vn 0.8113 0.1571 0.5631
vn 0.9925 0.1168 0.0350
vn 0.9916 0.1207 -0.0455
vn 0.9882 0.1159 0.1004
vn 0.9840 0.1075 0.1423
vn 0.9740 0.0966 0.2047
vn 0.9527 0.0878 0.2910
vn 0.9147 0.0810 0.3959
vn 0.8320 0.0663 0.5508
vn 0.9962 0.0174 0.0848
vn 0.9921 0.0135 0.1250
vn 0.9996 0.0237 0.0175
vn 0.9824 0.0056 0.1866
vn 0.9606 -0.0032 0.2778
vn 0.9234 -0.0040 0.3839
vn 0.9964 -0.0422 0.0732
vn 0.9923 -0.0460 0.1149
vn 0.9994 -0.0346 0.0003
vn 0.9832 -0.0520 0.1749
vn 0.9610 -0.0607 0.2698
vn 0.9230 -0.0626 0.3796
vn 0.9915 -0.0731 0.1078
vn 0.9829 -0.0807 0.1657
vn 0.9949 -0.0733 0.0689
vn 0.9614 -0.0923 0.2591
vn 0.9228 -0.1062 0.3704
vn 0.9893 -0.1042 0.1024
vn 0.9820 -0.1111 0.1530
vn 0.9917 -0.1074 0.0700
vn 0.9618 -0.1267 0.2425
vn 0.9842 -0.1485 0.0964
vn 0.9791 -0.1496 0.1379
vn 0.9618 -0.1611 0.2215
vn 0.9728 -0.1895 0.1335
vn 0.9010 -0.3792 0.2106
vn 0.0093 -0.9998 0.0184
vn 0.0281 -0.9995 0.0147
vn 0.0005 -0.9998 0.0211
vn -0.0013 -0.9998 0.0207
vn -0.0020 -0.9998 0.0197
vn -0.0034 -0.9998 0.0196
vn -0.0031 -0.9998 0.0189
vn -0.0002 -0.9999 0.0158
vn -0.0026 -0.9998 0.0175
vn -0.0037 -0.9998 0.0195
vn -0.0051 -0.9999 0.0124
vn -0.0042 -0.9999 0.0156
vn -0.0047 -0.9998 0.0180
vn -0.0080 -0.9998 0.0166
vn -0.0066 -0.9999 0.0159
vn -0.0058 -0.9999 0.0132
vn -0.0053 -0.9999 0.0140
vn -0.0050 -0.9999 0.0115
vn -0.0123 -0.9998 0.0129
vn -0.0104 -0.9999 0.0094
vn -0.5942 0.1329 0.7933
vn -0.6325 0.1161 0.7658
vn -0.6621 0.1197 0.7398
vn -0.6611 0.0942 0.7444
vn -0.4555 0.0963 0.8850
vn -0.5413 0.0984 0.8350
vn -0.5471 0.1831 0.8168
vn -0.3866 0.1871 0.9031
vn -0.6500 0.1424 0.7465
vn -0.3179 0.0332 0.9475
vn -0.3964 0.1339 0.9083
vn -0.5824 0.1328 0.8020
vn -0.2450 0.0521 0.9681
vn -0.6286 0.0978 0.7715
vn -0.6390 0.0586 0.7669
vn -0.5897 0.1030 0.8010
vn -0.6052 0.0661 0.7934
vn -0.4380 0.0962 0.8938
vn -0.4707 0.0660 0.8798
vn -0.6043 0.1272 0.7866
vn -0.1292 0.0738 0.9889
vn -0.1640 0.0346 0.9859
vn -0.0836 0.0966 0.9918
vn -0.5883 0.0677 0.8058
vn -0.1588 0.1761 0.9715
vn -0.4931 0.2001 0.8467
vn 0.2252 0.0457 0.9733
vn 0.2577 0.2173 0.9415
vn 0.2328 0.0760 0.9695
vn -0.5729 0.1951 0.7961
vn -0.5791 0.0526 0.8135
vn 0.0360 -0.9992 0.0147
vn 0.0079 -0.9999 0.0123
vn 0.0195 -0.9997 0.0127
vn -0.0011 -1.0000 0.0031
vn 0.0028 -1.0000 0.0019
vn -0.0046 -0.9999 0.0091
vn -0.0042 -1.0000 -0.0033
vn -0.0024 -0.9999 -0.0099
vn -0.0084 -1.0000 0.0039
vn -0.0105 -0.9999 -0.0054
vn -0.0030 -0.9999 -0.0130
vn -0.0144 -0.9999 0.0020
vn -0.0174 -0.9998 0.0074
vn -0.0177 -0.9998 -0.0035
vn -0.0128 -0.9998 -0.0130
vn -0.0224 -0.9997 0.0017
vn 0.1511 0.2343 0.9603
vn 0.2044 0.0968 0.9741
vn -0.0163 0.3082 0.9512
vn 0.1504 0.2900 0.9452
vn 0.2534 0.0191 0.9672
vn 0.2981 0.2104 0.9311
vn 0.2951 0.0939 0.9508
vn 0.3074 0.2606 0.9152
vn 0.3173 0.1184 0.9409
vn 0.2930 0.0506 0.9548
vn 0.3274 0.1947 0.9246
vn 0.3146 0.1818 0.9317
vn 0.4744 0.1601 0.8656
vn 0.4331 0.2185 0.8745
vn 0.1420 0.1873 0.9720
vn 0.3890 0.1642 0.9065
vn 0.3814 0.1299 0.9153
vn 0.3922 0.2257 0.8918
vn 0.3815 0.2953 0.8759
vn 0.3291 0.2620 0.9072
vn 0.3695 0.3423 0.8639
vn 0.5300 0.1562 0.8335
vn 0.4771 0.1262 0.8697
vn 0.5894 0.1175 0.7992
vn 0.4893 0.1753 0.8543
vn 0.4856 0.2964 0.8224
vn 0.4638 0.3627 0.8083
vn 0.4384 0.4006 0.8046
vn 0.3573 0.3654 0.8595
vn 0.4272 0.4127 0.8045
vn 0.3123 0.3135 0.8968
vn 0.6194 0.0846 0.7805
vn 0.5879 0.1015 0.8026
vn 0.6698 0.0570 0.7403
vn 0.6058 0.2068 0.7683
vn 0.5934 0.3355 0.7316
vn 0.5720 0.3965 0.7181
vn 0.5477 0.4228 0.7219
vn 0.5315 0.4365 0.7259
vn 0.4068 0.4346 0.8035
vn 0.5106 0.4707 0.7195
vn 0.3322 0.3924 0.8577
vn 0.7428 -0.0095 0.6694
vn 0.7040 0.0120 0.7101
vn 0.6902 0.0528 0.7217
vn 0.7595 0.0306 0.6497
vn 0.5822 0.0647 0.8105
vn 0.6954 0.0788 0.7143
vn 0.7083 0.2074 0.6748
vn 0.6870 0.3355 0.6446
vn 0.6625 0.4049 0.6302
vn 0.6510 0.4301 0.6254
vn 0.6406 0.4539 0.6193
vn 0.6199 0.4988 0.6057
vn 0.4721 0.5279 0.7060
vn 0.5733 0.5761 0.5826
vn 0.3774 0.4627 0.8022
vn 0.7922 -0.0697 0.6063
vn 0.7765 -0.0474 0.6284
vn 0.8053 0.0149 0.5926
vn 0.7941 0.0631 0.6045
vn 0.8024 0.1904 0.5656
vn 0.7816 0.3075 0.5428
vn 0.7523 0.3865 0.5336
vn 0.7367 0.4224 0.5280
vn 0.7241 0.4551 0.5182
vn 0.6997 0.5161 0.4940
vn 0.6501 0.6044 0.4605
vn 0.4961 0.6686 0.5540
vn 0.5690 0.7068 0.4202
vn 0.4128 0.6016 0.6839
vn 0.7895 0.1976 0.5811
vn 0.8339 0.1870 0.5192
vn 0.8424 -0.0053 0.5388
vn 0.7342 0.1840 0.6535
vn 0.8421 -0.1072 0.5285
vn 0.8651 -0.0595 0.4981
vn 0.8849 0.0616 0.4618
vn 0.8809 0.1720 0.4409
vn 0.8608 0.2733 0.4293
vn 0.8365 0.3465 0.4246
vn 0.8136 0.3944 0.4272
vn 0.7900 0.4454 0.4213
vn 0.7548 0.5215 0.3979
vn 0.6979 0.6195 0.3595
vn 0.6114 0.7332 0.2976
vn 0.4636 0.8068 0.3664
vn 0.5044 0.8304 0.2367
vn 0.4036 0.7548 0.5171
vn 0.8909 -0.0136 0.4540
vn 0.9074 -0.0837 0.4118
vn 0.8788 0.1513 0.4526
vn 0.9304 -0.0243 0.3658
vn 0.9382 0.0686 0.3392
vn 0.9297 0.1615 0.3310
vn 0.9078 0.2488 0.3377
vn 0.8842 0.3126 0.3470
vn 0.8626 0.3669 0.3483
vn 0.8344 0.4328 0.3413
vn 0.7903 0.5213 0.3220
vn 0.7236 0.6314 0.2790
vn 0.6277 0.7480 0.2157
vn 0.5207 0.8383 0.1616
vn 0.3756 0.9055 0.1977
vn 0.3974 0.9089 0.1264
vn 0.3377 0.8871 0.3147
vn 0.9274 -0.0034 0.3740
vn 0.9420 -0.0411 0.3331
vn 0.9162 0.1136 0.3843
vn 0.9574 0.0090 0.2887
vn 0.9616 0.0717 0.2649
vn 0.9539 0.1417 0.2646
vn 0.9337 0.2264 0.2775
vn 0.9085 0.3046 0.2861
vn 0.8868 0.3617 0.2875
vn 0.8583 0.4292 0.2811
vn 0.8108 0.5243 0.2603
vn 0.7352 0.6417 0.2184
vn 0.6316 0.7578 0.1637
vn 0.5243 0.8430 0.1204
vn 0.4062 0.9095 0.0888
vn 0.2642 0.9582 0.1099
vn 0.2760 0.9586 0.0706
vn 0.2443 0.9532 0.1781
vn 0.9382 0.0870 0.3351
vn 0.9475 0.0071 0.3198
vn 0.9158 0.1830 0.3575
vn 0.9421 0.1259 0.3107
vn 0.8711 0.2489 0.4233
vn 0.9605 -0.0125 0.2781
vn 0.9719 0.0229 0.2343
vn 0.9753 0.0614 0.2121
vn 0.9715 0.1174 0.2057
vn 0.9544 0.1978 0.2236
vn 0.9249 0.2933 0.2420
vn 0.9002 0.3615 0.2427
vn 0.8704 0.4333 0.2338
vn 0.8203 0.5313 0.2117
vn 0.7388 0.6514 0.1730
vn 0.6312 0.7642 0.1328
vn 0.5221 0.8466 0.1038
vn 0.4060 0.9106 0.0768
vn 0.2827 0.9572 0.0614
vn 0.1654 0.9848 0.0530
vn 0.1566 0.9857 0.0616
vn 0.1454 0.9845 0.0980
vn 0.9562 0.0583 0.2869
vn 0.9600 0.0132 0.2795
vn 0.9602 0.0718 0.2699
vn 0.9718 0.0028 0.2357
vn 0.9809 0.0256 0.1931
vn 0.9840 0.0529 0.1701
vn 0.9820 0.0904 0.1657
vn 0.9736 0.1511 0.1714
vn 0.9474 0.2601 0.1864
vn 0.9144 0.3532 0.1980
vn 0.8811 0.4333 0.1893
vn 0.8274 0.5365 0.1664
vn 0.7437 0.6545 0.1357
vn 0.6373 0.7625 0.1120
vn 0.5232 0.8467 0.0965
vn 0.4065 0.9101 0.0800
vn 0.2864 0.9556 0.0697
vn 0.1696 0.9837 0.0591
vn 0.0663 0.9965 0.0516
vn 0.0560 0.9971 0.0520
vn 0.0434 0.9972 0.0611
vn 0.9589 0.0155 0.2834
vn 0.9701 -0.0277 0.2412
vn 0.9725 0.0199 0.2321
vn 0.9433 0.0586 0.3268
vn 0.9694 0.0212 0.2448
vn 0.9713 0.0022 0.2377
vn 0.9794 0.0054 0.2019
vn 0.9849 0.0280 0.1711
vn 0.9858 0.0497 0.1605
vn 0.9850 0.0788 0.1533
vn 0.9812 0.1258 0.1465
vn 0.9668 0.2091 0.1470
vn 0.9349 0.3216 0.1501
vn 0.8937 0.4275 0.1363
vn 0.8398 0.5319 0.1088
vn 0.7573 0.6479 0.0821
vn 0.6553 0.7527 0.0633
vn 0.5380 0.8418 0.0436
vn 0.4181 0.9081 0.0232
vn 0.2975 0.9547 0.0115
vn 0.1734 0.9848 0.0108
vn 0.0688 0.9976 0.0060
vn -0.0502 0.9987 0.0034
vn -0.0571 0.9970 0.0518
vn -0.0641 0.9964 0.0554
vn 0.9789 -0.0260 0.2028
vn 0.9774 -0.0145 0.2110
vn 0.9764 -0.0699 0.2042
vn 0.9790 -0.0180 0.2029
vn 0.9828 -0.0010 0.1846
vn 0.9845 0.0286 0.1730
vn 0.9864 0.0486 0.1571
vn 0.9871 0.0701 0.1437
vn 0.9852 0.1063 0.1343
vn 0.9775 0.1755 0.1173
vn 0.9536 0.2879 0.0883
vn 0.9078 0.4156 0.0573
vn 0.8497 0.5266 0.0251
vn 0.7716 0.6361 -0.0053
vn 0.6686 0.7431 -0.0281
vn 0.5464 0.8357 -0.0561
vn 0.4264 0.9016 -0.0732
vn 0.3111 0.9469 -0.0815
vn 0.1872 0.9794 -0.0751
vn 0.0753 0.9944 -0.0739
vn -0.0415 0.9966 -0.0709
vn -0.1609 0.9850 -0.0617
vn -0.1689 0.9856 0.0063
vn -0.1738 0.9836 0.0483
vn 0.9808 -0.0702 0.1822
vn 0.9815 -0.0446 0.1865
vn 0.9785 -0.1084 0.1755
vn 0.9829 -0.0415 0.1797
vn 0.9849 -0.0212 0.1716
vn 0.9876 0.0127 0.1565
vn 0.9892 0.0392 0.1410
vn 0.9895 0.0591 0.1319
vn 0.9889 0.0923 0.1166
vn 0.9839 0.1598 0.0803
vn 0.9624 0.2699 0.0293
vn 0.9194 0.3932 -0.0128
vn 0.8581 0.5120 -0.0375
vn 0.7785 0.6251 -0.0571
vn 0.6738 0.7348 -0.0782
vn 0.5520 0.8278 -0.1002
vn 0.4314 0.8943 -0.1191
vn 0.3208 0.9376 -0.1337
vn 0.1989 0.9711 -0.1322
vn 0.0799 0.9883 -0.1301
vn -0.0328 0.9911 -0.1290
vn -0.1547 0.9803 -0.1231
vn -0.2772 0.9534 -0.1190
vn -0.2818 0.9579 -0.0544
vn -0.2877 0.9576 0.0126
vn -0.4082 0.9116 -0.0477
vn -0.4062 0.9137 0.0154
vn -0.4053 0.9082 -0.1047
vn 0.9774 -0.1422 0.1563
vn 0.9804 -0.1196 0.1567
vn 0.9684 -0.1493 0.1998
vn 0.9708 -0.1714 0.1680
vn 0.9631 -0.1251 0.2384
vn 0.9842 -0.0903 0.1525
vn 0.9851 -0.0771 0.1539
vn 0.9865 -0.0535 0.1545
vn 0.9901 -0.0105 0.1402
vn 0.9909 0.0216 0.1327
vn 0.9911 0.0479 0.1241
vn 0.9911 0.0863 0.1015
vn 0.9869 0.1519 0.0544
vn 0.9678 0.2515 0.0041
vn 0.9271 0.3737 -0.0289
vn 0.8685 0.4929 -0.0519
vn 0.7863 0.6139 -0.0696
vn 0.6780 0.7289 -0.0946
vn 0.5531 0.8239 -0.1238
vn 0.4295 0.8889 -0.1591
vn 0.3232 0.9292 -0.1796
vn 0.2116 0.9578 -0.1945
vn 0.0873 0.9772 -0.1934
vn -0.0292 0.9806 -0.1938
vn -0.1544 0.9695 -0.1905
vn -0.2773 0.9429 -0.1847
vn -0.3976 0.9021 -0.1679
vn -0.5326 0.8415 -0.0907
vn -0.5299 0.8467 -0.0483
vn -0.5272 0.8387 -0.1369
vn 0.9754 -0.1769 0.1313
vn 0.9787 -0.1603 0.1281
vn 0.9693 -0.2038 0.1378
vn 0.9826 -0.1331 0.1296
vn 0.9844 -0.1134 0.1343
vn 0.9866 -0.0931 0.1343
vn 0.9912 -0.0510 0.1219
vn 0.9936 -0.0132 0.1120
vn 0.9944 0.0209 0.1032
vn 0.9948 0.0685 0.0756
vn 0.9894 0.1415 0.0324
vn 0.9730 0.2308 -0.0055
vn 0.9348 0.3538 -0.0306
vn 0.8762 0.4782 -0.0600
vn 0.7922 0.6040 -0.0869
vn 0.6799 0.7227 -0.1241
vn 0.5525 0.8162 -0.1688
vn 0.4313 0.8784 -0.2061
vn 0.3248 0.9176 -0.2292
vn 0.2145 0.9436 -0.2522
vn 0.0959 0.9599 -0.2634
vn -0.0253 0.9637 -0.2657
vn -0.1508 0.9531 -0.2623
vn -0.2748 0.9281 -0.2511
vn -0.3918 0.8910 -0.2292
vn -0.5185 0.8326 -0.1945
vn -0.6601 0.7470 -0.0784
vn 0.9593 -0.2411 0.1472
vn 0.9648 -0.2398 0.1076
vn 0.9515 -0.2884 0.1067
vn 0.9612 -0.2097 0.1794
vn 0.9712 -0.2113 0.1100
vn 0.9755 -0.1885 0.1137
vn 0.9790 -0.1695 0.1132
vn 0.9823 -0.1490 0.1132
vn 0.9850 -0.1322 0.1109
vn 0.9903 -0.0983 0.0981
vn 0.9944 -0.0569 0.0892
vn 0.9971 -0.0143 0.0742
vn 0.9985 0.0386 0.0392
vn 0.9930 0.1177 0.0033
vn 0.9777 0.2091 -0.0194
vn 0.9421 0.3324 -0.0437
vn 0.8817 0.4648 -0.0803
vn 0.7986 0.5904 -0.1170
vn 0.6802 0.7154 -0.1600
vn 0.5520 0.8057 -0.2150
vn 0.4360 0.8628 -0.2558
vn 0.3297 0.9001 -0.2849
vn 0.2179 0.9255 -0.3098
vn 0.1026 0.9399 -0.3255
vn -0.0180 0.9432 -0.3319
vn -0.1436 0.9331 -0.3297
vn -0.2680 0.9103 -0.3156
vn -0.3845 0.8761 -0.2908
vn -0.5130 0.8199 -0.2539
vn 0.9534 -0.2914 0.0785
vn 0.9628 -0.2563 0.0862
vn 0.9373 -0.3394 0.0790
vn 0.9699 -0.2266 0.0891
vn 0.9746 -0.2056 0.0889
vn 0.9789 -0.1838 0.0894
vn 0.9816 -0.1698 0.0878
vn 0.9873 -0.1375 0.0798
vn 0.9926 -0.0968 0.0730
vn 0.9978 -0.0400 0.0525
vn 0.9999 0.0117 0.0062
vn 0.9957 0.0893 -0.0250
vn 0.9819 0.1855 -0.0373
vn 0.9484 0.3107 -0.0629
vn 0.8867 0.4511 -0.1011
vn 0.8041 0.5759 -0.1474
vn 0.6848 0.6997 -0.2036
vn 0.5525 0.7915 -0.2613
vn 0.4412 0.8446 -0.3033
vn 0.3342 0.8808 -0.3353
vn 0.2247 0.9033 -0.3654
vn 0.1115 0.9166 -0.3840
vn -0.0077 0.9188 -0.3946
vn -0.1301 0.9100 -0.3937
vn 0.9442 -0.3233 0.0635
vn 0.9540 -0.2937 0.0607
vn 0.9315 -0.3565 0.0726
vn 0.9609 -0.2698 0.0624
vn 0.9674 -0.2444 0.0656
vn 0.9734 -0.2179 0.0703
vn 0.9773 -0.1994 0.0714
vn 0.9837 -0.1663 0.0681
vn 0.9902 -0.1283 0.0556
vn 0.9968 -0.0782 0.0161
vn 0.9996 -0.0114 -0.0274
vn 0.9969 0.0625 -0.0482
vn 0.9854 0.1608 -0.0569
vn 0.9542 0.2864 -0.0865
vn 0.8934 0.4319 -0.1236
vn 0.8086 0.5612 -0.1768
vn 0.6927 0.6772 -0.2480
vn 0.5591 0.7703 -0.3065
vn 0.9103 -0.4026 0.0963
vn 0.9269 -0.3700 0.0622
vn 0.9064 -0.4109 0.0983
vn 0.9189 -0.3831 0.0945
vn 0.9373 -0.3449 0.0501
vn 0.9464 -0.3197 0.0462
vn 0.9541 -0.2956 0.0491
vn 0.9609 -0.2717 0.0530
vn 0.9678 -0.2451 0.0564
vn 0.9725 -0.2259 0.0570
vn 0.9798 -0.1901 0.0613
vn 0.9877 -0.1552 0.0203
vn 0.9913 -0.1256 -0.0388
vn 0.9967 -0.0469 -0.0668
vn 0.9970 0.0351 -0.0693
vn 0.9362 -0.3484 0.0457
vn 0.9416 -0.3346 0.0382
vn 0.9478 -0.3161 0.0414
vn 0.9554 -0.2906 0.0530
vn 0.9631 -0.2656 0.0433
vn -0.4723 -0.1101 0.8745
vn -0.4947 -0.0611 0.8669
vn -0.3917 -0.1270 0.9113
vn -0.5453 0.0092 0.8382
vn -0.4561 0.0741 0.8868
vn -0.3569 0.0446 0.9331
vn -0.5238 -0.0184 0.8517
vn -0.0998 0.1282 0.9867
vn -0.1889 0.1415 0.9718
vn 0.1914 0.1484 0.9702
vn 0.1933 0.1152 0.9743
vn -0.2500 0.2381 0.9385
vn 0.1473 0.2771 0.9495
vn -0.5026 0.1767 0.8463
vn 0.4587 0.0891 0.8841
vn 0.4193 0.0222 0.9076
vn 0.4590 0.2666 0.8475
vn 0.6120 0.2416 0.7531
vn 0.5871 0.0491 0.8080
vn 0.4378 0.4453 0.7810
vn 0.6319 0.3813 0.6747
vn 0.0736 0.4791 0.8747
vn 0.5374 -0.0503 0.8418
vn 0.6337 0.5005 0.5899
vn 0.6864 0.3536 0.6355
vn 0.6691 0.4860 0.5622
vn 0.4132 0.5866 0.6966
vn 0.6545 0.2149 0.7249
vn 0.5929 0.0539 0.8035
vn 0.5506 -0.0813 0.8308
vn 0.4901 -0.1311 0.8617
vn 0.6570 0.3749 0.6540
vn 0.6285 0.2099 0.7489
vn 0.6239 0.5114 0.5909
vn 0.5584 0.0672 0.8269
vn 0.5151 -0.0738 0.8540
vn 0.4522 -0.1460 0.8799
vn 0.6134 0.5331 0.5827
vn 0.5196 0.5442 0.6587
vn 0.4490 0.5759 0.6832
vn 0.6778 0.5244 0.5153
vn 0.5746 0.4029 0.7124
vn 0.5338 0.2299 0.8138
vn 0.4786 0.0887 0.8735
vn 0.4023 -0.0417 0.9146
vn 0.3519 -0.1181 0.9286
vn 0.3562 0.5642 0.7448
vn 0.4048 0.4393 0.8020
vn 0.2892 0.5886 0.7549
vn 0.3869 0.2605 0.8846
vn 0.3346 0.1291 0.9335
vn 0.2576 0.0066 0.9662
vn 0.2472 -0.0727 0.9662
vn 0.2645 0.4437 0.8562
vn 0.2363 0.2890 0.9277
vn 0.2313 0.5449 0.8059
vn 0.1539 0.1876 0.9701
vn 0.1004 0.1018 0.9897
vn 0.1082 0.0334 0.9936
vn -0.0251 0.2322 0.9724
vn 0.0822 0.3166 0.9450
vn -0.0833 0.1800 0.9801
vn -0.0820 0.1508 0.9852
vn -0.1605 0.2035 0.9658
vn -0.1479 0.1820 0.9721
vn -0.1628 0.4893 0.8568
vn -0.2980 0.5540 0.7774
vn -0.1782 0.4287 0.8857
vn -0.3431 0.4801 0.8073
vn -0.0505 0.3266 0.9438
vn -0.0616 0.3510 0.9344
vn -0.2124 0.3030 0.9290
vn -0.0801 0.2766 0.9576
vn -0.3720 0.3072 0.8759
vn -0.3461 0.1268 0.9296
vn -0.1722 0.1656 0.9710
vn -0.0159 0.2055 0.9785
vn -0.1275 0.0898 0.9878
vn 0.0233 0.1773 0.9839
vn -0.2889 0.0209 0.9571
vn -0.4671 0.5585 0.6855
vn -0.5268 0.4714 0.7074
vn -0.2496 0.5630 0.7879
vn -0.4019 0.5636 0.7217
vn -0.1721 0.5078 0.8441
vn -0.5510 0.2791 0.7865
vn -0.5100 0.0982 0.8546
vn -0.4342 -0.0240 0.9005
vn -0.2602 -0.0661 0.9633
vn -0.1033 0.0523 0.9933
vn -0.5787 0.5353 0.6153
vn -0.5975 0.5306 0.6012
vn -0.3191 0.5358 0.7817
vn -0.5242 0.5089 0.6828
vn -0.2424 0.5362 0.8085
vn -0.6290 0.4408 0.6404
vn -0.6303 0.2661 0.7293
vn -0.5850 0.1035 0.8044
vn -0.2550 -0.1129 0.9603
vn -0.7090 0.4744 0.5218
vn -0.6767 0.5228 0.5184
vn -0.4215 0.4333 0.7966
vn -0.3033 0.4544 0.8376
vn -0.6422 0.5289 0.5549
vn -0.6267 0.4435 0.6408
vn 0.1555 0.4314 0.8886
vn 0.1062 0.4699 0.8763
vn -0.0154 0.3359 0.9418
vn -0.1077 0.2172 0.9702
vn 0.1979 0.5605 0.8041
vn 0.0424 0.2255 0.9733
vn -0.0227 0.1340 0.9907
vn -0.0990 0.1375 0.9855
vn -0.1699 -0.0019 0.9855
vn -0.2340 0.0200 0.9720
vn -0.1340 -0.0159 0.9909
vn -0.2467 -0.0639 0.9670
vn -0.2478 0.0151 0.9687
vn -0.3098 0.0565 0.9491
vn -0.3278 0.1745 0.9285
vn -0.3190 0.1068 0.9417
vn -0.2951 0.0923 0.9510
vn -0.3449 0.2461 0.9058
vn -0.3257 0.3294 0.8862
vn -0.3786 0.4111 0.8292
vn -0.3900 0.3812 0.8382
vn 0.4577 0.2146 0.8628
vn 0.4274 0.2570 0.8668
vn 0.5576 0.2899 0.7778
vn 0.5346 0.2881 0.7944
vn 0.4395 0.1638 0.8832
vn 0.3781 0.2376 0.8948
vn 0.5138 0.1286 0.8482
vn 0.5386 0.0857 0.8382
vn 0.5786 0.1765 0.7963
vn 0.3398 0.3160 0.8858
vn 0.4310 0.3084 0.8480
vn 0.4156 0.2732 0.8676
vn 0.3552 0.3519 0.8660
vn 0.5093 0.1908 0.8391
vn 0.3821 0.3967 0.8346
vn 0.3113 0.4616 0.8307
vn 0.3066 0.4333 0.8475
vn 0.4700 0.3325 0.8177
vn 0.3277 0.4040 0.8540
vn 0.4091 0.4148 0.8127
vn 0.5131 0.3786 0.7703
vn 0.3147 0.4518 0.8348
vn 0.2497 0.5208 0.8164
vn 0.2352 0.4751 0.8479
vn 0.2720 0.5148 0.8130
vn 0.3446 0.3419 0.8743
vn 0.2264 0.3431 0.9116
vn 0.4589 0.3372 0.8220
vn 0.1619 0.4860 0.8588
vn 0.1245 0.3360 0.9336
vn 0.2091 0.5548 0.8053
vn 0.2452 0.1589 0.9564
vn 0.1119 0.1516 0.9821
vn 0.3867 0.1559 0.9089
vn 0.0296 0.3208 0.9467
vn -0.0305 0.1791 0.9834
vn 0.1142 0.4765 0.8717
vn 0.1113 0.0912 0.9896
vn -0.0533 0.1308 0.9900
vn 0.2698 0.0714 0.9603
vn -0.0465 0.1909 0.9805
vn 0.4749 0.3793 0.7941
vn 0.3400 0.4985 0.7974
vn 0.2641 0.5720 0.7766
vn 0.3695 0.5684 0.7351
vn 0.2819 0.3547 0.8915
vn 0.2520 0.3663 0.8957
vn 0.2071 0.3927 0.8961
vn 0.3008 0.4272 0.8527
vn 0.2697 0.4445 0.8542
vn 0.2304 0.4657 0.8544
vn 0.1670 0.5056 0.8464
vn 0.0994 0.5311 0.8415
vn 0.0377 0.5495 0.8347
vn 0.3373 0.5084 0.7923
vn 0.2779 0.5713 0.7722
vn 0.2256 0.6145 0.7560
vn 0.1454 0.6608 0.7364
vn 0.0484 0.6966 0.7159
vn -0.0252 0.7095 0.7042
vn -0.0932 0.7083 0.6997
vn -0.1483 0.7005 0.6980
vn -0.2358 0.6751 0.6990
vn -0.3014 0.6428 0.7042
vn -0.3610 0.5933 0.7195
vn 0.3405 0.6748 0.6548
vn 0.2635 0.7404 0.6184
vn 0.1728 0.8013 0.5727
vn 0.0907 0.8320 0.5474
vn -0.0032 0.8436 0.5369
vn -0.0907 0.8421 0.5316
vn -0.1769 0.8275 0.5328
vn -0.2589 0.7961 0.5469
vn -0.3385 0.7489 0.5697
vn -0.4300 0.6826 0.5909
vn -0.5145 0.5898 0.6225
vn -0.4249 0.5150 0.7445
vn 0.3001 0.8307 0.4689
vn 0.1893 0.8879 0.4192
vn 0.1078 0.9146 0.3898
vn 0.0063 0.9262 0.3769
vn -0.0956 0.9240 0.3704
vn -0.1804 0.9085 0.3769
vn -0.2722 0.8784 0.3928
vn -0.3767 0.8256 0.4201
vn -0.4911 0.7450 0.4515
vn -0.5948 0.6390 0.4877
vn 0.2151 0.9359 0.2790
vn 0.1211 0.9574 0.2622
vn 0.0158 0.9681 0.2500
vn -0.0961 0.9633 0.2507
vn -0.1913 0.9473 0.2569
vn -0.2906 0.9202 0.2623
vn -0.4004 0.8711 0.2844
vn -0.5353 0.7822 0.3187
vn -0.6472 0.6726 0.3588
vn 0.1330 0.9773 0.1650
vn 0.0234 0.9877 0.1547
vn -0.0873 0.9838 0.1565
vn -0.1965 0.9662 0.1669
vn -0.3011 0.9380 0.1716
vn -0.4173 0.8894 0.1866
vn -0.5572 0.8009 0.2193
vn -0.6722 0.6912 0.2652
vn 0.0312 0.9950 0.0948
vn -0.0782 0.9924 0.0952
vn -0.1927 0.9759 0.1020
vn -0.3075 0.9454 0.1082
vn -0.4234 0.8984 0.1168
vn -0.5596 0.8148 0.1512
vn -0.6790 0.7060 0.2013
vn -0.0715 0.9954 0.0642
vn -0.1851 0.9806 0.0649
vn -0.3070 0.9489 0.0735
vn -0.4223 0.9027 0.0820
vn -0.5507 0.8276 0.1085
vn -0.6740 0.7222 0.1551
vn -0.1782 0.9826 0.0523
vn -0.2998 0.9521 0.0600
vn -0.4172 0.9059 0.0719
vn -0.5427 0.8346 0.0944
vn -0.6651 0.7365 0.1231
vn -0.2926 0.9547 0.0534
vn -0.4085 0.9107 0.0615
vn -0.5349 0.8405 0.0862
vn -0.6610 0.7418 0.1131
vn -0.5289 0.8483 0.0256
vn -0.6613 0.7479 0.0581
vn -0.6591 0.7513 -0.0352
vn -0.7734 0.6270 0.0940
vn 0.7404 0.2774 -0.6123
vn 0.7560 0.1685 -0.6325
vn 0.6555 0.3243 -0.6821
vn 0.6681 0.2110 -0.7136
vn 0.8067 0.2419 -0.5392
vn 0.8313 0.1371 -0.5387
vn 0.7411 0.3452 -0.5759
vn 0.8284 0.2734 -0.4890
vn 0.6442 0.4007 -0.6515
vn 0.7407 0.3965 -0.5424
vn 0.8346 0.2874 -0.4700
vn 0.6366 0.4673 -0.6134
vn 0.5564 0.3663 -0.7458
vn 0.5462 0.4522 -0.7051
vn 0.5718 0.2556 -0.7796
vn 0.5326 0.5212 -0.6669
vn 0.6298 0.5160 -0.5807
vn 0.7355 0.4341 -0.5203
vn 0.5201 0.5731 -0.6333
vn 0.4598 0.4007 -0.7925
vn 0.4472 0.4852 -0.7514
vn 0.4693 0.2905 -0.8339
vn 0.4355 0.5593 -0.7053
vn 0.4255 0.6123 -0.6664
vn 0.5098 0.6143 -0.6023
vn 0.4150 0.6485 -0.6381
vn 0.6203 0.5519 -0.5574
vn 0.3654 0.4187 -0.8314
vn 0.3558 0.5103 -0.7829
vn 0.3732 0.3111 -0.8740
vn 0.3420 0.5810 -0.7385
vn 0.3287 0.6378 -0.6965
vn 0.3142 0.6813 -0.6611
vn 0.4036 0.6804 -0.6118
vn 0.3002 0.7124 -0.6343
vn 0.5020 0.6449 -0.5762
vn 0.2639 0.4339 -0.8615
vn 0.2498 0.5253 -0.8134
vn 0.2704 0.3238 -0.9067
vn 0.2345 0.5981 -0.7664
vn 0.2196 0.6546 -0.7234
vn 0.2067 0.6985 -0.6851
vn 0.1931 0.7318 -0.6536
vn 0.2882 0.7406 -0.6071
vn 0.1800 0.7581 -0.6268
vn 0.3895 0.7167 -0.5785
vn 0.1443 0.4382 -0.8872
vn 0.1348 0.5294 -0.8376
vn 0.1406 0.3144 -0.9388
vn 0.1236 0.6000 -0.7904
vn 0.1089 0.6561 -0.7468
vn 0.0924 0.7012 -0.7069
vn 0.0788 0.7349 -0.6736
vn 0.0675 0.7610 -0.6453
vn 0.1681 0.7845 -0.5969
vn 0.0554 0.7895 -0.6112
vn 0.2763 0.7716 -0.5729
vn 0.1095 0.1766 -0.9782
vn 0.0173 0.1143 -0.9933
vn 0.0493 0.2816 -0.9583
vn 0.2622 0.1977 -0.9445
vn 0.0465 0.4237 -0.9046
vn 0.0367 0.5127 -0.8578
vn 0.0217 0.5873 -0.8091
vn 0.0037 0.6483 -0.7614
vn -0.0118 0.6921 -0.7217
vn -0.0263 0.7244 -0.6889
vn -0.0398 0.7490 -0.6613
vn -0.0527 0.7765 -0.6279
vn 0.0439 0.8155 -0.5770
vn -0.0655 0.8054 -0.5891
vn 0.1552 0.8128 -0.5615
vn 0.0041 0.2579 -0.9662
vn -0.0241 0.4078 -0.9127
vn 0.0196 0.0668 -0.9976
vn -0.0467 0.4918 -0.8695
vn -0.0723 0.5608 -0.8248
vn -0.0975 0.6190 -0.7793
vn -0.1207 0.6668 -0.7354
vn -0.1425 0.7042 -0.6955
vn -0.1608 0.7301 -0.6642
vn -0.1792 0.7554 -0.6303
vn -0.1964 0.7830 -0.5902
vn -0.0808 0.8338 -0.5461
vn -0.2115 0.8124 -0.5434
vn 0.0338 0.8396 -0.5422
vn -0.0465 0.2447 -0.9685
vn -0.1083 0.3798 -0.9187
vn 0.0289 0.0566 -0.9980
vn -0.1498 0.4591 -0.8757
vn -0.1890 0.5232 -0.8310
vn -0.2225 0.5721 -0.7894
vn -0.2541 0.6159 -0.7457
vn -0.2812 0.6544 -0.7019
vn -0.3036 0.6866 -0.6606
vn -0.3222 0.7157 -0.6196
vn -0.3341 0.7435 -0.5793
vn -0.3433 0.7743 -0.5316
vn -0.3530 0.8065 -0.4743
vn -0.2243 0.8414 -0.4917
vn -0.0973 0.8616 -0.4982
vn -0.2393 0.8680 -0.4352
vn -0.1132 0.8862 -0.4493
vn -0.3646 0.8345 -0.4131
vn -0.1351 0.2157 -0.9671
vn -0.2214 0.3136 -0.9234
vn -0.0015 0.0576 -0.9983
vn -0.2712 0.3793 -0.8847
vn -0.3184 0.4433 -0.8379
vn -0.3603 0.4955 -0.7904
vn -0.3950 0.5384 -0.7444
vn -0.4210 0.5755 -0.7011
vn -0.4434 0.6106 -0.6561
vn -0.4628 0.6431 -0.6101
vn -0.4769 0.6734 -0.5649
vn -0.4852 0.7083 -0.5127
vn -0.4916 0.7462 -0.4489
vn -0.4980 0.7796 -0.3796
vn -0.3748 0.8563 -0.3553
vn -0.2553 0.8904 -0.3768
vn -0.5056 0.8031 -0.3154
vn -0.2320 0.1498 -0.9611
vn -0.3170 0.2150 -0.9237
vn -0.0897 0.0605 -0.9941
vn -0.3721 0.2650 -0.8896
vn -0.4336 0.3216 -0.8418
vn -0.4828 0.3755 -0.7912
vn -0.5209 0.4235 -0.7412
vn -0.5542 0.4654 -0.6901
vn -0.5827 0.5044 -0.6372
vn -0.6047 0.5450 -0.5808
vn -0.6219 0.5798 -0.5264
vn -0.6335 0.6129 -0.4723
vn -0.6396 0.6556 -0.4014
vn -0.6429 0.6927 -0.3270
vn -0.6458 0.7165 -0.2638
vn -0.2758 0.0628 -0.9592
vn -0.3801 0.1085 -0.9186
vn -0.0867 0.0100 -0.9962
vn -0.4530 0.1452 -0.8796
vn -0.5240 0.1920 -0.8298
vn -0.5805 0.2377 -0.7788
vn -0.6347 0.2831 -0.7190
vn -0.6809 0.3222 -0.6577
vn -0.7132 0.3596 -0.6016
vn -0.7393 0.4069 -0.5365
vn -0.7594 0.4555 -0.4646
vn -0.7708 0.4951 -0.4009
vn -0.7783 0.5328 -0.3321
vn -0.7792 0.5698 -0.2609
vn -0.7787 0.5945 -0.2007
vn -0.1331 -0.8937 0.4285
vn -0.1983 -0.8220 0.5338
vn -0.2288 -0.8911 0.3920
vn -0.3213 -0.8209 0.4721
vn -0.0532 -0.8997 0.4332
vn -0.0796 -0.8179 0.5698
vn -0.0810 -0.9410 0.3284
vn -0.0360 -0.9427 0.3318
vn -0.1501 -0.9349 0.3216
vn 0.0097 -0.8918 0.4524
vn 0.0183 -0.8015 0.5977
vn 0.0050 -0.9406 0.3394
vn -0.0986 -0.7080 0.6993
vn 0.0229 -0.6950 0.7186
vn -0.2620 -0.7150 0.6482
vn 0.0695 -0.8777 0.4742
vn 0.0972 -0.7860 0.6105
vn 0.0473 -0.9350 0.3514
vn 0.1188 -0.6790 0.7244
vn 0.0271 -0.5610 0.8274
vn 0.1371 -0.5496 0.8241
vn -0.1112 -0.5746 0.8108
vn 0.1571 -0.8560 0.4925
vn 0.2026 -0.7742 0.5996
vn 0.1169 -0.9226 0.3675
vn 0.2474 -0.6703 0.6996
vn 0.2877 -0.5462 0.7867
vn 0.1494 -0.4168 0.8966
vn 0.3177 -0.4176 0.8513
vn 0.0299 -0.4161 0.9088
vn 0.1606 -0.2811 0.9462
vn 0.0322 -0.2846 0.9581
vn 0.3450 -0.2650 0.9004
vn 0.1978 -0.9041 0.3787
vn 0.3624 -0.0917 0.9275
vn 0.1766 -0.1170 0.9773
vn 0.2096 -0.9223 0.3247
vn 0.3677 0.0547 0.9283
vn 0.0130 -0.9999 0.0058
vn 0.0091 -0.9999 0.0078
vn 0.0126 -0.9999 0.0054
vn 0.0105 -0.9999 0.0075
vn 0.0166 -0.9998 0.0068
vn 0.0177 -0.9998 0.0030
vn 0.0061 -0.9999 0.0091
vn 0.0187 -0.9998 0.0026
vn 0.0132 -0.9999 0.0056
vn 0.0219 -0.9998 0.0015
vn 0.0241 -0.9997 0.0011
vn 0.0221 -0.9997 0.0048
vn 0.0340 -0.9994 -0.0008
vn 0.0213 -0.9998 0.0010
vn 0.0339 -0.9994 -0.0012
vn 0.0534 -0.9986 -0.0019
vn 0.0263 -0.9997 -0.0010
vn 0.0724 -0.9974 -0.0060
vn 0.0686 -0.9976 -0.0033
vn 0.0759 -0.9971 -0.0019
vn 0.0468 -0.9989 -0.0043
vn 0.0636 -0.9980 -0.0042
vn 0.3124 -0.9438 0.1080
vn 0.0729 -0.9973 -0.0095
vn 0.3498 -0.9329 0.0859
vn 0.8452 -0.4914 0.2104
vn 0.0553 -0.9984 -0.0127
vn 0.8943 -0.4312 0.1193
vn 0.3959 -0.9172 0.0456
vn 0.9650 0.2591 -0.0397
vn 0.9394 -0.3410 -0.0353
vn 0.9364 0.3199 -0.1446
vn 0.6640 0.7275 -0.1727
vn -0.8327 0.5460 0.0923
vn -0.4658 0.8787 0.1040
vn -0.4999 0.8630 0.0729
vn -0.3386 0.9352 0.1033
vn -0.3463 0.9329 0.0985
vn -0.3733 0.9245 0.0777
vn -0.4193 0.8937 0.1600
vn -0.4214 0.8991 0.1181
vn -0.4209 0.8990 0.1208
vn -0.4356 0.8952 0.0945
vn -0.5521 0.7936 0.2557
vn -0.5704 0.7972 0.1979
vn -0.5743 0.8059 0.1439
vn -0.5770 0.8029 0.1496
vn -0.6666 0.6339 0.3922
vn -0.7051 0.6375 0.3105
vn -0.7250 0.6497 0.2286
vn -0.7347 0.6565 0.1712
vn -0.7377 0.6534 0.1698
vn -0.7011 0.4611 0.5440
vn -0.7653 0.4673 0.4427
vn -0.8119 0.4759 0.3382
vn -0.8355 0.4923 0.2439
vn -0.8451 0.5013 0.1856
vn -0.8410 0.5151 0.1657
vn -0.6843 0.2980 0.6655
vn -0.7580 0.3134 0.5721
vn -0.8226 0.3280 0.4646
vn -0.8732 0.3393 0.3499
vn -0.9023 0.3521 0.2488
vn -0.9135 0.3668 0.1760
vn -0.9090 0.3893 0.1489
vn -0.6112 0.1669 0.7737
vn -0.7107 0.1778 0.6806
vn -0.7906 0.1933 0.5811
vn -0.8565 0.2173 0.4683
vn -0.9053 0.2421 0.3491
vn -0.9332 0.2615 0.2463
vn -0.9475 0.2725 0.1670
vn -0.9497 0.2840 0.1319
vn -0.4722 0.0688 0.8788
vn -0.6142 0.0656 0.7864
vn -0.7267 0.0716 0.6832
vn -0.8125 0.0924 0.5756
vn -0.8836 0.1197 0.4527
vn -0.9304 0.1531 0.3330
vn -0.9551 0.1808 0.2348
vn -0.9664 0.1981 0.1636
vn -0.9716 0.2002 0.1260
vn -0.3248 -0.0387 0.9450
vn -0.4738 -0.0217 0.8804
vn -0.6140 -0.0065 0.7893
vn -0.7336 0.0044 0.6796
vn -0.8247 0.0245 0.5651
vn -0.8970 0.0473 0.4394
vn -0.9469 0.0726 0.3132
vn -0.9711 0.0989 0.2171
vn -0.9810 0.1172 0.1546
vn -0.9845 0.1231 0.1250
vn -0.1676 -0.1289 0.9774
vn -0.3254 -0.1225 0.9376
vn -0.4785 -0.1004 0.8723
vn -0.6175 -0.0807 0.7824
vn -0.7356 -0.0599 0.6748
vn -0.8313 -0.0416 0.5543
vn -0.9046 -0.0177 0.4258
vn -0.9548 0.0073 0.2970
vn -0.9791 0.0273 0.2016
vn -0.9889 0.0406 0.1428
vn -0.9914 0.0494 0.1211
vn -0.0416 -0.2119 0.9764
vn -0.1635 -0.2048 0.9651
vn -0.3225 -0.1939 0.9265
vn -0.4813 -0.1752 0.8589
vn -0.6198 -0.1521 0.7699
vn -0.7390 -0.1237 0.6622
vn -0.8339 -0.0965 0.5434
vn -0.9101 -0.0682 0.4088
vn -0.9581 -0.0425 0.2833
vn -0.9809 -0.0271 0.1925
vn -0.9909 -0.0192 0.1335
vn 0.0652 -0.3003 0.9516
vn -0.0409 -0.2976 0.9538
vn -0.1635 -0.2820 0.9454
vn -0.3176 -0.2613 0.9115
vn -0.4788 -0.2442 0.8433
vn -0.6205 -0.2188 0.7530
vn -0.7443 -0.1855 0.6416
vn -0.8384 -0.1480 0.5246
vn -0.9134 -0.1140 0.3907
vn -0.9575 -0.0916 0.2734
vn -0.9792 -0.0822 0.1854
vn -0.9890 -0.0745 0.1276
vn 0.2070 -0.3660 0.9073
vn 0.0730 -0.3760 0.9237
vn -0.0386 -0.3801 0.9241
vn -0.1680 -0.3710 0.9133
vn -0.3162 -0.3464 0.8832
vn -0.4732 -0.3190 0.8212
vn -0.6196 -0.2832 0.7320
vn -0.7458 -0.2441 0.6199
vn -0.8423 -0.2040 0.4989
vn -0.9134 -0.1670 0.3711
vn -0.9535 -0.1441 0.2647
vn -0.9741 -0.1349 0.1815
vn -0.9846 -0.1268 0.1208
vn 0.3867 -0.4174 0.8224
vn 0.2129 -0.4438 0.8704
vn 0.0803 -0.4565 0.8861
vn -0.0308 -0.4543 0.8903
vn -0.1626 -0.4455 0.8804
vn -0.3161 -0.4243 0.8485
vn -0.4735 -0.3851 0.7921
vn -0.6221 -0.3357 0.7073
vn -0.7472 -0.2862 0.5998
vn -0.8448 -0.2430 0.4767
vn -0.9122 -0.2048 0.3549
vn -0.9495 -0.1839 0.2543
vn -0.9697 -0.1689 0.1764
vn -0.9805 -0.1591 0.1154
vn 0.5978 -0.4114 0.6881
vn 0.3956 -0.4739 0.7867
vn 0.2228 -0.5089 0.8315
vn 0.0838 -0.5237 0.8478
vn -0.0336 -0.5147 0.8567
vn -0.1608 -0.4983 0.8520
vn -0.3187 -0.4740 0.8208
vn -0.4780 -0.4261 0.7681
vn -0.6249 -0.3736 0.6855
vn -0.7490 -0.3198 0.5803
vn -0.8459 -0.2717 0.4589
vn -0.9097 -0.2360 0.3417
vn -0.9455 -0.2153 0.2442
vn -0.9674 -0.1925 0.1646
vn -0.9778 -0.1771 0.1124
vn 0.7641 -0.3882 0.5152
vn 0.6062 -0.4487 0.6567
vn 0.4056 -0.5159 0.7546
vn 0.2289 -0.5525 0.8015
vn 0.0823 -0.5611 0.8237
vn -0.0380 -0.5535 0.8320
vn -0.1592 -0.5455 0.8229
vn -0.3178 -0.5248 0.7897
vn -0.4818 -0.4817 0.7320
vn -0.6257 -0.4305 0.6505
vn -0.7500 -0.3705 0.5479
vn -0.8452 -0.3118 0.4341
vn -0.9045 -0.2759 0.3253
vn -0.9406 -0.2515 0.2281
vn -0.9601 -0.2379 0.1472
vn -0.9690 -0.2245 0.1032
vn 0.8587 -0.3932 0.3286
vn 0.7667 -0.4294 0.4773
vn 0.6094 -0.4996 0.6157
vn 0.4144 -0.5656 0.7130
vn 0.2287 -0.6053 0.7625
vn 0.0802 -0.6086 0.7894
vn -0.0353 -0.6071 0.7938
vn -0.1515 -0.6031 0.7831
vn -0.3118 -0.5789 0.7534
vn -0.4778 -0.5356 0.6964
vn -0.6241 -0.4868 0.6112
vn -0.7522 -0.4217 0.5063
vn -0.8431 -0.3595 0.3999
vn -0.8952 -0.3281 0.3017
vn -0.9278 -0.3052 0.2144
vn -0.9465 -0.2919 0.1377
vn -0.9569 -0.2755 0.0917
vn 0.8780 -0.4493 0.1651
vn 0.8352 -0.4783 0.2715
vn 0.7564 -0.5037 0.4174
vn 0.6101 -0.5645 0.5560
vn 0.4138 -0.6252 0.6617
vn 0.2260 -0.6641 0.7127
vn 0.0738 -0.6663 0.7420
vn -0.0317 -0.6661 0.7452
vn -0.1493 -0.6611 0.7353
vn -0.3121 -0.6307 0.7105
vn -0.4767 -0.5817 0.6590
vn -0.6218 -0.5307 0.5759
vn -0.7509 -0.4707 0.4632
vn -0.8319 -0.4269 0.3545
vn -0.8783 -0.4030 0.2571
vn -0.9097 -0.3771 0.1742
vn -0.9489 -0.3042 0.0840
vn 0.0670 -0.9977 -0.0082
vn 0.0727 -0.9973 -0.0083
vn 0.0660 -0.9978 0.0004
vn 0.0753 -0.9972 0.0001
vn 0.0710 -0.9973 -0.0167
vn 0.0671 -0.9975 -0.0219
vn 0.0637 -0.9980 -0.0040
vn 0.0690 -0.9975 -0.0119
vn 0.0910 -0.9958 -0.0072
vn 0.0881 -0.9961 -0.0038
vn 0.0745 -0.9969 -0.0261
vn 0.1185 -0.9929 -0.0146
vn 0.0977 -0.9951 -0.0140
vn 0.1125 -0.9927 -0.0423
vn 0.1426 -0.9891 -0.0369
vn 0.0887 -0.9953 -0.0382
vn 0.1683 -0.9830 -0.0732
vn 0.5248 -0.8345 -0.1677
vn 0.4870 -0.8656 -0.1162
vn 0.5592 -0.7934 -0.2404
vn 0.9337 -0.2236 -0.2798
vn 0.9502 -0.2693 -0.1571
vn 0.9039 -0.1578 -0.3976
vn 0.8888 0.3852 -0.2483
vn 0.8369 0.4264 -0.3431
vn 0.5840 0.7861 -0.2023
vn 0.4501 0.8860 -0.1109
vn 0.0322 -0.9995 0.0072
vn 0.0326 -0.9994 0.0061
vn 0.0295 -0.9996 0.0001
vn 0.0256 -0.9997 -0.0063
vn 0.0245 -0.9997 0.0037
vn 0.0267 -0.9996 0.0059
vn 0.0254 -0.9996 -0.0097
vn 0.0234 -0.9997 -0.0111
vn 0.0182 -0.9997 -0.0147
vn 0.0264 -0.9996 0.0091
vn 0.0331 -0.9993 0.0150
vn 0.0281 -0.9996 0.0009
vn 0.0219 -0.9997 0.0135
vn 0.0286 -0.9995 0.0139
vn 0.0240 -0.9996 0.0131
vn 0.0318 -0.9993 0.0192
vn 0.0302 -0.9994 0.0144
vn 0.0236 -0.9997 0.0012
vn 0.0278 -0.9996 0.0090
vn 0.0209 -0.9997 0.0128
vn 0.0250 -0.9994 0.0218
vn 0.0228 -0.9996 0.0151
vn 0.0315 -0.9994 0.0174
vn 0.0209 -0.9997 0.0088
vn 0.0299 -0.9995 0.0088
vn 0.0202 -0.9997 0.0133
vn 0.0365 -0.9993 0.0100
vn 0.0360 -0.9993 0.0058
vn 0.9972 -0.0744 -0.0060
vn 0.9961 -0.0184 -0.0860
vn 0.9971 0.0414 -0.0641
vn 0.9847 0.1299 -0.1159
vn 0.9893 0.0619 -0.1319
vn 0.9721 0.2095 -0.1052
vn 0.9481 0.3012 -0.1016
vn 0.9368 0.2955 -0.1875
vn 0.9565 0.2146 -0.1977
vn 0.9010 0.3973 -0.1742
vn 0.9670 0.1439 -0.2104
vn 0.8403 0.5219 -0.1469
vn 0.8166 0.5270 -0.2354
vn 0.8734 0.4045 -0.2713
vn 0.7255 0.6600 -0.1949
vn 0.9050 0.3045 -0.2971
vn 0.9203 0.2296 -0.3167
vn 0.5774 0.8037 -0.1439
vn 0.5753 0.7859 -0.2269
vn 0.7005 0.6542 -0.2850
vn 0.4555 0.8715 -0.1819
vn 0.7801 0.5318 -0.3296
vn 0.8281 0.4184 -0.3731
vn 0.8523 0.3235 -0.4110
vn 0.5619 0.7646 -0.3155
vn 0.6624 0.6453 -0.3807
vn 0.4437 0.8583 -0.2577
vn 0.7241 0.5385 -0.4310
vn 0.7595 0.4398 -0.4793
vn 0.5157 0.7518 -0.4109
vn 0.5950 0.6438 -0.4811
vn 0.4219 0.8372 -0.3481
vn 0.6401 0.5511 -0.5354
vn 0.4416 0.7434 -0.5024
vn 0.4984 0.6462 -0.5780
vn 0.3795 0.8069 -0.4527
vn 0.3430 0.7369 -0.5824
vn 0.3203 0.7709 -0.5505
vn 0.2193 0.7552 -0.6178
vn -0.4514 0.1433 0.8807
vn -0.0560 0.1580 0.9858
vn -0.4573 0.2994 0.8374
vn -0.1065 0.3042 0.9466
vn -0.5780 0.3042 0.7572
vn 0.3238 0.3416 0.8823
vn 0.4090 0.1541 0.8994
vn -0.0081 -0.9999 0.0120
vn -0.0057 -0.9999 0.0132
vn -0.0065 -0.9999 0.0156
vn 0.5663 0.3041 0.7660
vn 0.5611 0.3605 0.7451
vn 0.5291 0.1147 0.8407
vn 0.6113 0.1771 0.7714
vn 0.5796 0.2645 0.7708
vn 0.7484 0.1532 0.6453
vn 0.6747 0.3296 0.6604
vn 0.4557 -0.0299 0.8896
vn -0.5931 0.1285 0.7948
vn -0.5470 0.3310 0.7689
vn -0.6245 0.2858 0.7269
vn -0.5728 0.4820 0.6630
vn -0.4174 0.6601 0.6245
vn -0.3805 0.5719 0.7268
vn -0.6039 0.5738 0.5533
vn -0.6519 0.5679 0.5024
vn -0.4735 0.6738 0.5672
vn -0.3250 0.4207 0.8470
vn -0.5402 0.6297 0.5583
vn -0.7211 0.5205 0.4573
vn -0.1136 0.7073 0.6977
vn -0.0653 0.7609 0.6456
vn -0.0159 0.7271 0.6863
vn 0.0174 0.6351 0.7723
vn 0.3978 0.1704 0.9015
vn 0.4050 0.6698 0.6224
vn 0.6391 0.5667 0.5200
vn 0.0423 -0.6478 -0.7606
vn 0.0647 -0.5681 -0.8204
vn 0.0687 -0.4769 -0.8763
vn -0.0159 -0.6342 -0.7730
vn -0.0046 -0.6353 -0.7723
vn -0.0122 -0.6417 -0.7668
vn -0.0289 -0.6496 -0.7598
vn -0.0284 -0.5891 -0.8076
vn -0.1311 -0.5936 -0.7940
vn -0.1200 -0.6189 -0.7763
vn -0.1073 -0.6329 -0.7668
vn -0.0961 -0.6489 -0.7548
vn -0.0852 -0.6431 -0.7610
vn -0.0790 -0.6302 -0.7724
vn -0.0973 -0.6345 -0.7668
vn -0.1160 -0.5947 -0.7956
vn -0.2408 -0.4096 -0.8799
vn -0.2355 -0.4773 -0.8466
vn -0.2304 -0.5428 -0.8076
vn -0.2269 -0.5929 -0.7727
vn -0.2234 -0.6234 -0.7493
vn -0.2168 -0.6400 -0.7371
vn -0.2071 -0.6506 -0.7306
vn -0.2003 -0.6490 -0.7339
vn -0.1916 -0.6280 -0.7543
vn -0.1942 -0.6099 -0.7683
vn -0.3850 -0.1747 -0.9062
vn -0.3791 -0.2627 -0.8873
vn -0.3738 -0.3432 -0.8617
vn -0.3662 -0.4083 -0.8362
vn -0.3600 -0.4676 -0.8073
vn -0.3554 -0.5280 -0.7713
vn -0.3518 -0.5776 -0.7366
vn -0.3514 -0.6089 -0.7112
vn -0.3487 -0.6312 -0.6929
vn -0.3420 -0.6466 -0.6819
vn -0.3358 -0.6463 -0.6852
vn -0.3308 -0.6240 -0.7080
vn -0.5590 0.0489 -0.8278
vn -0.5478 -0.0314 -0.8360
vn -0.5379 -0.1096 -0.8358
vn -0.5305 -0.1786 -0.8287
vn -0.5231 -0.2553 -0.8131
vn -0.5131 -0.3324 -0.7914
vn -0.5087 -0.3907 -0.7672
vn -0.5043 -0.4482 -0.7381
vn -0.4968 -0.5055 -0.7055
vn -0.4900 -0.5515 -0.6751
vn -0.4851 -0.5845 -0.6503
vn -0.4780 -0.6124 -0.6297
vn -0.4706 -0.6299 -0.6179
vn -0.4671 -0.6298 -0.6206
vn -0.4672 -0.6093 -0.6407
vn -0.6731 0.3452 -0.6540
vn -0.6806 0.2741 -0.6795
vn -0.6848 0.1982 -0.7012
vn -0.6869 0.1105 -0.7183
vn -0.6830 0.0221 -0.7301
vn -0.6782 -0.0492 -0.7332
vn -0.6729 -0.1176 -0.7303
vn -0.6665 -0.1814 -0.7231
vn -0.6525 -0.2575 -0.7127
vn -0.6432 -0.3194 -0.6959
vn -0.6400 -0.3649 -0.6762
vn -0.6327 -0.4206 -0.6502
vn -0.6225 -0.4749 -0.6221
vn -0.6132 -0.5207 -0.5940
vn -0.6044 -0.5554 -0.5712
vn -0.5948 -0.5844 -0.5521
vn -0.5886 -0.6016 -0.5400
vn -0.5871 -0.6021 -0.5411
vn -0.6954 0.5740 -0.4324
vn -0.7397 0.4766 -0.4751
vn -0.6340 0.6735 -0.3801
vn -0.7684 0.3880 -0.5090
vn -0.7813 0.3128 -0.5401
vn -0.7868 0.2408 -0.5683
vn -0.7885 0.1692 -0.5913
vn -0.7873 0.0872 -0.6104
vn -0.7865 0.0078 -0.6175
vn -0.7848 -0.0590 -0.6169
vn -0.7811 -0.1211 -0.6125
vn -0.7728 -0.1859 -0.6069
vn -0.7633 -0.2501 -0.5956
vn -0.7601 -0.2950 -0.5789
vn -0.7541 -0.3384 -0.5628
vn -0.7445 -0.3926 -0.5400
vn -0.7316 -0.4457 -0.5159
vn -0.7185 -0.4863 -0.4972
vn -0.7079 -0.5188 -0.4793
vn -0.6976 -0.5478 -0.4617
vn -0.6894 -0.5636 -0.4550
vn -0.6877 -0.5646 -0.4565
vn -0.8167 0.4572 -0.3520
vn -0.8503 0.3581 -0.3857
vn -0.7669 0.5610 -0.3116
vn -0.8675 0.2762 -0.4136
vn -0.8759 0.2050 -0.4367
vn -0.8786 0.1336 -0.4585
vn -0.8773 0.0612 -0.4761
vn -0.8772 -0.0032 -0.4801
vn -0.8749 -0.0645 -0.4800
vn -0.8690 -0.1253 -0.4787
vn -0.8617 -0.1830 -0.4732
vn -0.8559 -0.2318 -0.4622
vn -0.8486 -0.2741 -0.4524
vn -0.8392 -0.3159 -0.4426
vn -0.8281 -0.3624 -0.4278
vn -0.8156 -0.4126 -0.4056
vn -0.8043 -0.4512 -0.3866
vn -0.7947 -0.4778 -0.3745
vn -0.7847 -0.5040 -0.3610
vn -0.7774 -0.5211 -0.3523
vn -0.8647 0.4390 -0.2443
vn -0.9004 0.3382 -0.2736
vn -0.9217 0.2535 -0.2936
vn -0.9342 0.1777 -0.3093
vn -0.9396 0.1039 -0.3261
vn -0.9398 0.0407 -0.3393
vn -0.9387 -0.0159 -0.3443
vn -0.9346 -0.0744 -0.3478
vn -0.9282 -0.1287 -0.3490
vn -0.9214 -0.1779 -0.3454
vn -0.9136 -0.2242 -0.3393
vn -0.9050 -0.2644 -0.3333
vn -0.8957 -0.3009 -0.3275
vn -0.8846 -0.3399 -0.3193
vn -0.8733 -0.3789 -0.3061
vn -0.8644 -0.4114 -0.2890
vn -0.8572 -0.4355 -0.2747
vn -0.8488 -0.4582 -0.2638
vn -0.9674 0.1592 -0.1968
vn -0.9745 0.0819 -0.2091
vn -0.9534 0.2393 -0.1836
vn -0.9761 0.0236 -0.2159
vn -0.9745 -0.0294 -0.2223
vn -0.9687 -0.0865 -0.2328
vn -0.9613 -0.1347 -0.2404
vn -0.9548 -0.1758 -0.2398
vn -0.9475 -0.2171 -0.2349
vn -0.9381 -0.2572 -0.2320
vn -0.9291 -0.2908 -0.2286
vn -0.9207 -0.3221 -0.2205
vn -0.9118 -0.3514 -0.2123
vn -0.9040 -0.3756 -0.2041
vn -0.8974 -0.3965 -0.1935
vn -0.8911 -0.4165 -0.1804
vn -0.9890 0.0730 -0.1283
vn -0.9906 0.0121 -0.1363
vn -0.9821 0.1460 -0.1192
vn -0.9875 -0.0483 -0.1498
vn -0.9810 -0.1039 -0.1638
vn -0.9758 -0.1409 -0.1670
vn -0.9702 -0.1762 -0.1665
vn -0.9612 -0.2192 -0.1677
vn -0.9528 -0.2554 -0.1644
vn -0.9474 -0.2794 -0.1559
vn -0.9396 -0.3079 -0.1498
vn -0.9311 -0.3342 -0.1459
vn -0.9246 -0.3550 -0.1384
vn -0.9198 -0.3686 -0.1342
vn -0.9956 -0.0639 -0.0686
vn -0.9918 -0.1104 -0.0643
vn -0.9980 -0.0021 -0.0630
vn -0.9877 -0.1447 -0.0595
vn -0.9811 -0.1832 -0.0624
vn -0.9741 -0.2184 -0.0594
vn -0.9681 -0.2447 -0.0540
vn -0.9614 -0.2692 -0.0568
vn -0.9499 -0.3059 -0.0639
vn -0.9425 -0.3245 -0.0804
vn -0.9373 -0.3369 -0.0895
vn -0.9320 -0.3511 -0.0906
vn -0.9920 -0.1092 0.0629
vn -0.9869 -0.1515 0.0559
vn -0.9961 -0.0639 0.0607
vn -0.9814 -0.1837 0.0551
vn -0.9748 -0.2141 0.0625
vn -0.9659 -0.2535 0.0525
vn -0.9594 -0.2795 0.0381
vn -0.9495 -0.3127 0.0272
vn -0.9441 -0.3295 0.0144
vn -0.9433 -0.3318 -0.0099
vn -0.9878 -0.1205 0.0985
vn -0.9835 -0.1565 0.0912
vn -0.9797 -0.1772 0.0934
vn -0.9713 -0.2187 0.0937
vn -0.9599 -0.2678 0.0831
vn -0.9535 -0.2921 0.0748
vn -0.9443 -0.3231 0.0629
vn -0.9412 -0.3341 0.0496
vn -0.9365 -0.3443 0.0661
vn -0.9357 -0.3496 0.0477
vn -0.3006 -0.0233 -0.9535
vn -0.4200 0.0012 -0.9075
vn -0.1193 -0.0253 -0.9925
vn -0.5033 0.0281 -0.8637
vn -0.5831 0.0651 -0.8098
vn -0.6579 0.1026 -0.7461
vn -0.7262 0.1397 -0.6731
vn -0.7780 0.1747 -0.6034
vn -0.8132 0.2046 -0.5448
vn -0.8451 0.2467 -0.4744
vn -0.8673 0.3026 -0.3953
vn -0.8764 0.3569 -0.3232
vn -0.8803 0.4016 -0.2525
vn -0.8821 0.4306 -0.1912
vn -0.8805 0.4528 -0.1401
vn -0.4372 -0.0868 -0.8951
vn -0.5260 -0.0694 -0.8477
vn -0.3147 -0.0909 -0.9448
vn -0.6134 -0.0405 -0.7887
vn -0.7008 -0.0088 -0.7133
vn -0.7752 0.0167 -0.6315
vn -0.8320 0.0447 -0.5529
vn -0.8743 0.0719 -0.4801
vn -0.9073 0.1045 -0.4072
vn -0.9315 0.1486 -0.3320
vn -0.9447 0.2008 -0.2593
vn -0.9483 0.2560 -0.1873
vn -0.9466 0.2941 -0.1322
vn -0.9433 0.3177 -0.0966
vn -0.5317 -0.1442 -0.8346
vn -0.6239 -0.1244 -0.7715
vn -0.4367 -0.1612 -0.8851
vn -0.7202 -0.0986 -0.6867
vn -0.8002 -0.0745 -0.5951
vn -0.8603 -0.0540 -0.5069
vn -0.9051 -0.0360 -0.4237
vn -0.9367 -0.0100 -0.3501
vn -0.9601 0.0289 -0.2780
vn -0.9751 0.0732 -0.2091
vn -0.9817 0.1182 -0.1490
vn -0.9817 0.1611 -0.1018
vn -0.9785 0.1924 -0.0748
vn -0.5225 -0.2345 -0.8198
vn -0.4174 -0.2595 -0.8709
vn -0.6292 -0.2051 -0.7497
vn -0.7252 -0.1848 -0.6632
vn -0.8073 -0.1590 -0.5683
vn -0.8706 -0.1381 -0.4722
vn -0.9193 -0.1123 -0.3771
vn -0.9485 -0.0901 -0.3038
vn -0.9689 -0.0610 -0.2397
vn -0.9835 -0.0219 -0.1795
vn -0.9909 0.0185 -0.1330
vn -0.9938 0.0590 -0.0946
vn -0.9934 0.0942 -0.0654
vn -0.6182 -0.3016 -0.7259
vn -0.7232 -0.2706 -0.6354
vn -0.5010 -0.3321 -0.7992
vn -0.8084 -0.2403 -0.5374
vn -0.8742 -0.2162 -0.4347
vn -0.9210 -0.1881 -0.3412
vn -0.9516 -0.1547 -0.2657
vn -0.9709 -0.1261 -0.2037
vn -0.9834 -0.0984 -0.1526
vn -0.9909 -0.0648 -0.1177
vn -0.9957 -0.0266 -0.0893
vn -0.9985 0.0117 -0.0544
vn -0.7141 -0.3539 -0.6040
vn -0.8036 -0.3184 -0.5028
vn -0.6043 -0.3845 -0.6979
vn -0.8735 -0.2815 -0.3972
vn -0.9183 -0.2506 -0.3065
vn -0.9471 -0.2201 -0.2334
vn -0.9690 -0.1811 -0.1682
vn -0.9805 -0.1541 -0.1220
vn -0.9860 -0.1312 -0.1034
vn -0.9920 -0.0974 -0.0801
vn -0.9976 -0.0591 -0.0352
vn -0.7946 -0.3912 -0.4644
vn -0.8661 -0.3499 -0.3569
vn -0.7033 -0.4268 -0.5685
vn -0.9131 -0.3086 -0.2663
vn -0.9405 -0.2769 -0.1968
vn -0.9611 -0.2400 -0.1367
vn -0.9744 -0.2027 -0.0969
vn -0.9789 -0.1840 -0.0890
vn -0.9863 -0.1538 -0.0589
vn -0.6962 -0.4847 -0.5295
vn -0.7866 -0.4498 -0.4230
vn -0.8564 -0.4070 -0.3177
vn -0.9023 -0.3651 -0.2293
vn -0.9314 -0.3267 -0.1608
vn -0.9497 -0.2951 -0.1047
vn -0.9616 -0.2635 -0.0766
vn -0.9700 -0.2333 -0.0683
vn -0.9806 -0.1948 -0.0211
vn -0.8495 -0.4410 -0.2896
vn -0.8946 -0.3985 -0.2022
vn -0.7814 -0.4872 -0.3899
vn -0.9235 -0.3601 -0.1321
vn -0.9410 -0.3270 -0.0872
vn -0.9496 -0.3037 -0.0775
vn -0.9612 -0.2712 -0.0512
vn -0.9756 -0.2187 0.0174
vn -0.8900 -0.4167 -0.1848
vn -0.9176 -0.3791 -0.1192
vn -0.8449 -0.4611 -0.2712
vn -0.9331 -0.3498 -0.0835
vn -0.9410 -0.3310 -0.0700
vn -0.9548 -0.2961 -0.0250
vn -0.9685 -0.2460 0.0383
vn -0.9126 -0.3932 -0.1120
vn -0.9261 -0.3680 -0.0830
vn -0.8866 -0.4285 -0.1743
vn -0.9347 -0.3500 -0.0617
vn -0.9488 -0.3158 -0.0050
vn -0.9612 -0.2715 0.0482
vn -0.8866 -0.4297 -0.1712
vn -0.9114 -0.3945 -0.1171
vn -0.9237 -0.3738 -0.0839
vn -0.9325 -0.3571 -0.0536
vn -0.9441 -0.3296 0.0041
vn -0.9539 -0.2965 0.0460
vn -0.9270 -0.3643 -0.0887
vn -0.9355 -0.3502 -0.0467
vn -0.9148 -0.3841 -0.1252
vn -0.9421 -0.3350 0.0167
vn -0.9461 -0.3211 0.0420
vn -0.9400 -0.3397 -0.0305
vn -0.9421 -0.3343 0.0275
vn -0.9431 -0.3309 0.0329
vn -0.9411 -0.3356 0.0404
vn -0.9387 -0.3429 0.0357
vn 0.7082 0.4381 0.5537
vn 0.5059 0.4862 0.7125
vn 0.5687 0.5269 0.6317
vn -0.7819 0.5170 -0.3483
vn -0.8946 0.0623 -0.4425
vn -0.4487 0.8544 -0.2619
vn -0.5482 0.8124 -0.1989
vn -0.4117 0.9019 -0.1308
vn -0.3984 0.9027 -0.1624
vn -0.4555 0.8599 -0.2304
vn -0.7995 0.5478 -0.2463
vn -0.5391 0.8316 -0.1335
vn -0.9487 0.0380 -0.3139
vn -0.4170 0.9053 -0.0804
vn -0.8128 0.5602 -0.1596
vn -0.5208 0.8493 -0.0858
vn -0.9788 0.0237 -0.2033
vn -0.8279 0.5556 -0.0767
vn -0.5184 0.8539 -0.0466
vn -0.9934 0.0335 -0.1097
vn -0.9988 0.0476 -0.0076
vn -0.8292 -0.5564 -0.0533
vn -0.8243 -0.5494 -0.1368
vn -0.8379 0.5458 0.0054
vn 0.4482 0.8233 -0.3482
vn 0.3417 0.8579 -0.3837
vn 0.2325 0.8797 -0.4148
vn 0.1217 0.8920 -0.4353
vn 0.0052 0.8935 -0.4491
vn 0.9879 0.1334 -0.0795
vn 0.9596 0.2592 -0.1097
vn 0.9011 0.4078 -0.1475
vn 0.8145 0.5406 -0.2105
vn 0.6999 0.6532 -0.2889
vn 0.5697 0.7440 -0.3492
vn 0.4547 0.8004 -0.3906
vn 0.3498 0.8326 -0.4294
vn 0.2415 0.8556 -0.4578
vn 0.1326 0.8673 -0.4798
vn 0.0197 0.8675 -0.4970
vn 0.9667 -0.2532 0.0370
vn 0.9733 -0.2283 0.0239
vn 0.9808 -0.1923 -0.0319
vn 0.9856 -0.1520 -0.0737
vn 0.9929 -0.0796 -0.0888
vn 0.9959 0.0057 -0.0900
vn 0.9891 0.1037 -0.1045
vn 0.9642 0.2313 -0.1294
vn 0.9082 0.3818 -0.1717
vn 0.8204 0.5160 -0.2464
vn 0.7061 0.6278 -0.3275
vn 0.5818 0.7135 -0.3903
vn 0.4625 0.7746 -0.4314
vn 0.3590 0.8058 -0.4710
vn 0.2524 0.8307 -0.4962
vn 0.1430 0.8413 -0.5214
vn 0.9405 -0.3370 0.0438
vn 0.9443 -0.3244 0.0551
vn 0.9528 -0.3001 0.0456
vn 0.9583 -0.2857 0.0071
vn 0.9573 -0.2889 -0.0059
vn 0.9620 -0.2712 -0.0315
vn 0.9723 -0.2241 -0.0665
vn 0.9827 -0.1671 -0.0804
vn 0.9905 -0.0996 -0.0951
vn 0.9936 -0.0217 -0.1107
vn 0.9889 0.0741 -0.1284
vn 0.9677 0.2028 -0.1497
vn 0.9145 0.3504 -0.2025
vn 0.8254 0.4904 -0.2797
vn 0.7123 0.6012 -0.3622
vn 0.5923 0.6826 -0.4281
vn 0.4736 0.7428 -0.4732
vn 0.3676 0.7788 -0.5083
vn 0.2637 0.8031 -0.5344
vn 0.9407 -0.3385 0.0225
vn 0.9451 -0.3255 -0.0288
vn 0.9465 -0.3188 -0.0509
vn 0.9466 -0.3192 -0.0456
vn 0.9529 -0.2971 -0.0615
vn 0.9676 -0.2420 -0.0720
vn 0.9804 -0.1799 -0.0808
vn 0.9873 -0.1155 -0.1093
vn 0.9898 -0.0440 -0.1352
vn 0.9869 0.0460 -0.1549
vn 0.9687 0.1703 -0.1803
vn 0.9188 0.3150 -0.2378
vn 0.8304 0.4622 -0.3110
vn 0.7180 0.5737 -0.3942
vn 0.5987 0.6542 -0.4621
vn 0.4863 0.7071 -0.5133
vn 0.3774 0.7496 -0.5437
vn 0.9336 -0.3467 -0.0907
vn 0.9360 -0.3444 -0.0732
vn 0.9396 -0.3368 -0.0614
vn 0.9476 -0.3122 -0.0677
vn 0.9624 -0.2609 -0.0762
vn 0.9751 -0.1981 -0.1001
vn 0.9831 -0.1283 -0.1302
vn 0.9853 -0.0602 -0.1596
vn 0.9828 0.0223 -0.1834
vn 0.9663 0.1368 -0.2182
vn 0.9199 0.2773 -0.2774
vn 0.8356 0.4239 -0.3494
vn 0.7238 0.5404 -0.4290
vn 0.6038 0.6255 -0.4942
vn 0.4958 0.6749 -0.5465
vn 0.9298 -0.3600 -0.0763
vn 0.9347 -0.3488 -0.0682
vn 0.9283 -0.3602 -0.0923
vn 0.9424 -0.3259 -0.0760
vn 0.9549 -0.2812 -0.0954
vn 0.9677 -0.2171 -0.1278
vn 0.9768 -0.1432 -0.1594
vn 0.9798 -0.0723 -0.1862
vn 0.9775 0.0039 -0.2108
vn 0.9626 0.1119 -0.2468
vn 0.9192 0.2471 -0.3067
vn 0.8388 0.3856 -0.3843
vn 0.7289 0.5037 -0.4637
vn 0.6118 0.5883 -0.5288
vn 0.9305 -0.3505 -0.1067
vn 0.9431 -0.3060 -0.1300
vn 0.9224 -0.3741 -0.0958
vn 0.9555 -0.2374 -0.1753
vn 0.9629 -0.1632 -0.2147
vn 0.9663 -0.0894 -0.2414
vn 0.9658 -0.0148 -0.2587
vn 0.9545 0.0872 -0.2852
vn 0.9168 0.2211 -0.3326
vn 0.8397 0.3567 -0.4095
vn 0.7330 0.4686 -0.4930
vn 0.9084 -0.3849 -0.1635
vn 0.9211 -0.3371 -0.1947
vn 0.9354 -0.2598 -0.2399
vn 0.9434 -0.1787 -0.2794
vn 0.9456 -0.1044 -0.3080
vn 0.9468 -0.0331 -0.3202
vn 0.9401 0.0606 -0.3355
vn 0.9095 0.1942 -0.3675
vn 0.8377 0.3176 -0.4442
vn 0.9167 -0.1909 -0.3511
vn 0.9225 -0.1110 -0.3698
vn 0.9062 -0.2826 -0.3147
vn 0.9251 -0.0442 -0.3772
vn 0.9233 0.0388 -0.3821
vn 0.9022 0.1743 -0.3946
vn 0.8923 -0.0489 -0.4487
vn 0.8940 0.0241 -0.4475
vn 0.8851 -0.1178 -0.4503
vn 0.8827 0.1478 -0.4461
vn 0.8411 0.0287 -0.5402
vn 0.0110 -0.9999 0.0041
vn -0.0021 -1.0000 -0.0096
vn -0.0009 -0.9998 -0.0175
vn -0.0050 -0.9998 -0.0201
vn -0.0048 -0.9998 -0.0177
vn 0.0021 -0.9998 -0.0186
vn -0.0186 -0.9997 -0.0183
vn -0.0084 -0.9998 -0.0195
vn 0.0050 -0.9997 -0.0257
vn -0.0126 -0.9996 -0.0243
vn -0.3995 0.1956 0.8956
vn -0.5173 0.2716 0.8115
vn -0.3966 0.2759 0.8755
vn -0.4995 0.3527 0.7913
vn -0.6306 0.3732 0.6805
vn -0.7528 0.3555 0.5540
vn -0.3956 0.3369 0.8544
vn -0.4865 0.3943 0.7796
vn -0.6105 0.4174 0.6731
vn -0.7269 0.4134 0.5484
vn -0.8173 0.3765 0.4362
vn -0.4754 0.4155 0.7755
vn -0.6003 0.4371 0.6698
vn -0.7127 0.4401 0.5462
vn -0.7929 0.4225 0.4391
vn -0.8420 0.4047 0.3568
vn -0.8682 0.3991 0.2950
vn -0.4623 0.4348 0.7728
vn -0.5847 0.4682 0.6625
vn -0.6934 0.4821 0.5355
vn -0.7638 0.4799 0.4315
vn -0.8075 0.4774 0.3463
vn -0.8284 0.4849 0.2804
vn -0.8371 0.4956 0.2315
vn -0.8422 0.5044 0.1907
vn -0.4496 0.4634 0.7636
vn -0.5608 0.5207 0.6437
vn -0.6587 0.5437 0.5201
vn -0.7201 0.5616 0.4076
vn -0.7529 0.5785 0.3137
vn -0.7663 0.5938 0.2453
vn -0.7685 0.6081 0.1992
vn -0.7667 0.6216 0.1605
vn -0.7660 0.6281 0.1368
vn -0.4598 0.8742 -0.1559
vn -0.5801 0.7869 -0.2105
vn -0.5496 0.7754 -0.3111
vn -0.6892 0.6748 -0.2640
vn -0.4601 0.8833 -0.0903
vn -0.5910 0.7966 -0.1272
vn -0.4103 0.9108 -0.0453
vn -0.4542 0.8897 -0.0460
vn -0.3980 0.9168 -0.0326
vn -0.5237 0.8519 0.0069
vn -0.7156 0.6770 -0.1721
vn -0.8084 0.5491 -0.2124
vn -0.5931 0.8025 -0.0653
vn -0.7319 0.6746 -0.0963
vn -0.8325 0.5400 -0.1237
vn -0.8940 0.4224 -0.1495
vn -0.9320 0.3195 -0.1709
vn -0.4439 0.8955 -0.0321
vn -0.5858 0.8096 -0.0372
vn -0.7332 0.6779 -0.0531
vn -0.8396 0.5388 -0.0687
vn -0.9073 0.4128 -0.0801
vn -0.9464 0.3100 -0.0908
vn -0.9685 0.2258 -0.1049
vn -0.3954 0.9185 0.0059
vn -0.4404 0.8978 0.0023
vn -0.5754 0.8179 -0.0072
vn -0.7296 0.6836 -0.0195
vn -0.8389 0.5436 -0.0280
vn -0.9097 0.4139 -0.0328
vn -0.9527 0.3016 -0.0376
vn -0.9764 0.2113 -0.0443
vn -0.9897 0.1338 -0.0503
vn -0.9965 0.0609 -0.0571
vn -0.5840 0.8054 0.1015
vn -0.7373 0.6693 0.0921
vn -0.8389 0.5387 0.0783
vn -0.9092 0.4106 0.0695
vn -0.9520 0.2994 0.0635
vn -0.9766 0.2068 0.0596
vn -0.9902 0.1270 0.0580
vn -0.9969 0.0532 0.0572
vn -0.9983 -0.0097 0.0572
vn -0.9932 -0.0122 0.1155
vn -0.9917 -0.0682 0.1093
vn -0.2619 -0.9129 0.3131
vn -0.3949 -0.8339 0.3856
vn -0.2823 -0.9205 0.2703
vn -0.4322 -0.8430 0.3203
vn -0.1563 -0.9512 0.2661
vn -0.1655 -0.9537 0.2510
vn -0.5164 -0.7163 0.4693
vn -0.5657 -0.7233 0.3959
vn -0.4174 -0.7109 0.5660
vn -0.4418 -0.8485 0.2914
vn -0.5877 -0.7263 0.3566
vn -0.2964 -0.9199 0.2567
vn -0.4549 -0.8480 0.2719
vn -0.6008 -0.7312 0.3231
vn -0.3087 -0.9158 0.2569
vn -0.6063 -0.5753 0.5491
vn -0.6725 -0.5632 0.4801
vn -0.4854 -0.5876 0.6474
vn -0.7003 -0.5621 0.4400
vn -0.7168 -0.5663 0.4069
vn -0.6159 -0.7329 0.2889
vn -0.7427 -0.5636 0.3618
vn -0.4709 -0.8435 0.2583
vn -0.6407 -0.7233 0.2576
vn -0.4921 -0.8324 0.2548
vn -0.7816 -0.5435 0.3062
vn -0.6666 -0.4204 0.6155
vn -0.7353 -0.3971 0.5492
vn -0.5346 -0.4531 0.7134
vn -0.7621 -0.3838 0.5215
vn -0.7821 -0.3787 0.4948
vn -0.8096 -0.3726 0.4536
vn -0.8443 -0.3611 0.3960
vn -0.8776 -0.3275 0.3501
vn -0.6944 -0.2595 0.6711
vn -0.7591 -0.2337 0.6076
vn -0.5579 -0.2932 0.7764
vn -0.7798 -0.2147 0.5880
vn -0.7913 -0.2148 0.5725
vn -0.8110 -0.2277 0.5389
vn -0.8412 -0.2307 0.4891
vn -0.6904 -0.1012 0.7163
vn -0.7444 -0.0664 0.6644
vn -0.5500 -0.1205 0.8264
vn -0.7584 -0.0619 0.6488
vn -0.7602 -0.0851 0.6440
vn -0.7697 -0.1198 0.6270
vn -0.6596 0.0276 0.7511
vn -0.5197 0.0332 0.8537
vn -0.7049 0.0619 0.7066
vn -0.7092 0.0557 0.7028
vn -0.7027 0.0239 0.7111
vn -0.6191 0.1205 0.7760
vn -0.5040 0.1489 0.8508
vn -0.8856 -0.4463 0.1285
vn -0.8861 -0.4528 0.0992
vn -0.9008 -0.4204 0.1091
vn -0.9221 -0.3649 0.1288
vn -0.9436 -0.3118 0.1113
vn -0.8487 -0.5063 0.1525
vn -0.8397 -0.5213 0.1522
vn -0.9339 -0.3099 0.1780
vn -0.9506 -0.2675 0.1573
vn -0.9345 -0.2755 0.2252
vn -0.9517 -0.2256 0.2083
vn -0.9631 -0.1957 0.1849
vn -0.9082 -0.2686 0.3209
vn -0.9295 -0.2256 0.2917
vn -0.9460 -0.1872 0.2648
vn -0.9591 -0.1651 0.2300
vn -0.8915 -0.1979 0.4075
vn -0.8690 -0.2170 0.4447
vn -0.9093 -0.1826 0.3738
vn -0.9288 -0.1716 0.3285
vn -0.9464 -0.1432 0.2895
vn -0.9620 -0.1044 0.2522
vn -0.8780 -0.1573 0.4520
vn -0.8602 -0.1548 0.4860
vn -0.8996 -0.1424 0.4129
vn -0.9272 -0.1065 0.3591
vn -0.9482 -0.0640 0.3111
vn -0.8574 -0.1060 0.5036
vn -0.8374 -0.1099 0.5354
vn -0.8929 -0.0740 0.4440
vn -0.9214 -0.0241 0.3879
vn -0.9445 0.0547 0.3239
vn -0.8421 -0.0216 0.5389
vn -0.8690 0.0426 0.4929
vn -0.7994 -0.0611 0.5976
vn -0.8958 0.1458 0.4198
vn -0.7877 0.1345 0.6012
vn -0.8024 0.2326 0.5496
vn -0.7569 0.0606 0.6507
vn -0.8182 0.3049 0.4875
vn -0.6812 0.2989 0.6683
vn -0.7247 0.3331 0.6031
vn -0.6778 0.2397 0.6951
vn -0.6158 0.3220 0.7191
vn -0.6835 0.2032 0.7011
vn -0.5589 0.3496 0.7519
vn -0.5421 0.1706 0.8228
vn -0.4812 0.3169 0.8173
vn -0.4245 0.0659 0.9030
vn -0.3789 0.1651 0.9106
vn -0.2525 0.0692 0.9651
vn -0.1056 0.1830 0.9774
vn 0.0464 -0.3993 -0.9157
vn 0.1474 -0.3662 -0.9188
vn 0.2578 -0.2877 -0.9223
vn -0.0303 -0.4998 -0.8656
vn -0.0451 -0.4211 -0.9059
vn -0.0717 -0.3308 -0.9410
vn -0.0977 -0.1841 -0.9781
vn -0.1235 -0.5117 -0.8502
vn -0.1385 -0.4386 -0.8879
vn -0.1588 -0.3496 -0.9234
vn -0.1846 -0.2343 -0.9545
vn -0.1742 -0.1247 -0.9768
vn -0.1483 -0.0657 -0.9868
vn -0.2178 -0.5799 -0.7851
vn -0.2340 -0.5097 -0.8279
vn -0.2529 -0.4428 -0.8602
vn -0.2792 -0.3567 -0.8915
vn -0.3036 -0.2600 -0.9166
vn -0.3165 -0.1658 -0.9340
vn 0.0544 -0.0079 -0.9985
vn -0.3281 -0.5914 -0.7366
vn -0.3376 -0.5528 -0.7619
vn -0.3535 -0.4890 -0.7975
vn -0.3753 -0.4237 -0.8244
vn -0.3985 -0.3491 -0.8481
vn -0.4663 -0.5741 -0.6730
vn -0.4688 -0.5303 -0.7064
vn -0.4762 -0.4686 -0.7441
vn -0.4860 -0.4016 -0.7762
vn -0.5886 -0.5846 -0.5584
vn -0.5903 -0.5527 -0.5883
vn -0.5927 -0.5096 -0.6237
vn -0.5981 -0.4516 -0.6621
vn -0.6900 -0.5518 -0.4684
vn -0.6925 -0.5245 -0.4953
vn -0.7749 -0.5206 -0.3585
vn -0.7768 -0.5091 -0.3707
vn -0.8427 -0.4727 -0.2576
vn -0.8419 -0.4731 -0.2594
vn 0.9177 -0.3843 -0.1012
vn 0.9009 -0.4077 -0.1487
vn 0.8735 -0.4234 -0.2401
vn 0.8887 -0.3696 -0.2713
vn 0.8212 -0.4638 -0.3324
vn 0.8373 -0.4037 -0.3687
vn 0.8559 -0.3078 -0.4157
vn 0.8721 -0.2065 -0.4436
vn 0.7622 -0.4358 -0.4786
vn 0.7842 -0.3339 -0.5230
vn 0.8060 -0.2214 -0.5490
vn 0.8219 -0.1261 -0.5555
vn 0.8366 -0.0481 -0.5456
vn 0.6874 -0.3600 -0.6307
vn 0.7222 -0.2309 -0.6520
vn 0.7385 -0.1279 -0.6620
vn 0.7547 -0.0444 -0.6545
vn 0.7647 0.0508 -0.6424
vn 0.6066 -0.2458 -0.7560
vn 0.6512 -0.1195 -0.7494
vn 0.6666 -0.0318 -0.7448
vn 0.6769 0.0796 -0.7318
vn 0.4856 -0.2493 -0.8379
vn 0.5464 -0.1143 -0.8297
vn 0.5788 -0.0108 -0.8154
vn 0.4074 -0.2288 -0.8841
vn 0.4626 -0.0972 -0.8812
vn 0.0245 -0.9997 0.0024
vn 0.0269 -0.9996 0.0094
vn 0.0336 -0.9994 0.0017
vn 0.0395 -0.9992 -0.0025
vn 0.0510 -0.9987 -0.0079
vn 0.0654 -0.9978 -0.0130
vn 0.0622 -0.9977 -0.0275
vn 0.0658 -0.9973 -0.0333
vn 0.0654 -0.9975 -0.0260
vn 0.0627 -0.9979 -0.0168
vn 0.0685 -0.9976 -0.0125
vn 0.0615 -0.9979 -0.0201
vn 0.0547 -0.9982 -0.0244
vn 0.0606 -0.9978 -0.0279
vn 0.0364 -0.9989 -0.0281
vn 0.0653 -0.9978 0.0080
vn 0.0706 -0.9975 0.0043
vn 0.0748 -0.9971 -0.0128
vn 0.0733 -0.9969 -0.0302
vn 0.0350 -0.9983 -0.0475
vn 0.4446 -0.8944 -0.0476
vn 0.0599 -0.9982 0.0026
vn -0.0898 -0.9642 0.2496
vn -0.0820 -0.9615 0.2622
vn -0.0356 -0.9628 0.2677
vn -0.0384 -0.9671 0.2515
vn -0.1783 -0.9516 0.2503
vn -0.0953 -0.9621 0.2557
vn -0.0375 -0.9648 0.2602
vn 0.0015 -0.9678 0.2517
vn 0.0003 -0.9617 0.2742
vn 0.0112 -0.9666 0.2560
vn -0.1932 -0.9457 0.2614
vn -0.1053 -0.9556 0.2753
vn -0.0363 -0.9589 0.2814
vn 0.0248 -0.9603 0.2780
vn 0.0602 -0.9672 0.2469
vn 0.0771 -0.9603 0.2683
vn 0.0503 -0.9666 0.2512
vn -0.3282 -0.9073 0.2629
vn -0.2103 -0.9362 0.2817
vn -0.1171 -0.9477 0.2968
vn -0.0355 -0.9521 0.3037
vn 0.0321 -0.9512 0.3069
vn 0.0950 -0.9489 0.3008
vn 0.1632 -0.9527 0.2564
vn 0.1935 -0.9392 0.2835
vn 0.1387 -0.9593 0.2461
vn -0.3519 -0.8930 0.2805
vn -0.2279 -0.9231 0.3099
vn -0.1245 -0.9374 0.3252
vn -0.0359 -0.9435 0.3294
vn 0.0361 -0.9416 0.3349
vn 0.1125 -0.9364 0.3324
vn 0.2238 -0.9220 0.3159
vn 0.3297 -0.9058 0.2661
vn 0.3737 -0.8850 0.2777
vn 0.2987 -0.9207 0.2512
vn -0.0360 -0.9286 0.3693
vn 0.0382 -0.9261 0.3753
vn 0.1257 -0.9174 0.3777
vn 0.2573 -0.8993 0.3537
vn 0.4165 -0.8575 0.3022
vn 0.5398 -0.8012 0.2584
vn 0.6049 -0.7578 0.2446
vn 0.4928 -0.8309 0.2582
vn 0.7337 -0.5814 0.3516
vn 0.5886 -0.6302 0.5063
vn 0.8106 -0.5449 0.2143
vn 0.3992 -0.6754 0.6201
vn 0.2146 -0.7050 0.6759
vn 0.0642 -0.7100 0.7013
vn -0.0285 -0.7124 0.7012
vn -0.1475 -0.7122 0.6863
vn -0.3154 -0.6840 0.6577
vn -0.4732 -0.6461 0.5989
vn -0.6135 -0.6035 0.5093
vn -0.7344 -0.5570 0.3879
vn -0.8036 -0.5247 0.2808
vn -0.8472 -0.4944 0.1946
vn 0.1945 -0.7553 0.6258
vn 0.0605 -0.7681 0.6374
vn 0.3753 -0.7318 0.5689
vn -0.0243 -0.7726 0.6344
vn -0.1421 -0.7700 0.6220
vn -0.3076 -0.7519 0.5831
vn -0.4580 -0.7224 0.5181
vn -0.5926 -0.6835 0.4262
vn -0.7087 -0.6328 0.3121
vn -0.7798 -0.5863 0.2197
vn -0.1409 -0.8199 0.5548
vn -0.2960 -0.8049 0.5142
vn -0.0258 -0.8282 0.5599
vn -0.4416 -0.7769 0.4489
vn -0.5754 -0.7295 0.3697
vn -0.6915 -0.6701 0.2696
vn -0.7786 -0.5938 0.2029
vn -0.3431 0.1612 0.9254
vn -0.1852 0.1648 0.9688
vn -0.1370 0.1385 0.9808
vn 0.0284 0.1299 0.9911
vn -0.0111 0.0368 0.9993
vn 0.0442 0.1207 0.9917
vn -0.0420 0.0057 0.9991
vn 0.2096 0.1376 0.9680
vn 0.2163 0.0308 0.9758
vn 0.2013 0.1357 0.9701
vn 0.2165 0.0165 0.9761
vn 0.2334 0.1093 0.9662
vn 0.3792 0.1485 0.9133
vn 0.4120 0.0482 0.9099
vn 0.3706 0.1520 0.9163
vn 0.4683 0.0817 0.8798
vn 0.4948 0.1473 0.8564
vn 0.4925 0.0680 0.8677
vn 0.5219 0.1577 0.8383
vn 0.5658 0.0990 0.8186
vn 0.6129 0.1118 0.7822
vn 0.6108 0.1161 0.7833
vn 0.6400 0.1241 0.7583
vn -0.3086 -0.5914 0.7450
vn -0.1172 -0.4268 0.8967
vn -0.3309 -0.4462 0.8315
vn -0.1209 -0.2936 0.9483
vn -0.3382 -0.2923 0.8945
vn 0.0357 -0.1240 0.9916
vn -0.1224 -0.1265 0.9844
vn -0.3388 -0.1263 0.9323
vn 0.1922 0.0370 0.9807
vn 0.0406 0.0261 0.9988
vn -0.1229 0.0342 0.9918
vn -0.3325 0.0472 0.9419
vn -0.7025 -0.0187 0.7115
vn -0.6361 0.0262 0.7712
vn -0.7293 -0.0478 0.6826
vn -0.8065 -0.1392 0.5747
vn -0.6623 0.0032 0.7493
vn -0.7693 -0.0762 0.6343
vn -0.8374 -0.1461 0.5267
vn -0.6947 -0.0317 0.7186
vn -0.8039 -0.1062 0.5852
vn 0.8692 -0.4757 0.1350
vn 0.8779 -0.4636 0.1201
vn 0.9275 -0.3607 0.0987
vn 0.8875 -0.4465 0.1134
vn 0.9426 -0.2995 0.1478
vn 0.9006 -0.4121 0.1379
vn 0.7991 -0.5793 0.1606
vn 0.7968 -0.5819 0.1628
vn 0.7968 -0.5774 0.1783
vn 0.9471 -0.2633 0.1834
vn 0.9139 -0.3556 0.1956
vn 0.8066 -0.5583 0.1940
vn 0.9572 -0.1780 0.2283
vn 0.9443 -0.2321 0.2334
vn 0.9196 -0.3081 0.2436
vn 0.8199 -0.5138 0.2525
vn 0.9451 -0.1656 0.2817
vn 0.9325 -0.1940 0.3047
vn 0.9163 -0.2490 0.3137
vn 0.8881 -0.3185 0.3313
vn 0.9511 -0.0967 0.2933
vn 0.9273 -0.1517 0.3422
vn 0.9143 -0.1703 0.3676
vn 0.8952 -0.2104 0.3930
vn 0.8825 -0.2267 0.4121
vn 0.9353 -0.0720 0.3464
vn 0.9012 -0.1296 0.4135
vn 0.8864 -0.1498 0.4380
vn 0.8749 -0.1661 0.4550
vn 0.9125 -0.0458 0.4065
vn 0.8751 -0.1087 0.4716
vn 0.8583 -0.1201 0.4990
vn 0.9181 0.1088 0.3812
vn 0.8819 -0.0124 0.4712
vn 0.8470 -0.0851 0.5248
vn 0.8148 -0.0883 0.5730
vn 0.8719 0.1721 0.4584
vn 0.8400 0.0393 0.5411
vn 0.7974 -0.0405 0.6021
vn 0.8117 0.3027 0.4995
vn 0.7980 0.2402 0.5527
vn 0.7753 0.1116 0.6216
vn 0.7440 0.3239 0.5844
vn 0.7136 0.2952 0.6354
vn 0.6875 0.1893 0.7010
vn 0.6670 0.3241 0.6708
vn 0.6218 0.3387 0.7061
vn 0.6452 0.1655 0.7459
vn 0.5700 0.3273 0.7537
vn 0.5189 0.1554 0.8406
vn 0.4335 0.0651 0.8988
vn -0.0046 -0.9999 0.0162
vn 0.7143 0.2290 0.6613
vn 0.0386 -0.9988 -0.0298
vn 0.0421 -0.9988 -0.0229
vn 0.0285 -0.9994 -0.0178
vn 0.0267 -0.9995 -0.0182
vn 0.0239 -0.9994 -0.0238
vn 0.0326 -0.9989 -0.0336
vn 0.0289 -0.9995 -0.0143
vn 0.0222 -0.9996 -0.0158
vn 0.0331 -0.9994 -0.0056
vn 0.0566 -0.9983 -0.0097
vn 0.0522 -0.9980 -0.0370
vn 0.0659 -0.9974 -0.0294
vn 0.0434 -0.9983 -0.0383
vn 0.0724 -0.9972 -0.0163
vn 0.0572 -0.9984 0.0012
vn 0.0351 -0.9994 0.0083
vn 0.0668 -0.9977 -0.0067
vn 0.0687 -0.9967 -0.0422
vn 0.0748 -0.9967 -0.0326
vn 0.0588 -0.9972 -0.0467
vn 0.0715 -0.9972 -0.0217
vn 0.0522 -0.9986 0.0090
vn 0.0438 -0.9978 -0.0501
vn 0.0633 -0.9959 -0.0649
vn 0.0774 -0.9952 -0.0606
vn 0.0317 -0.9987 -0.0403
vn 0.0790 -0.9956 -0.0506
vn 0.0694 -0.9969 -0.0369
vn 0.0737 -0.9970 -0.0244
vn 0.0850 -0.9940 -0.0689
vn 0.0849 -0.9942 -0.0661
vn 0.0754 -0.9949 -0.0665
vn 0.0817 -0.9955 -0.0477
vn 0.0809 -0.9962 -0.0314
vn 0.0884 -0.9941 -0.0634
vn 0.1023 -0.9917 -0.0783
vn 0.0581 -0.9983 -0.0054
vn 0.1072 -0.9913 -0.0760
vn 0.0884 -0.9948 -0.0514
vn 0.0277 -0.9995 0.0129
vn 0.1096 -0.9913 -0.0724
vn 0.0515 -0.9851 -0.1639
vn 0.0419 -0.9974 -0.0583
vn 0.1165 -0.9900 -0.0796
vn 0.1099 -0.9923 -0.0566
vn 0.1385 -0.9848 -0.1045
vn 0.1249 -0.9881 -0.0901
vn 0.3133 -0.7669 -0.5600
vn 0.3324 -0.8518 -0.4049
vn 0.1641 -0.6973 -0.6977
vn 0.2815 -0.9213 -0.2683
vn 0.2305 -0.9588 -0.1660
vn 0.4095 -0.2748 -0.8699
vn 0.5198 -0.3804 -0.7650
vn 0.2278 -0.2353 -0.9449
vn 0.5705 -0.4681 -0.6748
vn 0.5989 -0.6036 -0.5262
vn 0.4172 0.0307 -0.9083
vn 0.5461 0.0138 -0.8376
vn 0.2427 0.0281 -0.9697
vn 0.6544 0.0132 -0.7560
vn 0.1094 0.0186 -0.9938
vn 0.2434 0.3849 -0.8903
vn 0.1129 0.3732 -0.9208
vn 0.1010 -0.2564 -0.9613
vn 0.3890 0.4123 -0.8238
vn 0.5014 0.4309 -0.7503
vn 0.2218 0.6794 -0.6995
vn 0.3240 0.7070 -0.6286
vn 0.5851 0.1182 -0.8023
vn 0.4872 0.0200 -0.8731
vn 0.4796 0.1580 -0.8631
vn 0.3350 -0.1710 -0.9266
vn 0.3750 -0.0552 -0.9254
vn 0.3859 0.0605 -0.9205
vn 0.2474 -0.0045 -0.9689
vn 0.2543 0.0867 -0.9632
vn 0.2285 -0.0966 -0.9687
vn 0.0722 -0.0123 -0.9973
vn 0.0620 0.0270 -0.9977
vn 0.7086 -0.6347 0.3082
vn 0.5533 -0.6869 0.4712
vn 0.6789 -0.6811 0.2743
vn 0.5201 -0.7400 0.4265
vn 0.3475 -0.7928 0.5008
vn 0.1753 -0.8191 0.5463
vn 0.0551 -0.8288 0.5569
vn 0.6541 -0.7096 0.2620
vn 0.4886 -0.7818 0.3873
vn 0.3192 -0.8334 0.4512
vn 0.1566 -0.8602 0.4854
vn 0.0452 -0.8674 0.4955
vn -0.0332 -0.8661 0.4988
vn 0.6382 -0.7285 0.2490
vn 0.4538 -0.8218 0.3444
vn 0.2900 -0.8658 0.4078
vn 0.1392 -0.8894 0.4354
vn 0.0397 -0.8995 0.4351
vn -0.0373 -0.9007 0.4329
vn 0.3802 0.1891 -0.9054
vn 0.0708 0.0784 -0.9944
vn -0.0658 0.0267 -0.9975
vn -0.0386 0.0259 -0.9989
vn -0.0049 -0.0146 -0.9999
vn 0.0551 -0.0197 -0.9983
vn 0.0732 0.2189 0.9730
vn 0.0225 0.1681 0.9855
vn 0.0905 0.1918 0.9772
vn 0.0307 0.2071 0.9778
vn 0.0461 0.1502 0.9876
vn 0.0363 0.2096 0.9771
vn -0.3663 0.3359 0.8677
vn -0.0738 0.0962 0.9926
vn -0.3198 0.3328 0.8871
vn -0.2087 0.1634 0.9642
vn -0.1828 0.3580 0.9156
vn -0.0771 0.1722 0.9820
vn -0.1116 0.3657 0.9240
vn -0.2995 0.4401 0.8465
vn -0.2962 0.4760 0.8280
vn -0.2136 0.4893 0.8455
vn -0.4300 0.3908 0.8139
vn -0.3959 0.4081 0.8227
vn -0.3615 0.3640 0.8584
vn -0.4780 0.2671 0.8368
vn -0.4199 0.2223 0.8799
vn -0.5354 0.3341 0.7757
vn -0.4612 0.2583 0.8489
vn -0.5013 0.1263 0.8560
vn -0.5434 0.1064 0.8327
vn 0.6077 0.0930 0.7887
vn 0.6482 0.1077 0.7538
vn 0.6242 0.0791 0.7773
vn 0.5968 0.0603 0.8001
vn 0.5768 0.0613 0.8146
vn 0.6321 0.0487 0.7733
vn 0.6941 -0.0082 0.7199
vn 0.6251 0.0192 0.7803
vn 0.7152 -0.0461 0.6974
vn 0.6464 0.0030 0.7630
vn 0.7558 -0.0636 0.6517
vn 0.7693 -0.0839 0.6333
vn 0.7940 -0.1051 0.5988
vn 0.8214 -0.1212 0.5573
vn 0.8132 -0.1919 0.5495
vn 0.8421 -0.1807 0.5081
vn 0.8661 -0.1771 0.4675
vn 0.8279 -0.3076 0.4690
vn 0.8596 -0.2725 0.4322
vn 0.8380 -0.4046 0.3662
vn 0.7901 -0.4672 0.3967
vn 0.0352 -0.9994 0.0076
vn 0.0355 -0.9992 0.0183
vn 0.0319 -0.9992 0.0238
vn 0.8418 -0.1232 0.5255
vn 0.7894 -0.0718 0.6097
vn 0.7507 -0.0489 0.6589
vn 0.7005 -0.0185 0.7135
vn 0.6543 0.0116 0.7562
vn 0.5871 0.0404 0.8085
vn 0.7220 0.0263 0.6913
vn 0.6225 0.1054 0.7755
vn 0.5786 0.2640 0.7717
vn 0.0166 0.1963 0.9804
vn 0.0097 -0.9997 -0.0220
vn 0.0139 -0.9995 -0.0276
vn 0.0168 -0.9998 -0.0116
vn 0.0104 -0.9997 -0.0199
vn 0.0061 -0.9997 -0.0233
vn 0.0072 -0.9996 -0.0273
vn 0.0133 -0.9999 -0.0039
vn 0.0075 -0.9998 -0.0162
vn 0.0037 -0.9997 -0.0228
vn 0.0006 -0.9997 -0.0244
vn -0.0009 -0.9996 -0.0275
vn 0.0045 -1.0000 -0.0077
vn 0.0005 -0.9998 -0.0189
vn -0.0023 -0.9997 -0.0249
vn -0.0059 -0.9996 -0.0260
vn -0.0092 -0.9995 -0.0292
vn -0.0008 -0.9997 -0.0245
vn 0.0017 -0.9996 -0.0291
vn -0.0008 -0.9995 -0.0308
vn -0.0093 -0.9993 -0.0374
vn -0.0044 -0.9994 -0.0358
vn -0.0016 -0.9994 -0.0332
vn 0.0027 -0.9994 -0.0341
vn -0.0082 -0.9991 -0.0421
vn 0.7318 -0.6241 0.2736
vn 0.6676 -0.6787 0.3061
vn 0.6267 -0.7030 0.3362
vn 0.4470 -0.8520 0.2727
vn 0.4250 -0.8586 0.2866
vn 0.2701 -0.9290 0.2530
vn 0.2340 -0.9305 0.2817
vn -0.6093 0.0205 0.7927
vn -0.7488 -0.0531 0.6606
vn -0.6871 0.0121 0.7264
vn -0.6229 0.1606 0.7656
vn 0.0228 -0.9992 -0.0339
vn 0.0122 -0.9994 -0.0339
vn 0.0201 -0.9990 -0.0410
vn 0.0279 -0.9982 -0.0538
vn 0.0330 -0.9976 -0.0602
vn -0.0038 -0.9991 -0.0423
vn -0.0009 -0.9980 -0.0630
vn 0.0024 -0.9980 -0.0630
vn 0.0059 -0.9982 -0.0589
vn -0.0056 -0.9984 -0.0569
vn 0.0072 -0.9670 -0.2547
vn 0.0632 -0.6910 -0.7201
vn -0.0140 -0.9985 -0.0522
vn -0.0163 -0.9980 -0.0611
vn -0.0158 -0.9982 -0.0571
vn -0.0168 -0.9981 -0.0593
vn -0.0126 -0.9996 -0.0266
vn 0.0050 -0.9781 -0.2083
vn 0.0161 -0.6994 -0.7145
vn -0.0121 -0.9986 -0.0523
vn -0.0200 -0.9978 -0.0632
vn -0.0244 -0.9976 -0.0644
vn -0.0271 -0.9977 -0.0621
vn -0.0288 -0.9982 -0.0527
vn -0.0221 -0.9984 -0.0520
vn -0.0337 -0.9975 -0.0615
vn -0.0503 -0.9983 -0.0309
vn -0.0465 -0.9984 -0.0325
vn -0.0531 -0.9980 -0.0336
vn -0.0449 -0.9986 -0.0278
vn -0.0490 -0.9983 -0.0331
vn -0.0440 -0.9986 -0.0276
vn -0.0518 -0.9980 -0.0368
vn -0.0604 -0.9973 -0.0426
vn -0.0411 -0.9989 -0.0213
vn -0.0700 -0.9969 -0.0361
vn -0.0426 -0.9987 -0.0273
vn -0.0490 -0.9980 -0.0390
vn -0.0688 -0.9962 -0.0525
vn -0.0387 -0.9991 -0.0197
vn -0.0752 -0.9957 -0.0533
vn -0.0771 -0.9962 -0.0407
vn -0.0630 -0.9963 -0.0579
vn -0.0749 -0.9959 -0.0504
vn -0.0558 -0.9968 -0.0579
vn -0.0828 -0.9953 -0.0510
vn -0.3129 -0.9456 -0.0887
vn -0.3396 -0.9332 -0.1175
vn -0.0386 -0.9986 -0.0366
vn -0.2835 -0.9575 -0.0524
vn -0.0373 -0.9990 -0.0249
vn -0.3690 -0.9168 -0.1527
vn -0.3976 -0.8928 -0.2117
vn -0.0266 -0.9995 -0.0168
vn -0.8178 -0.5384 -0.2033
vn -0.8065 -0.5179 -0.2850
vn -0.7894 -0.4606 -0.4059
vn 0.1253 -0.9572 0.2609
vn 0.1162 -0.9487 0.2939
vn 0.0466 -0.9581 0.2825
vn 0.1788 -0.9747 -0.1341
vn 0.5806 -0.7145 -0.3903
vn 0.8391 -0.0639 -0.5403
vn 0.7710 0.4501 -0.4505
vn 0.5335 0.8060 -0.2563
vn 0.7549 -0.0001 -0.6559
vn 0.6881 0.4775 -0.5463
vn 0.4834 0.8121 -0.3269
vn 0.6038 0.4691 -0.6445
vn 0.4378 0.7996 -0.4110
vn 0.3808 0.7584 -0.5289
vn 0.6574 0.0808 0.7492
vn -0.0371 -0.9992 -0.0139
vn -0.0250 -0.9997 0.0003
vn -0.0289 -0.9996 -0.0050
vn -0.0336 -0.9994 -0.0117
vn -0.0301 -0.9995 -0.0096
vn -0.0355 -0.9992 -0.0177
vn -0.0309 -0.9994 -0.0141
s 1
f 1//1 2//2 3307//3
f 3307//3 2//2 1938//4
f 1//1 3823//5 2//2
f 2//2 3823//5 1919//6
f 3818//7 3319//8 1//1
f 1//1 3319//8 3823//5
f 3307//3 3302//9 1//1
f 1//1 3302//9 3818//7
f 3206//10 1944//11 2//2
f 2//2 1944//11 1938//4
f 2//2 1919//6 3206//10
f 3206//10 1919//6 3687//12
f 2704//13 3781//14 3//15
f 3//15 3781//14 3027//16
f 3829//17 2709//18 3//15
f 3//15 2709//18 2704//13
f 3//15 4//19 3829//17
f 3829//17 4//19 3797//20
f 3//15 3027//16 4//19
f 4//19 3027//16 3252//21
f 4//19 3252//21 5//22
f 5//22 3252//21 3251//23
f 4//19 5//22 3797//20
f 3797//20 5//22 3798//24
f 3251//23 3250//25 5//22
f 5//22 3250//25 6//26
f 5//22 6//26 3798//24
f 3798//24 6//26 3799//27
f 3250//25 3249//28 6//26
f 6//26 3249//28 7//29
f 6//26 7//29 3799//27
f 3799//27 7//29 3800//30
f 7//29 3249//28 3260//31
f 3260//31 3249//28 3248//32
f 7//29 3260//31 3800//30
f 3800//30 3260//31 3801//33
f 9//34 296//35 8//36
f 8//36 296//35 283//37
f 8//36 26//38 9//34
f 9//34 26//38 27//39
f 270//40 25//41 8//36
f 8//36 25//41 26//38
f 8//36 283//37 270//40
f 270//40 283//37 271//42
f 10//43 308//44 9//34
f 9//34 308//44 296//35
f 9//34 27//39 10//43
f 10//43 27//39 28//45
f 10//43 28//45 11//46
f 11//46 28//45 29//47
f 11//46 319//48 10//43
f 10//43 319//48 308//44
f 11//46 29//47 12//49
f 12//49 29//47 1956//50
f 12//49 329//51 11//46
f 11//46 329//51 319//48
f 12//49 1956//50 13//52
f 13//52 1956//50 1957//53
f 13//52 337//54 12//49
f 12//49 337//54 329//51
f 13//52 1957//53 14//55
f 14//55 1957//53 1958//56
f 14//55 344//57 13//52
f 13//52 344//57 337//54
f 14//55 1958//56 1953//58
f 1953//58 1958//56 1959//59
f 1953//58 350//60 14//55
f 14//55 350//60 344//57
f 192//61 32//62 15//63
f 15//63 32//62 33//64
f 15//63 195//65 192//61
f 192//61 195//65 193//66
f 16//67 198//68 15//63
f 15//63 198//68 195//65
f 15//63 33//64 16//67
f 16//67 33//64 34//69
f 17//70 202//71 16//67
f 16//67 202//71 198//68
f 16//67 34//69 17//70
f 17//70 34//69 35//72
f 18//73 207//74 17//70
f 17//70 207//74 202//71
f 17//70 35//72 18//73
f 18//73 35//72 36//75
f 18//73 36//75 19//76
f 19//76 36//75 37//77
f 19//76 213//78 18//73
f 18//73 213//78 207//74
f 19//76 37//77 20//79
f 20//79 37//77 38//80
f 20//79 220//81 19//76
f 19//76 220//81 213//78
f 20//79 38//80 21//82
f 21//82 38//80 39//83
f 21//82 228//84 20//79
f 20//79 228//84 220//81
f 21//82 39//83 22//85
f 22//85 39//83 40//86
f 22//85 237//87 21//82
f 21//82 237//87 228//84
f 22//85 40//86 23//88
f 23//88 40//86 41//89
f 23//88 247//90 22//85
f 22//85 247//90 237//87
f 23//88 41//89 24//91
f 24//91 41//89 42//92
f 24//91 258//93 23//88
f 23//88 258//93 247//90
f 24//91 42//92 25//41
f 25//41 42//92 43//94
f 25//41 270//40 24//91
f 24//91 270//40 258//93
f 25//41 43//94 26//38
f 26//38 43//94 44//95
f 26//38 44//95 27//39
f 27//39 44//95 1961//96
f 27//39 1961//96 28//45
f 28//45 1961//96 1962//97
f 28//45 1962//97 29//47
f 29//47 1962//97 1963//98
f 29//47 1963//98 1956//50
f 1956//50 1963//98 1964//99
f 30//100 45//101 31//102
f 31//102 45//101 46//103
f 74//104 75//105 30//100
f 30//100 75//105 45//101
f 30//100 189//106 74//104
f 74//104 189//106 1918//107
f 31//102 190//108 30//100
f 30//100 190//108 189//106
f 31//102 46//103 32//62
f 32//62 46//103 47//109
f 32//62 192//61 31//102
f 31//102 192//61 190//108
f 32//62 47//109 33//64
f 33//64 47//109 48//110
f 33//64 48//110 34//69
f 34//69 48//110 49//111
f 34//69 49//111 35//72
f 35//72 49//111 50//112
f 35//72 50//112 36//75
f 36//75 50//112 51//113
f 36//75 51//113 37//77
f 37//77 51//113 52//114
f 37//77 52//114 38//80
f 38//80 52//114 53//115
f 38//80 53//115 39//83
f 39//83 53//115 54//116
f 39//83 54//116 40//86
f 40//86 54//116 55//117
f 40//86 55//117 41//89
f 41//89 55//117 56//118
f 41//89 56//118 42//92
f 42//92 56//118 1969//119
f 42//92 1969//119 43//94
f 43//94 1969//119 1970//120
f 43//94 1970//120 44//95
f 44//95 1970//120 1971//121
f 44//95 1971//121 1961//96
f 1961//96 1971//121 1972//122
f 45//101 57//123 46//103
f 46//103 57//123 58//124
f 75//105 76//125 45//101
f 45//101 76//125 57//123
f 46//103 58//124 47//109
f 47//109 58//124 59//126
f 47//109 59//126 48//110
f 48//110 59//126 60//127
f 48//110 60//127 49//111
f 49//111 60//127 61//128
f 49//111 61//128 50//112
f 50//112 61//128 62//129
f 50//112 62//129 51//113
f 51//113 62//129 63//130
f 51//113 63//130 52//114
f 52//114 63//130 64//131
f 52//114 64//131 53//115
f 53//115 64//131 65//132
f 53//115 65//132 54//116
f 54//116 65//132 1979//133
f 54//116 1979//133 55//117
f 55//117 1979//133 1980//134
f 55//117 1980//134 56//118
f 56//118 1980//134 1981//135
f 56//118 1981//135 1969//119
f 1969//119 1981//135 1982//136
f 57//123 66//137 58//124
f 58//124 66//137 67//138
f 76//125 77//139 57//123
f 57//123 77//139 66//137
f 58//124 67//138 59//126
f 59//126 67//138 68//140
f 59//126 68//140 60//127
f 60//127 68//140 69//141
f 60//127 69//141 61//128
f 61//128 69//141 70//142
f 61//128 70//142 62//129
f 62//129 70//142 71//143
f 62//129 71//143 63//130
f 63//130 71//143 1991//144
f 63//130 1991//144 64//131
f 64//131 1991//144 1992//145
f 64//131 1992//145 65//132
f 65//132 1992//145 1993//146
f 65//132 1993//146 1979//133
f 1979//133 1993//146 1994//147
f 66//137 72//148 67//138
f 67//138 72//148 73//149
f 77//139 78//150 66//137
f 66//137 78//150 72//148
f 67//138 73//149 68//140
f 68//140 73//149 2006//151
f 68//140 2006//151 69//141
f 69//141 2006//151 2007//152
f 69//141 2007//152 70//142
f 70//142 2007//152 2008//153
f 70//142 2008//153 71//143
f 71//143 2008//153 2009//154
f 71//143 2009//154 1991//144
f 1991//144 2009//154 2010//155
f 72//148 2024//156 73//149
f 73//149 2024//156 2025//157
f 78//150 2574//158 72//148
f 72//148 2574//158 2024//156
f 73//149 2025//157 2006//151
f 2006//151 2025//157 2026//159
f 161//160 165//161 74//104
f 74//104 165//161 75//105
f 74//104 1918//107 161//160
f 161//160 1918//107 3205//162
f 75//105 165//161 76//125
f 76//125 165//161 79//163
f 76//125 79//163 77//139
f 77//139 79//163 80//164
f 80//164 81//165 77//139
f 77//139 81//165 78//150
f 81//165 3600//166 78//150
f 78//150 3600//166 2574//158
f 79//163 170//167 80//164
f 80//164 170//167 178//168
f 165//161 164//169 79//163
f 79//163 164//169 170//167
f 80//164 178//168 81//165
f 81//165 178//168 3815//170
f 81//165 3815//170 3600//166
f 3600//166 3815//170 3601//171
f 83//172 1256//173 82//174
f 82//174 1256//173 1260//175
f 82//174 96//176 83//172
f 83//172 96//176 97//177
f 3747//178 95//179 82//174
f 82//174 95//179 96//176
f 82//174 1260//175 3747//178
f 3747//178 1260//175 1265//180
f 83//172 97//177 84//181
f 84//181 97//177 98//182
f 84//181 1253//183 83//172
f 83//172 1253//183 1256//173
f 84//181 98//182 85//184
f 85//184 98//182 99//185
f 85//184 1250//186 84//181
f 84//181 1250//186 1253//183
f 85//184 99//185 86//187
f 86//187 99//185 100//188
f 85//184 86//187 1250//186
f 1250//186 86//187 1248//189
f 86//187 100//188 87//190
f 87//190 100//188 101//191
f 87//190 1246//192 86//187
f 86//187 1246//192 1248//189
f 87//190 101//191 88//193
f 88//193 101//191 102//194
f 88//193 3839//195 87//190
f 87//190 3839//195 1246//192
f 88//193 102//194 1329//196
f 1329//196 102//194 103//197
f 1329//196 1327//198 88//193
f 88//193 1327//198 3839//195
f 90//199 1295//200 89//201
f 89//201 1295//200 1297//202
f 89//201 942//203 90//199
f 90//199 942//203 1363//204
f 3837//205 941//206 89//201
f 89//201 941//206 942//203
f 89//201 1297//202 3837//205
f 3837//205 1297//202 1350//207
f 90//199 1363//204 91//208
f 91//208 1363//204 1364//209
f 91//208 1291//210 90//199
f 90//199 1291//210 1295//200
f 91//208 1364//209 92//211
f 92//211 1364//209 1365//212
f 92//211 1285//213 91//208
f 91//208 1285//213 1291//210
f 92//211 1365//212 93//214
f 93//214 1365//212 104//215
f 93//214 1278//216 92//211
f 92//211 1278//216 1285//213
f 93//214 104//215 94//217
f 94//217 104//215 105//218
f 94//217 1271//219 93//214
f 93//214 1271//219 1278//216
f 94//217 105//218 95//179
f 95//179 105//218 106//220
f 95//179 3747//178 94//217
f 94//217 3747//178 1271//219
f 95//179 106//220 96//176
f 96//176 106//220 107//221
f 96//176 107//221 97//177
f 97//177 107//221 108//222
f 97//177 108//222 98//182
f 98//182 108//222 109//223
f 98//182 109//223 99//185
f 99//185 109//223 110//224
f 99//185 110//224 100//188
f 100//188 110//224 111//225
f 100//188 111//225 101//191
f 101//191 111//225 112//226
f 101//191 112//226 102//194
f 102//194 112//226 113//227
f 102//194 113//227 103//197
f 103//197 113//227 114//228
f 103//197 114//228 1331//229
f 1331//229 114//228 3789//230
f 1331//229 1330//231 103//197
f 103//197 1330//231 1329//196
f 104//215 1368//232 105//218
f 105//218 1368//232 1369//233
f 1365//212 1367//234 104//215
f 104//215 1367//234 1368//232
f 105//218 1369//233 106//220
f 106//220 1369//233 1370//235
f 106//220 1370//235 107//221
f 107//221 1370//235 1371//236
f 107//221 1371//236 108//222
f 108//222 1371//236 3746//237
f 108//222 3746//237 109//223
f 109//223 3746//237 115//238
f 109//223 115//238 110//224
f 110//224 115//238 116//239
f 110//224 116//239 111//225
f 111//225 116//239 117//240
f 111//225 117//240 112//226
f 112//226 117//240 118//241
f 112//226 118//241 113//227
f 113//227 118//241 119//242
f 113//227 119//242 114//228
f 114//228 119//242 120//243
f 114//228 120//243 3789//230
f 3789//230 120//243 121//244
f 115//238 1378//245 116//239
f 116//239 1378//245 1379//246
f 3746//237 1377//247 115//238
f 115//238 1377//247 1378//245
f 1379//246 1380//248 116//239
f 116//239 1380//248 117//240
f 1380//248 1381//249 117//240
f 117//240 1381//249 118//241
f 1381//249 122//250 118//241
f 118//241 122//250 119//242
f 122//250 123//251 119//242
f 119//242 123//251 120//243
f 123//251 124//252 120//243
f 120//243 124//252 121//244
f 124//252 125//253 121//244
f 121//244 125//253 1333//254
f 1333//254 1332//255 121//244
f 121//244 1332//255 3789//230
f 1391//256 1392//257 122//250
f 122//250 1392//257 123//251
f 122//250 1381//249 1391//256
f 1391//256 1381//249 1390//258
f 1392//257 1393//259 123//251
f 123//251 1393//259 124//252
f 124//252 1393//259 125//253
f 125//253 1393//259 1394//260
f 125//253 1394//260 2554//261
f 2554//261 1394//260 3836//262
f 2554//261 2540//263 125//253
f 125//253 2540//263 1333//254
f 126//264 3165//265 3838//266
f 3838//266 3165//265 3386//267
f 1949//268 3164//269 126//264
f 126//264 3164//269 3165//265
f 1952//270 1950//271 126//264
f 126//264 1950//271 1949//268
f 126//264 3838//266 1952//270
f 1952//270 3838//266 3831//272
f 127//273 131//274 128//275
f 128//275 131//274 132//276
f 3681//277 130//278 127//273
f 127//273 130//278 131//274
f 127//273 1854//279 3681//277
f 3681//277 1854//279 1853//280
f 128//275 923//281 127//273
f 127//273 923//281 1854//279
f 3162//282 902//283 128//275
f 128//275 902//283 923//281
f 128//275 132//276 3162//282
f 3162//282 132//276 3738//284
f 129//285 136//286 130//278
f 130//278 136//286 137//287
f 3684//288 135//289 129//285
f 129//285 135//289 136//286
f 129//285 3680//290 3684//288
f 3684//288 3680//290 3679//291
f 130//278 3681//277 129//285
f 129//285 3681//277 3680//290
f 130//278 137//287 131//274
f 131//274 137//287 138//292
f 138//292 139//293 131//274
f 131//274 139//293 132//276
f 132//276 139//293 3738//284
f 3738//284 139//293 140//294
f 3685//295 2944//296 133//297
f 133//297 2944//296 2935//298
f 133//297 3682//299 3685//295
f 3685//295 3682//299 3344//300
f 134//301 3683//302 133//297
f 133//297 3683//302 3682//299
f 133//297 2935//298 134//301
f 134//301 2935//298 2927//303
f 134//301 2927//303 135//289
f 135//289 2927//303 2920//304
f 135//289 3684//288 134//301
f 134//301 3684//288 3683//302
f 135//289 2920//304 136//286
f 136//286 2920//304 2914//305
f 136//286 2914//305 137//287
f 137//287 2914//305 2909//306
f 137//287 2909//306 138//292
f 138//292 2909//306 2905//307
f 2905//307 2902//308 138//292
f 138//292 2902//308 139//293
f 2902//308 2900//309 139//293
f 139//293 2900//309 140//294
f 140//294 2900//309 3810//310
f 3810//310 2900//309 3835//311
f 3810//310 3163//312 140//294
f 140//294 3163//312 3738//284
f 2756//313 3795//314 141//315
f 141//315 3795//314 142//316
f 141//315 3794//317 2756//313
f 2756//313 3794//317 2755//318
f 3779//319 3778//320 141//315
f 141//315 3778//320 3794//317
f 141//315 142//316 3779//319
f 3779//319 142//316 3849//321
f 3795//314 143//322 142//316
f 142//316 143//322 3741//323
f 142//316 3741//323 3849//321
f 3849//321 3741//323 3276//324
f 2763//325 3796//326 143//322
f 143//322 3796//326 3742//327
f 143//322 3795//314 2763//325
f 2763//325 3795//314 2762//328
f 143//322 3742//327 3741//323
f 3741//323 3742//327 3280//329
f 3074//330 1609//331 144//332
f 144//332 1609//331 145//333
f 144//332 3822//334 3074//330
f 3074//330 3822//334 3768//335
f 144//332 3662//336 3822//334
f 3822//334 3662//336 3657//337
f 144//332 145//333 3662//336
f 3662//336 145//333 146//338
f 145//333 1609//331 147//339
f 147//339 1609//331 1608//340
f 147//339 148//341 145//333
f 145//333 148//341 146//338
f 148//341 149//342 146//338
f 146//338 149//342 3666//343
f 3666//343 3663//344 146//338
f 146//338 3663//344 3662//336
f 150//345 151//346 147//339
f 147//339 151//346 148//341
f 147//339 1608//340 150//345
f 150//345 1608//340 1607//347
f 151//346 152//348 148//341
f 148//341 152//348 149//342
f 152//348 3452//349 149//342
f 149//342 3452//349 3669//350
f 3669//350 3667//351 149//342
f 149//342 3667//351 3666//343
f 153//352 154//353 150//345
f 150//345 154//353 151//346
f 150//345 1607//347 153//352
f 153//352 1607//347 1606//354
f 154//353 155//355 151//346
f 151//346 155//355 152//348
f 155//355 3453//356 152//348
f 152//348 3453//356 3452//349
f 156//357 157//358 153//352
f 153//352 157//358 154//353
f 153//352 1606//354 156//357
f 156//357 1606//354 1605//359
f 157//358 3456//360 154//353
f 154//353 3456//360 155//355
f 3456//360 3454//361 155//355
f 155//355 3454//361 3453//356
f 158//362 3459//363 156//357
f 156//357 3459//363 157//358
f 156//357 1605//359 158//362
f 158//362 1605//359 1604//364
f 3459//363 3457//365 157//358
f 157//358 3457//365 3456//360
f 3461//366 3460//367 158//362
f 158//362 3460//367 3459//363
f 158//362 1604//364 3461//366
f 3461//366 1604//364 1603//368
f 2485//369 3848//370 159//371
f 159//371 3848//370 160//372
f 159//371 2484//373 2485//369
f 2485//369 2484//373 2483//374
f 549//375 550//376 159//371
f 159//371 550//376 2484//373
f 159//371 160//372 549//375
f 549//375 160//372 548//377
f 160//372 543//378 548//377
f 548//377 543//378 547//379
f 3848//370 940//380 160//372
f 160//372 940//380 543//378
f 3542//381 164//169 161//160
f 161//160 164//169 165//161
f 161//160 3205//162 3542//381
f 3542//381 3205//162 3530//382
f 162//383 163//384 3540//385
f 3540//385 163//384 3541//386
f 168//387 169//388 162//383
f 162//383 169//388 163//384
f 162//383 3551//389 168//387
f 168//387 3551//389 167//390
f 3540//385 3539//391 162//383
f 162//383 3539//391 3551//389
f 169//388 170//167 163//384
f 163//384 170//167 164//169
f 163//384 164//169 3541//386
f 3541//386 164//169 3542//381
f 174//392 175//393 166//394
f 166//394 175//393 167//390
f 166//394 3558//395 174//392
f 174//392 3558//395 173//396
f 3550//397 3549//398 166//394
f 166//394 3549//398 3558//395
f 166//394 167//390 3550//397
f 3550//397 167//390 3551//389
f 175//393 176//399 167//390
f 167//390 176//399 168//387
f 176//399 177//400 168//387
f 168//387 177//400 169//388
f 177//400 178//168 169//388
f 169//388 178//168 170//167
f 182//401 183//402 171//403
f 171//403 183//402 172//404
f 171//403 3562//405 182//401
f 182//401 3562//405 181//406
f 3556//407 3555//408 171//403
f 171//403 3555//408 3562//405
f 171//403 172//404 3556//407
f 3556//407 172//404 3557//409
f 183//402 184//410 172//404
f 172//404 184//410 173//396
f 172//404 173//396 3557//409
f 3557//409 173//396 3558//395
f 184//410 185//411 173//396
f 173//396 185//411 174//392
f 185//411 186//412 174//392
f 174//392 186//412 175//393
f 186//412 187//413 175//393
f 175//393 187//413 176//399
f 187//413 188//414 176//399
f 176//399 188//414 177//400
f 188//414 3815//170 177//400
f 177//400 3815//170 178//168
f 3446//415 550//376 179//416
f 179//416 550//376 3705//417
f 179//416 3560//418 3446//415
f 3446//415 3560//418 3559//419
f 180//420 3561//421 179//416
f 179//416 3561//421 3560//418
f 179//416 3705//417 180//420
f 180//420 3705//417 3563//422
f 180//420 3563//422 181//406
f 181//406 3563//422 3565//423
f 181//406 3562//405 180//420
f 180//420 3562//405 3561//421
f 3565//423 3568//424 181//406
f 181//406 3568//424 182//401
f 3568//424 3572//425 182//401
f 182//401 3572//425 183//402
f 3572//425 3576//426 183//402
f 183//402 3576//426 184//410
f 3576//426 3581//427 184//410
f 184//410 3581//427 185//411
f 3581//427 3587//428 185//411
f 185//411 3587//428 186//412
f 3587//428 3594//429 186//412
f 186//412 3594//429 187//413
f 3594//429 3599//430 187//413
f 187//413 3599//430 188//414
f 3599//430 2299//431 188//414
f 188//414 2299//431 3815//170
f 190//108 191//432 189//106
f 189//106 191//432 1917//433
f 189//106 1917//433 1918//107
f 1918//107 1917//433 1916//434
f 192//61 193//66 190//108
f 190//108 193//66 191//432
f 193//66 194//435 191//432
f 191//432 194//435 1915//436
f 191//432 1915//436 1917//433
f 1917//433 1915//436 1914//437
f 195//65 196//438 193//66
f 193//66 196//438 194//435
f 196//438 197//439 194//435
f 194//435 197//439 1912//440
f 194//435 1912//440 1915//436
f 1915//436 1912//440 1911//441
f 198//68 199//442 195//65
f 195//65 199//442 196//438
f 199//442 200//443 196//438
f 196//438 200//443 197//439
f 200//443 201//444 197//439
f 197//439 201//444 1908//445
f 197//439 1908//445 1912//440
f 1912//440 1908//445 1907//446
f 202//71 203//447 198//68
f 198//68 203//447 199//442
f 203//447 204//448 199//442
f 199//442 204//448 200//443
f 204//448 205//449 200//443
f 200//443 205//449 201//444
f 205//449 206//450 201//444
f 201//444 206//450 1903//451
f 201//444 1903//451 1908//445
f 1908//445 1903//451 1902//452
f 207//74 208//453 202//71
f 202//71 208//453 203//447
f 208//453 209//454 203//447
f 203//447 209//454 204//448
f 209//454 210//455 204//448
f 204//448 210//455 205//449
f 210//455 211//456 205//449
f 205//449 211//456 206//450
f 211//456 212//457 206//450
f 206//450 212//457 1897//458
f 206//450 1897//458 1903//451
f 1903//451 1897//458 1896//459
f 213//78 214//460 207//74
f 207//74 214//460 208//453
f 214//460 215//461 208//453
f 208//453 215//461 209//454
f 215//461 216//462 209//454
f 209//454 216//462 210//455
f 216//462 217//463 210//455
f 210//455 217//463 211//456
f 217//463 218//464 211//456
f 211//456 218//464 212//457
f 218//464 219//465 212//457
f 212//457 219//465 1890//466
f 212//457 1890//466 1897//458
f 1897//458 1890//466 1889//467
f 220//81 221//468 213//78
f 213//78 221//468 214//460
f 221//468 222//469 214//460
f 214//460 222//469 215//461
f 222//469 223//470 215//461
f 215//461 223//470 216//462
f 223//470 224//471 216//462
f 216//462 224//471 217//463
f 224//471 225//472 217//463
f 217//463 225//472 218//464
f 225//472 226//473 218//464
f 218//464 226//473 219//465
f 226//473 227//474 219//465
f 219//465 227//474 1882//475
f 219//465 1882//475 1890//466
f 1890//466 1882//475 1881//476
f 228//84 229//477 220//81
f 220//81 229//477 221//468
f 229//477 230//478 221//468
f 221//468 230//478 222//469
f 230//478 231//479 222//469
f 222//469 231//479 223//470
f 231//479 232//480 223//470
f 223//470 232//480 224//471
f 232//480 233//481 224//471
f 224//471 233//481 225//472
f 233//481 234//482 225//472
f 225//472 234//482 226//473
f 234//482 235//483 226//473
f 226//473 235//483 227//474
f 235//483 236//484 227//474
f 227//474 236//484 1875//485
f 227//474 1875//485 1882//475
f 1882//475 1875//485 1874//486
f 237//87 238//487 228//84
f 228//84 238//487 229//477
f 238//487 239//488 229//477
f 229//477 239//488 230//478
f 239//488 240//489 230//478
f 230//478 240//489 231//479
f 240//489 241//490 231//479
f 231//479 241//490 232//480
f 241//490 242//491 232//480
f 232//480 242//491 233//481
f 242//491 243//492 233//481
f 233//481 243//492 234//482
f 243//492 244//493 234//482
f 234//482 244//493 235//483
f 244//493 245//494 235//483
f 235//483 245//494 236//484
f 245//494 246//495 236//484
f 236//484 246//495 1869//496
f 236//484 1869//496 1875//485
f 1875//485 1869//496 1868//497
f 247//90 248//498 237//87
f 237//87 248//498 238//487
f 248//498 249//499 238//487
f 238//487 249//499 239//488
f 249//499 250//500 239//488
f 239//488 250//500 240//489
f 250//500 251//501 240//489
f 240//489 251//501 241//490
f 251//501 252//502 241//490
f 241//490 252//502 242//491
f 252//502 253//503 242//491
f 242//491 253//503 243//492
f 253//503 254//504 243//492
f 243//492 254//504 244//493
f 254//504 255//505 244//493
f 244//493 255//505 245//494
f 255//505 256//506 245//494
f 245//494 256//506 246//495
f 256//506 257//507 246//495
f 246//495 257//507 1864//508
f 246//495 1864//508 1869//496
f 1869//496 1864//508 1863//509
f 258//93 259//510 247//90
f 247//90 259//510 248//498
f 259//510 260//511 248//498
f 248//498 260//511 249//499
f 260//511 261//512 249//499
f 249//499 261//512 250//500
f 261//512 262//513 250//500
f 250//500 262//513 251//501
f 262//513 263//514 251//501
f 251//501 263//514 252//502
f 263//514 264//515 252//502
f 252//502 264//515 253//503
f 264//515 265//516 253//503
f 253//503 265//516 254//504
f 265//516 266//517 254//504
f 254//504 266//517 255//505
f 266//517 267//518 255//505
f 255//505 267//518 256//506
f 267//518 268//519 256//506
f 256//506 268//519 257//507
f 268//519 269//520 257//507
f 257//507 269//520 1860//521
f 257//507 1860//521 1864//508
f 1864//508 1860//521 1859//522
f 270//40 271//42 258//93
f 258//93 271//42 259//510
f 271//42 272//523 259//510
f 259//510 272//523 260//511
f 272//523 273//524 260//511
f 260//511 273//524 261//512
f 273//524 274//525 261//512
f 261//512 274//525 262//513
f 274//525 275//526 262//513
f 262//513 275//526 263//514
f 275//526 276//527 263//514
f 263//514 276//527 264//515
f 276//527 277//528 264//515
f 264//515 277//528 265//516
f 277//528 278//529 265//516
f 265//516 278//529 266//517
f 278//529 279//530 266//517
f 266//517 279//530 267//518
f 279//530 280//531 267//518
f 267//518 280//531 268//519
f 280//531 281//532 268//519
f 268//519 281//532 269//520
f 281//532 282//533 269//520
f 269//520 282//533 1857//534
f 269//520 1857//534 1860//521
f 1860//521 1857//534 1856//535
f 283//37 284//536 271//42
f 271//42 284//536 272//523
f 284//536 285//537 272//523
f 272//523 285//537 273//524
f 285//537 286//538 273//524
f 273//524 286//538 274//525
f 286//538 287//539 274//525
f 274//525 287//539 275//526
f 287//539 288//540 275//526
f 275//526 288//540 276//527
f 288//540 289//541 276//527
f 276//527 289//541 277//528
f 289//541 290//542 277//528
f 277//528 290//542 278//529
f 290//542 291//543 278//529
f 278//529 291//543 279//530
f 291//543 292//544 279//530
f 279//530 292//544 280//531
f 292//544 293//545 280//531
f 280//531 293//545 281//532
f 293//545 294//546 281//532
f 281//532 294//546 282//533
f 282//533 294//546 1855//547
f 1855//547 294//546 295//548
f 282//533 1855//547 1857//534
f 1857//534 1855//547 3788//549
f 296//35 297//550 283//37
f 283//37 297//550 284//536
f 297//550 298//551 284//536
f 284//536 298//551 285//537
f 298//551 299//552 285//537
f 285//537 299//552 286//538
f 299//552 300//553 286//538
f 286//538 300//553 287//539
f 300//553 301//554 287//539
f 287//539 301//554 288//540
f 301//554 302//555 288//540
f 288//540 302//555 289//541
f 302//555 303//556 289//541
f 289//541 303//556 290//542
f 303//556 304//557 290//542
f 290//542 304//557 291//543
f 304//557 305//558 291//543
f 291//543 305//558 292//544
f 305//558 306//559 292//544
f 292//544 306//559 293//545
f 306//559 307//560 293//545
f 293//545 307//560 294//546
f 307//560 2842//561 294//546
f 294//546 2842//561 295//548
f 2842//561 2352//562 295//548
f 295//548 2352//562 3845//563
f 3845//563 901//564 295//548
f 295//548 901//564 1855//547
f 308//44 309//565 296//35
f 296//35 309//565 297//550
f 309//565 310//566 297//550
f 297//550 310//566 298//551
f 310//566 311//567 298//551
f 298//551 311//567 299//552
f 311//567 312//568 299//552
f 299//552 312//568 300//553
f 312//568 313//569 300//553
f 300//553 313//569 301//554
f 313//569 314//570 301//554
f 301//554 314//570 302//555
f 314//570 315//571 302//555
f 302//555 315//571 303//556
f 315//571 316//572 303//556
f 303//556 316//572 304//557
f 316//572 317//573 304//557
f 304//557 317//573 305//558
f 317//573 318//574 305//558
f 305//558 318//574 306//559
f 318//574 2843//575 306//559
f 306//559 2843//575 307//560
f 2843//575 2376//576 307//560
f 307//560 2376//576 2842//561
f 319//48 320//577 308//44
f 308//44 320//577 309//565
f 320//577 321//578 309//565
f 309//565 321//578 310//566
f 321//578 322//579 310//566
f 310//566 322//579 311//567
f 322//579 323//580 311//567
f 311//567 323//580 312//568
f 323//580 324//581 312//568
f 312//568 324//581 313//569
f 324//581 325//582 313//569
f 313//569 325//582 314//570
f 325//582 326//583 314//570
f 314//570 326//583 315//571
f 326//583 327//584 315//571
f 315//571 327//584 316//572
f 327//584 328//585 316//572
f 316//572 328//585 317//573
f 328//585 2845//586 317//573
f 317//573 2845//586 318//574
f 2845//586 2844//587 318//574
f 318//574 2844//587 2843//575
f 329//51 330//588 319//48
f 319//48 330//588 320//577
f 330//588 331//589 320//577
f 320//577 331//589 321//578
f 331//589 332//590 321//578
f 321//578 332//590 322//579
f 332//590 333//591 322//579
f 322//579 333//591 323//580
f 333//591 334//592 323//580
f 323//580 334//592 324//581
f 334//592 335//593 324//581
f 324//581 335//593 325//582
f 335//593 336//594 325//582
f 325//582 336//594 326//583
f 336//594 2852//595 326//583
f 326//583 2852//595 327//584
f 2852//595 2848//596 327//584
f 327//584 2848//596 328//585
f 2848//596 2846//597 328//585
f 328//585 2846//597 2845//586
f 337//54 338//598 329//51
f 329//51 338//598 330//588
f 338//598 339//599 330//588
f 330//588 339//599 331//589
f 339//599 340//600 331//589
f 331//589 340//600 332//590
f 340//600 341//601 332//590
f 332//590 341//601 333//591
f 341//601 342//602 333//591
f 333//591 342//602 334//592
f 342//602 343//603 334//592
f 334//592 343//603 335//593
f 343//603 2857//604 335//593
f 335//593 2857//604 336//594
f 2857//604 2853//605 336//594
f 336//594 2853//605 2852//595
f 344//57 345//606 337//54
f 337//54 345//606 338//598
f 345//606 346//607 338//598
f 338//598 346//607 339//599
f 346//607 347//608 339//599
f 339//599 347//608 340//600
f 347//608 348//609 340//600
f 340//600 348//609 341//601
f 348//609 349//610 341//601
f 341//601 349//610 342//602
f 349//610 2863//611 342//602
f 342//602 2863//611 343//603
f 2863//611 2858//612 343//603
f 343//603 2858//612 2857//604
f 350//60 351//613 344//57
f 344//57 351//613 345//606
f 351//613 352//614 345//606
f 345//606 352//614 346//607
f 352//614 353//615 346//607
f 346//607 353//615 347//608
f 353//615 2878//616 347//608
f 347//608 2878//616 348//609
f 2878//616 2870//617 348//609
f 348//609 2870//617 349//610
f 2870//617 2864//618 349//610
f 349//610 2864//618 2863//611
f 354//619 355//620 350//60
f 350//60 355//620 351//613
f 350//60 1953//58 354//619
f 354//619 1953//58 1954//621
f 355//620 356//622 351//613
f 351//613 356//622 352//614
f 356//622 2887//623 352//614
f 352//614 2887//623 353//615
f 2887//623 2879//624 353//615
f 353//615 2879//624 2878//616
f 357//625 358//626 354//619
f 354//619 358//626 355//620
f 354//619 1954//621 357//625
f 357//625 1954//621 1955//627
f 358//626 2894//628 355//620
f 355//620 2894//628 356//622
f 2894//628 2888//629 356//622
f 356//622 2888//629 2887//623
f 3828//630 2898//631 357//625
f 357//625 2898//631 358//626
f 1955//627 2750//632 357//625
f 357//625 2750//632 3828//630
f 2898//631 2895//633 358//626
f 358//626 2895//633 2894//628
f 359//634 2148//635 360//636
f 360//636 2148//635 2162//637
f 1191//638 1585//639 359//634
f 359//634 1585//639 2148//635
f 2553//640 1485//641 359//634
f 359//634 1485//641 1191//638
f 360//636 361//642 359//634
f 359//634 361//642 2553//640
f 363//643 364//644 360//636
f 360//636 364//644 361//642
f 360//636 2162//637 363//643
f 363//643 2162//637 2175//645
f 364//644 365//646 361//642
f 361//642 365//646 362//647
f 362//647 2552//648 361//642
f 361//642 2552//648 2553//640
f 365//646 366//649 362//647
f 362//647 366//649 2539//650
f 2539//650 2551//651 362//647
f 362//647 2551//651 2552//648
f 368//652 369//653 363//643
f 363//643 369//653 364//644
f 363//643 2175//645 368//652
f 368//652 2175//645 2188//654
f 369//653 370//655 364//644
f 364//644 370//655 365//646
f 370//655 371//656 365//646
f 365//646 371//656 366//649
f 371//656 372//657 366//649
f 366//649 372//657 367//658
f 367//658 2538//659 366//649
f 366//649 2538//659 2539//650
f 372//657 373//660 367//658
f 367//658 373//660 2527//661
f 2527//661 2537//662 367//658
f 367//658 2537//662 2538//659
f 375//663 376//664 368//652
f 368//652 376//664 369//653
f 368//652 2188//654 375//663
f 375//663 2188//654 2200//665
f 376//664 377//666 369//653
f 369//653 377//666 370//655
f 377//666 378//667 370//655
f 370//655 378//667 371//656
f 378//667 379//668 371//656
f 371//656 379//668 372//657
f 379//668 380//669 372//657
f 372//657 380//669 373//660
f 380//669 381//670 373//660
f 373//660 381//670 374//671
f 374//671 2526//672 373//660
f 373//660 2526//672 2527//661
f 2516//673 2525//674 374//671
f 374//671 2525//674 2526//672
f 381//670 382//675 374//671
f 374//671 382//675 2516//673
f 384//676 385//677 375//663
f 375//663 385//677 376//664
f 375//663 2200//665 384//676
f 384//676 2200//665 2211//678
f 385//677 386//679 376//664
f 376//664 386//679 377//666
f 386//679 387//680 377//666
f 377//666 387//680 378//667
f 387//680 388//681 378//667
f 378//667 388//681 379//668
f 388//681 389//682 379//668
f 379//668 389//682 380//669
f 389//682 390//683 380//669
f 380//669 390//683 381//670
f 390//683 391//684 381//670
f 381//670 391//684 382//675
f 391//684 392//685 382//675
f 382//675 392//685 383//686
f 383//686 2515//687 382//675
f 382//675 2515//687 2516//673
f 2507//688 2514//689 383//686
f 383//686 2514//689 2515//687
f 383//686 392//685 2507//688
f 2507//688 392//685 393//690
f 394//691 395//692 384//676
f 384//676 395//692 385//677
f 384//676 2211//678 394//691
f 394//691 2211//678 2221//693
f 395//692 396//694 385//677
f 385//677 396//694 386//679
f 396//694 397//695 386//679
f 386//679 397//695 387//680
f 397//695 398//696 387//680
f 387//680 398//696 388//681
f 398//696 399//697 388//681
f 388//681 399//697 389//682
f 399//697 400//698 389//682
f 389//682 400//698 390//683
f 400//698 401//699 390//683
f 390//683 401//699 391//684
f 401//699 402//700 391//684
f 391//684 402//700 392//685
f 392//685 402//700 393//690
f 393//690 402//700 403//701
f 393//690 403//701 2500//702
f 2500//702 403//701 404//703
f 2500//702 2506//704 393//690
f 393//690 2506//704 2507//688
f 406//705 407//706 394//691
f 394//691 407//706 395//692
f 394//691 2221//693 406//705
f 406//705 2221//693 2231//707
f 407//706 408//708 395//692
f 395//692 408//708 396//694
f 408//708 409//709 396//694
f 396//694 409//709 397//695
f 409//709 410//710 397//695
f 397//695 410//710 398//696
f 410//710 411//711 398//696
f 398//696 411//711 399//697
f 411//711 412//712 399//697
f 399//697 412//712 400//698
f 412//712 413//713 400//698
f 400//698 413//713 401//699
f 413//713 414//714 401//699
f 401//699 414//714 402//700
f 402//700 414//714 403//701
f 403//701 414//714 415//715
f 403//701 415//715 404//703
f 404//703 415//715 416//716
f 416//716 417//717 404//703
f 404//703 417//717 405//718
f 404//703 405//718 2500//702
f 2500//702 405//718 2499//719
f 417//717 418//720 405//718
f 405//718 418//720 2494//721
f 405//718 2494//721 2499//719
f 2499//719 2494//721 2498//722
f 421//723 422//724 406//705
f 406//705 422//724 407//706
f 406//705 2231//707 421//723
f 421//723 2231//707 420//725
f 422//724 423//726 407//706
f 407//706 423//726 408//708
f 423//726 424//727 408//708
f 408//708 424//727 409//709
f 424//727 425//728 409//709
f 409//709 425//728 410//710
f 425//728 426//729 410//710
f 410//710 426//729 411//711
f 426//729 427//730 411//711
f 411//711 427//730 412//712
f 427//730 428//731 412//712
f 412//712 428//731 413//713
f 413//713 428//731 414//714
f 414//714 428//731 429//732
f 414//714 429//732 415//715
f 415//715 429//732 430//733
f 415//715 430//733 416//716
f 416//716 430//733 431//734
f 416//716 431//734 417//717
f 417//717 431//734 432//735
f 432//735 433//736 417//717
f 417//717 433//736 418//720
f 418//720 433//736 419//737
f 419//737 433//736 434//738
f 418//720 419//737 2494//721
f 2494//721 419//737 2493//739
f 2489//740 2492//741 419//737
f 419//737 2492//741 2493//739
f 419//737 434//738 2489//740
f 2489//740 434//738 435//742
f 420//725 2239//743 437//744
f 437//744 2239//743 2246//745
f 2231//707 2230//746 420//725
f 420//725 2230//746 2239//743
f 437//744 438//747 420//725
f 420//725 438//747 421//723
f 438//747 439//748 421//723
f 421//723 439//748 422//724
f 439//748 440//749 422//724
f 422//724 440//749 423//726
f 440//749 441//750 423//726
f 423//726 441//750 424//727
f 441//750 442//751 424//727
f 424//727 442//751 425//728
f 442//751 443//752 425//728
f 425//728 443//752 426//729
f 443//752 444//753 426//729
f 426//729 444//753 427//730
f 427//730 444//753 428//731
f 428//731 444//753 445//754
f 428//731 445//754 429//732
f 429//732 445//754 446//755
f 429//732 446//755 430//733
f 430//733 446//755 447//756
f 430//733 447//756 431//734
f 431//734 447//756 448//757
f 431//734 448//757 432//735
f 432//735 448//757 449//758
f 432//735 449//758 433//736
f 433//736 449//758 450//759
f 433//736 450//759 434//738
f 434//738 450//759 451//760
f 434//738 451//760 435//742
f 435//742 451//760 452//761
f 435//742 452//761 436//762
f 436//762 452//761 453//763
f 436//762 2488//764 435//742
f 435//742 2488//764 2489//740
f 2486//765 2487//766 436//762
f 436//762 2487//766 2488//764
f 436//762 453//763 2486//765
f 2486//765 453//763 454//767
f 437//744 2246//745 455//768
f 455//768 2246//745 2252//769
f 455//768 456//770 437//744
f 437//744 456//770 438//747
f 456//770 457//771 438//747
f 438//747 457//771 439//748
f 457//771 458//772 439//748
f 439//748 458//772 440//749
f 440//749 458//772 441//750
f 441//750 458//772 459//773
f 441//750 459//773 442//751
f 442//751 459//773 460//774
f 442//751 460//774 443//752
f 443//752 460//774 461//775
f 443//752 461//775 444//753
f 444//753 461//775 462//776
f 444//753 462//776 445//754
f 445//754 462//776 463//777
f 445//754 463//777 446//755
f 446//755 463//777 464//778
f 446//755 464//778 447//756
f 447//756 464//778 465//779
f 447//756 465//779 448//757
f 448//757 465//779 466//780
f 448//757 466//780 449//758
f 449//758 466//780 467//781
f 449//758 467//781 450//759
f 450//759 467//781 468//782
f 450//759 468//782 451//760
f 451//760 468//782 469//783
f 451//760 469//783 452//761
f 452//761 469//783 470//784
f 452//761 470//784 453//763
f 453//763 470//784 2749//785
f 453//763 2749//785 454//767
f 454//767 2749//785 3496//786
f 454//767 3496//786 3825//787
f 3825//787 3496//786 3389//788
f 3825//787 1322//789 454//767
f 454//767 1322//789 2486//765
f 455//768 2252//769 471//790
f 471//790 2252//769 2258//791
f 471//790 472//792 455//768
f 455//768 472//792 456//770
f 472//792 473//793 456//770
f 456//770 473//793 457//771
f 457//771 473//793 458//772
f 458//772 473//793 474//794
f 458//772 474//794 459//773
f 459//773 474//794 475//795
f 459//773 475//795 460//774
f 460//774 475//795 476//796
f 460//774 476//796 461//775
f 461//775 476//796 477//797
f 461//775 477//797 462//776
f 462//776 477//797 478//798
f 462//776 478//798 463//777
f 463//777 478//798 479//799
f 463//777 479//799 464//778
f 464//778 479//799 480//800
f 464//778 480//800 465//779
f 465//779 480//800 481//801
f 465//779 481//801 466//780
f 466//780 481//801 482//802
f 466//780 482//802 467//781
f 467//781 482//802 483//803
f 467//781 483//803 468//782
f 468//782 483//803 484//804
f 468//782 484//804 469//783
f 469//783 484//804 2747//805
f 469//783 2747//805 470//784
f 470//784 2747//805 2748//806
f 470//784 2748//806 2749//785
f 2749//785 2748//806 3495//807
f 485//808 486//809 471//790
f 471//790 486//809 472//792
f 471//790 2258//791 485//808
f 485//808 2258//791 2263//810
f 486//809 487//811 472//792
f 472//792 487//811 473//793
f 473//793 487//811 474//794
f 474//794 487//811 488//812
f 474//794 488//812 475//795
f 475//795 488//812 489//813
f 475//795 489//813 476//796
f 476//796 489//813 490//814
f 476//796 490//814 477//797
f 477//797 490//814 491//815
f 477//797 491//815 478//798
f 478//798 491//815 492//816
f 478//798 492//816 479//799
f 479//799 492//816 493//817
f 479//799 493//817 480//800
f 480//800 493//817 494//818
f 480//800 494//818 481//801
f 481//801 494//818 495//819
f 481//801 495//819 482//802
f 482//802 495//819 496//820
f 482//802 496//820 483//803
f 483//803 496//820 2743//821
f 483//803 2743//821 484//804
f 484//804 2743//821 2745//822
f 484//804 2745//822 2747//805
f 2747//805 2745//822 2746//823
f 497//824 498//825 485//808
f 485//808 498//825 486//809
f 485//808 2263//810 497//824
f 497//824 2263//810 2267//826
f 498//825 499//827 486//809
f 486//809 499//827 487//811
f 499//827 500//828 487//811
f 487//811 500//828 488//812
f 488//812 500//828 489//813
f 489//813 500//828 501//829
f 489//813 501//829 490//814
f 490//814 501//829 502//830
f 490//814 502//830 491//815
f 491//815 502//830 503//831
f 491//815 503//831 492//816
f 492//816 503//831 504//832
f 492//816 504//832 493//817
f 493//817 504//832 505//833
f 493//817 505//833 494//818
f 494//818 505//833 506//834
f 494//818 506//834 495//819
f 495//819 506//834 2737//835
f 495//819 2737//835 496//820
f 496//820 2737//835 2740//836
f 496//820 2740//836 2743//821
f 2743//821 2740//836 2742//837
f 507//838 508//839 497//824
f 497//824 508//839 498//825
f 497//824 2267//826 507//838
f 507//838 2267//826 2270//840
f 508//839 509//841 498//825
f 498//825 509//841 499//827
f 509//841 510//842 499//827
f 499//827 510//842 500//828
f 510//842 511//843 500//828
f 500//828 511//843 501//829
f 501//829 511//843 502//830
f 502//830 511//843 512//844
f 502//830 512//844 503//831
f 503//831 512//844 513//845
f 503//831 513//845 504//832
f 504//832 513//845 514//846
f 504//832 514//846 505//833
f 505//833 514//846 2729//847
f 505//833 2729//847 506//834
f 506//834 2729//847 2733//848
f 506//834 2733//848 2737//835
f 2737//835 2733//848 2736//849
f 515//850 516//851 507//838
f 507//838 516//851 508//839
f 507//838 2270//840 515//850
f 515//850 2270//840 2273//852
f 516//851 517//853 508//839
f 508//839 517//853 509//841
f 517//853 518//854 509//841
f 509//841 518//854 510//842
f 518//854 519//855 510//842
f 510//842 519//855 511//843
f 511//843 519//855 512//844
f 512//844 519//855 520//856
f 512//844 520//856 513//845
f 513//845 520//856 2719//857
f 513//845 2719//857 514//846
f 514//846 2719//857 2724//858
f 514//846 2724//858 2729//847
f 2729//847 2724//858 2728//859
f 521//860 522//861 515//850
f 515//850 522//861 516//851
f 515//850 2273//852 521//860
f 521//860 2273//852 2275//862
f 522//861 523//863 516//851
f 516//851 523//863 517//853
f 523//863 524//864 517//853
f 517//853 524//864 518//854
f 524//864 2708//865 518//854
f 518//854 2708//865 519//855
f 2708//865 2713//866 519//855
f 519//855 2713//866 520//856
f 2713//866 2718//867 520//856
f 520//856 2718//867 2719//857
f 525//868 526//869 521//860
f 521//860 526//869 522//861
f 521//860 2275//862 525//868
f 525//868 2275//862 2276//870
f 526//869 2700//871 522//861
f 522//861 2700//871 523//863
f 2700//871 2703//872 523//863
f 523//863 2703//872 524//864
f 2703//872 2707//873 524//864
f 524//864 2707//873 2708//865
f 2696//874 2697//875 525//868
f 525//868 2697//875 526//869
f 525//868 2276//870 2696//874
f 2696//874 2276//870 3812//876
f 2697//875 2699//877 526//869
f 526//869 2699//877 2700//871
f 530//878 531//879 527//880
f 527//880 531//879 528//881
f 527//880 3311//882 530//878
f 530//878 3311//882 529//883
f 527//880 3310//884 3311//882
f 3311//882 3310//884 3497//885
f 527//880 528//881 3310//884
f 3310//884 528//881 3843//886
f 531//879 532//887 528//881
f 528//881 532//887 3161//888
f 528//881 3161//888 3843//886
f 3843//886 3161//888 3693//889
f 3696//890 533//891 529//883
f 529//883 533//891 530//878
f 529//883 3498//892 3696//890
f 3696//890 3498//892 3695//893
f 529//883 3311//882 3498//892
f 3498//892 3311//882 1616//894
f 533//891 534//895 530//878
f 530//878 534//895 531//879
f 534//895 535//896 531//879
f 531//879 535//896 532//887
f 535//896 536//897 532//887
f 532//887 536//897 3160//898
f 532//887 3160//898 3161//888
f 3161//888 3160//898 3692//899
f 533//891 3699//900 534//895
f 534//895 3699//900 3700//901
f 3696//890 3698//902 533//891
f 533//891 3698//902 3699//900
f 534//895 3700//901 535//896
f 535//896 3700//901 3701//903
f 535//896 3701//903 536//897
f 536//897 3701//903 3702//904
f 536//897 3702//904 3159//905
f 3159//905 3702//904 3811//906
f 536//897 3159//905 3160//898
f 3160//898 3159//905 3158//907
f 538//908 904//909 537//910
f 537//910 904//909 903//911
f 537//910 3163//312 538//908
f 538//908 3163//312 3843//886
f 3162//282 3738//284 537//910
f 537//910 3738//284 3163//312
f 537//910 903//911 3162//282
f 3162//282 903//911 902//283
f 539//912 906//913 538//908
f 538//908 906//913 904//909
f 3843//886 3693//889 538//908
f 538//908 3693//889 539//912
f 3842//914 908//915 539//912
f 539//912 908//915 906//913
f 3693//889 3691//916 539//912
f 539//912 3691//916 3842//914
f 540//917 1922//918 544//919
f 544//919 1922//918 2277//920
f 3288//921 3287//922 540//917
f 540//917 3287//922 1922//918
f 540//917 541//923 3288//921
f 3288//921 541//923 938//924
f 544//919 545//925 540//917
f 540//917 545//925 541//923
f 545//925 546//926 541//923
f 541//923 546//926 542//927
f 541//923 542//927 938//924
f 938//924 542//927 939//928
f 546//926 547//379 542//927
f 542//927 547//379 543//378
f 542//927 543//378 939//928
f 939//928 543//378 940//380
f 552//929 553//930 544//919
f 544//919 553//930 545//925
f 544//919 2277//920 552//929
f 552//929 2277//920 551//931
f 553//930 554//932 545//925
f 545//925 554//932 546//926
f 554//932 555//933 546//926
f 546//926 555//933 547//379
f 555//933 3703//934 547//379
f 547//379 3703//934 548//377
f 3703//934 3704//935 548//377
f 548//377 3704//935 549//375
f 3704//935 3705//417 549//375
f 549//375 3705//417 550//376
f 550//376 3446//415 2484//373
f 2484//373 3446//415 2481//936
f 551//931 557//937 552//929
f 552//929 557//937 558//938
f 2278//939 556//940 551//931
f 551//931 556//940 557//937
f 2277//920 1924//941 551//931
f 551//931 1924//941 2278//939
f 552//929 558//938 553//930
f 553//930 558//938 3706//942
f 553//930 3706//942 554//932
f 554//932 3706//942 3707//943
f 554//932 3707//943 555//933
f 555//933 3707//943 3708//944
f 555//933 3708//944 3703//934
f 3703//934 3708//944 3709//945
f 556//940 3711//946 557//937
f 557//937 3711//946 3712//947
f 3809//948 3811//906 556//940
f 556//940 3811//906 3711//946
f 556//940 2278//939 3809//948
f 3809//948 2278//939 3756//949
f 557//937 3712//947 558//938
f 558//938 3712//947 3713//950
f 558//938 3713//950 3706//942
f 3706//942 3713//950 3714//951
f 559//952 561//953 560//954
f 560//954 561//953 562//955
f 733//956 737//957 559//952
f 559//952 737//957 561//953
f 559//952 3841//958 733//956
f 733//956 3841//958 719//959
f 559//952 560//954 3841//958
f 3841//958 560//954 693//960
f 560//954 562//955 700//961
f 700//961 562//955 563//962
f 700//961 694//963 560//954
f 560//954 694//963 693//960
f 561//953 566//964 562//955
f 562//955 566//964 567//965
f 737//957 565//966 561//953
f 561//953 565//966 566//964
f 562//955 567//965 563//962
f 563//962 567//965 568//967
f 563//962 568//967 564//968
f 564//968 568//967 569//969
f 564//968 701//970 563//962
f 563//962 701//970 700//961
f 706//971 702//972 564//968
f 564//968 702//972 701//970
f 564//968 569//969 706//971
f 706//971 569//969 570//973
f 742//974 749//975 565//966
f 565//966 749//975 572//976
f 565//966 737//957 742//974
f 742//974 737//957 736//977
f 565//966 572//976 566//964
f 566//964 572//976 573//978
f 566//964 573//978 567//965
f 567//965 573//978 574//979
f 567//965 574//979 568//967
f 568//967 574//979 575//980
f 568//967 575//980 569//969
f 569//969 575//980 576//981
f 569//969 576//981 570//973
f 570//973 576//981 577//982
f 570//973 577//982 571//983
f 571//983 577//982 578//984
f 571//983 707//985 570//973
f 570//973 707//985 706//971
f 711//986 708//987 571//983
f 571//983 708//987 707//985
f 571//983 578//984 711//986
f 711//986 578//984 579//988
f 572//976 580//989 573//978
f 573//978 580//989 581//990
f 749//975 3790//991 572//976
f 572//976 3790//991 580//989
f 573//978 581//990 574//979
f 574//979 581//990 582//992
f 574//979 582//992 575//980
f 575//980 582//992 583//993
f 575//980 583//993 576//981
f 576//981 583//993 584//994
f 576//981 584//994 577//982
f 577//982 584//994 585//995
f 577//982 585//995 578//984
f 578//984 585//995 586//996
f 578//984 586//996 579//988
f 579//988 586//996 587//997
f 579//988 587//997 714//998
f 714//998 587//997 588//999
f 714//998 712//1000 579//988
f 579//988 712//1000 711//986
f 580//989 591//1001 581//990
f 581//990 591//1001 592//1002
f 3790//991 590//1003 580//989
f 580//989 590//1003 591//1001
f 581//990 592//1002 582//992
f 582//992 592//1002 593//1004
f 582//992 593//1004 583//993
f 583//993 593//1004 594//1005
f 583//993 594//1005 584//994
f 584//994 594//1005 595//1006
f 584//994 595//1006 585//995
f 585//995 595//1006 596//1007
f 585//995 596//1007 586//996
f 586//996 596//1007 597//1008
f 586//996 597//1008 587//997
f 587//997 597//1008 598//1009
f 587//997 598//1009 588//999
f 588//999 598//1009 599//1010
f 588//999 599//1010 589//1011
f 589//1011 599//1010 600//1012
f 589//1011 715//1013 588//999
f 588//999 715//1013 714//998
f 589//1011 600//1012 716//1014
f 716//1014 600//1012 1646//1015
f 716//1014 3736//1016 589//1011
f 589//1011 3736//1016 715//1013
f 590//1003 601//1017 591//1001
f 591//1001 601//1017 602//1018
f 590//1003 767//1019 601//1017
f 601//1017 767//1019 779//1020
f 3790//991 757//1021 590//1003
f 590//1003 757//1021 767//1019
f 591//1001 602//1018 592//1002
f 592//1002 602//1018 603//1022
f 592//1002 603//1022 593//1004
f 593//1004 603//1022 604//1023
f 593//1004 604//1023 594//1005
f 594//1005 604//1023 605//1024
f 594//1005 605//1024 595//1006
f 595//1006 605//1024 606//1025
f 595//1006 606//1025 596//1007
f 596//1007 606//1025 607//1026
f 596//1007 607//1026 597//1008
f 597//1008 607//1026 608//1027
f 597//1008 608//1027 598//1009
f 598//1009 608//1027 609//1028
f 598//1009 609//1028 599//1010
f 599//1010 609//1028 610//1029
f 599//1010 610//1029 600//1012
f 600//1012 610//1029 1647//1030
f 600//1012 1647//1030 1646//1015
f 1646//1015 1647//1030 1648//1031
f 601//1017 612//1032 602//1018
f 602//1018 612//1032 613//1033
f 779//1020 611//1034 601//1017
f 601//1017 611//1034 612//1032
f 602//1018 613//1033 603//1022
f 603//1022 613//1033 614//1035
f 603//1022 614//1035 604//1023
f 604//1023 614//1035 615//1036
f 604//1023 615//1036 605//1024
f 605//1024 615//1036 616//1037
f 605//1024 616//1037 606//1025
f 606//1025 616//1037 617//1038
f 606//1025 617//1038 607//1026
f 607//1026 617//1038 618//1039
f 607//1026 618//1039 608//1027
f 608//1027 618//1039 619//1040
f 608//1027 619//1040 609//1028
f 609//1028 619//1040 620//1041
f 609//1028 620//1041 610//1029
f 610//1029 620//1041 1649//1042
f 610//1029 1649//1042 1647//1030
f 1647//1030 1649//1042 1650//1043
f 611//1034 792//1044 621//1045
f 621//1045 792//1044 805//1046
f 779//1020 778//1047 611//1034
f 611//1034 778//1047 792//1044
f 611//1034 621//1045 612//1032
f 612//1032 621//1045 622//1048
f 612//1032 622//1048 613//1033
f 613//1033 622//1048 623//1049
f 613//1033 623//1049 614//1035
f 614//1035 623//1049 624//1050
f 614//1035 624//1050 615//1036
f 615//1036 624//1050 625//1051
f 615//1036 625//1051 616//1037
f 616//1037 625//1051 626//1052
f 616//1037 626//1052 617//1038
f 617//1038 626//1052 627//1053
f 617//1038 627//1053 618//1039
f 618//1039 627//1053 628//1054
f 618//1039 628//1054 619//1040
f 619//1040 628//1054 629//1055
f 619//1040 629//1055 620//1041
f 620//1041 629//1055 1652//1056
f 620//1041 1652//1056 1649//1042
f 1649//1042 1652//1056 1653//1057
f 621//1045 630//1058 622//1048
f 622//1048 630//1058 631//1059
f 621//1045 805//1046 630//1058
f 630//1058 805//1046 3791//1060
f 622//1048 631//1059 623//1049
f 623//1049 631//1059 632//1061
f 623//1049 632//1061 624//1050
f 624//1050 632//1061 633//1062
f 624//1050 633//1062 625//1051
f 625//1051 633//1062 634//1063
f 625//1051 634//1063 626//1052
f 626//1052 634//1063 635//1064
f 626//1052 635//1064 627//1053
f 627//1053 635//1064 636//1065
f 627//1053 636//1065 628//1054
f 628//1054 636//1065 637//1066
f 628//1054 637//1066 629//1055
f 629//1055 637//1066 1656//1067
f 629//1055 1656//1067 1652//1056
f 1652//1056 1656//1067 1657//1068
f 630//1058 639//1069 631//1059
f 631//1059 639//1069 640//1070
f 630//1058 3791//1060 639//1069
f 639//1069 3791//1060 638//1071
f 631//1059 640//1070 632//1061
f 632//1061 640//1070 641//1072
f 632//1061 641//1072 633//1062
f 633//1062 641//1072 642//1073
f 633//1062 642//1073 634//1063
f 634//1063 642//1073 643//1074
f 634//1063 643//1074 635//1064
f 635//1064 643//1074 644//1075
f 635//1064 644//1075 636//1065
f 636//1065 644//1075 645//1076
f 636//1065 645//1076 637//1066
f 637//1066 645//1076 1660//1077
f 637//1066 1660//1077 1656//1067
f 1656//1067 1660//1077 1661//1078
f 646//1079 647//1080 638//1071
f 638//1071 647//1080 639//1069
f 638//1071 828//1081 646//1079
f 646//1079 828//1081 839//1082
f 3791//1060 817//1083 638//1071
f 638//1071 817//1083 828//1081
f 639//1069 647//1080 640//1070
f 640//1070 647//1080 648//1084
f 640//1070 648//1084 641//1072
f 641//1072 648//1084 649//1085
f 641//1072 649//1085 642//1073
f 642//1073 649//1085 650//1086
f 642//1073 650//1086 643//1074
f 643//1074 650//1086 651//1087
f 643//1074 651//1087 644//1075
f 644//1075 651//1087 652//1088
f 644//1075 652//1088 645//1076
f 645//1076 652//1088 1665//1089
f 645//1076 1665//1089 1660//1077
f 1660//1077 1665//1089 1666//1090
f 646//1079 654//1091 647//1080
f 647//1080 654//1091 655//1092
f 646//1079 839//1082 654//1091
f 654//1091 839//1082 653//1093
f 647//1080 655//1092 648//1084
f 648//1084 655//1092 656//1094
f 648//1084 656//1094 649//1085
f 649//1085 656//1094 657//1095
f 649//1085 657//1095 650//1086
f 650//1086 657//1095 658//1096
f 650//1086 658//1096 651//1087
f 651//1087 658//1096 659//1097
f 651//1087 659//1097 652//1088
f 652//1088 659//1097 1671//1098
f 652//1088 1671//1098 1665//1089
f 1665//1089 1671//1098 1672//1099
f 653//1093 848//1100 660//1101
f 660//1101 848//1100 857//1102
f 839//1082 838//1103 653//1093
f 653//1093 838//1103 848//1100
f 653//1093 660//1101 654//1091
f 654//1091 660//1101 661//1104
f 654//1091 661//1104 655//1092
f 655//1092 661//1104 662//1105
f 655//1092 662//1105 656//1094
f 656//1094 662//1105 663//1106
f 656//1094 663//1106 657//1095
f 657//1095 663//1106 664//1107
f 657//1095 664//1107 658//1096
f 658//1096 664//1107 665//1108
f 658//1096 665//1108 659//1097
f 659//1097 665//1108 1678//1109
f 659//1097 1678//1109 1671//1098
f 1671//1098 1678//1109 1679//1110
f 660//1101 666//1111 661//1104
f 661//1104 666//1111 667//1112
f 660//1101 857//1102 666//1111
f 666//1111 857//1102 3792//1113
f 661//1104 667//1112 662//1105
f 662//1105 667//1112 668//1114
f 662//1105 668//1114 663//1106
f 663//1106 668//1114 669//1115
f 663//1106 669//1115 664//1107
f 664//1107 669//1115 670//1116
f 664//1107 670//1116 665//1108
f 665//1108 670//1116 1686//1117
f 1686//1117 1687//1118 665//1108
f 665//1108 1687//1118 1678//1109
f 666//1111 672//1119 667//1112
f 667//1112 672//1119 673//1120
f 666//1111 3792//1113 672//1119
f 672//1119 3792//1113 671//1121
f 667//1112 673//1120 668//1114
f 668//1114 673//1120 674//1122
f 668//1114 674//1122 669//1115
f 669//1115 674//1122 675//1123
f 669//1115 675//1123 670//1116
f 670//1116 675//1123 1695//1124
f 1695//1124 1696//1125 670//1116
f 670//1116 1696//1125 1686//1117
f 676//1126 677//1127 671//1121
f 671//1121 677//1127 672//1119
f 671//1121 872//1128 676//1126
f 676//1126 872//1128 879//1129
f 3792//1113 865//1130 671//1121
f 671//1121 865//1130 872//1128
f 672//1119 677//1127 673//1120
f 673//1120 677//1127 678//1131
f 673//1120 678//1131 674//1122
f 674//1122 678//1131 679//1132
f 674//1122 679//1132 675//1123
f 675//1123 679//1132 1705//1133
f 1705//1133 1706//1134 675//1123
f 675//1123 1706//1134 1695//1124
f 681//1135 682//1136 676//1126
f 676//1126 682//1136 677//1127
f 676//1126 879//1129 681//1135
f 681//1135 879//1129 680//1137
f 677//1127 682//1136 678//1131
f 678//1131 682//1136 683//1138
f 678//1131 683//1138 679//1132
f 679//1132 683//1138 1716//1139
f 1716//1139 1717//1140 679//1132
f 679//1132 1717//1140 1705//1133
f 680//1137 884//1141 684//1142
f 684//1142 884//1141 889//1143
f 879//1129 878//1144 680//1137
f 680//1137 878//1144 884//1141
f 684//1142 685//1145 680//1137
f 680//1137 685//1145 681//1135
f 685//1145 686//1146 681//1135
f 681//1135 686//1146 682//1136
f 682//1136 686//1146 683//1138
f 683//1138 686//1146 1727//1147
f 1727//1147 1728//1148 683//1138
f 683//1138 1728//1148 1716//1139
f 687//1149 688//1150 684//1142
f 684//1142 688//1150 685//1145
f 684//1142 889//1143 687//1149
f 687//1149 889//1143 3793//1151
f 688//1150 1739//1152 685//1145
f 685//1145 1739//1152 686//1146
f 1739//1152 1740//1153 686//1146
f 686//1146 1740//1153 1727//1147
f 690//1154 1752//1155 687//1149
f 687//1149 1752//1155 688//1150
f 687//1149 3793//1151 690//1154
f 690//1154 3793//1151 689//1156
f 1752//1155 1753//1157 688//1150
f 688//1150 1753//1157 1739//1152
f 691//1158 1766//1159 689//1156
f 689//1156 1766//1159 690//1154
f 689//1156 896//1160 691//1158
f 691//1158 896//1160 899//1161
f 3793//1151 893//1162 689//1156
f 689//1156 893//1162 896//1160
f 1766//1159 1767//1163 690//1154
f 690//1154 1767//1163 1752//1155
f 1781//1164 1782//1165 691//1158
f 691//1158 1782//1165 1766//1159
f 691//1158 899//1161 1781//1164
f 1781//1164 899//1161 692//1166
f 692//1166 900//1167 1797//1168
f 1797//1168 900//1167 901//564
f 899//1161 898//1169 692//1166
f 692//1166 898//1169 900//1167
f 1797//1168 1798//1170 692//1166
f 692//1166 1798//1170 1781//1164
f 694//963 3698//902 693//960
f 693//960 3698//902 3697//1171
f 693//960 3697//1171 3841//958
f 3841//958 3697//1171 719//959
f 694//963 700//961 695//1172
f 695//1172 700//961 701//970
f 695//1172 3699//900 694//963
f 694//963 3699//900 3698//902
f 695//1172 701//970 696//1173
f 696//1173 701//970 702//972
f 696//1173 3700//901 695//1172
f 695//1172 3700//901 3699//900
f 696//1173 702//972 697//1174
f 697//1174 702//972 703//1175
f 697//1174 3701//903 696//1173
f 696//1173 3701//903 3700//901
f 697//1174 703//1175 698//1176
f 698//1176 703//1175 704//1177
f 698//1176 3702//904 697//1174
f 697//1174 3702//904 3701//903
f 698//1176 704//1177 699//1178
f 699//1178 704//1177 705//1179
f 699//1178 3811//906 698//1176
f 698//1176 3811//906 3702//904
f 699//1178 705//1179 3718//1180
f 3718//1180 705//1179 3724//1181
f 3718//1180 3711//946 699//1178
f 699//1178 3711//946 3811//906
f 702//972 706//971 703//1175
f 703//1175 706//971 707//985
f 703//1175 707//985 704//1177
f 704//1177 707//985 708//987
f 704//1177 708//987 705//1179
f 705//1179 708//987 709//1182
f 705//1179 709//1182 3724//1181
f 3724//1181 709//1182 710//1183
f 708//987 711//986 709//1182
f 709//1182 711//986 712//1000
f 709//1182 712//1000 710//1183
f 710//1183 712//1000 713//1184
f 710//1183 713//1184 3729//1185
f 3729//1185 713//1184 3733//1186
f 3729//1185 3725//1187 710//1183
f 710//1183 3725//1187 3724//1181
f 712//1000 714//998 713//1184
f 713//1184 714//998 715//1013
f 713//1184 715//1013 3733//1186
f 3733//1186 715//1013 3736//1016
f 716//1014 1646//1015 3588//1188
f 3588//1188 1646//1015 2573//1189
f 3588//1188 3737//1190 716//1014
f 716//1014 3737//1190 3736//1016
f 717//1191 722//895 718//1192
f 718//1192 722//895 732//1193
f 717//1191 1622//1194 722//895
f 722//895 1622//1194 721//1195
f 3498//892 1616//894 717//1191
f 717//1191 1616//894 1622//1194
f 718//1192 3695//893 717//1191
f 717//1191 3695//893 3498//892
f 718//1192 732//1193 719//959
f 719//959 732//1193 733//956
f 719//959 3697//1171 718//1192
f 718//1192 3697//1171 3695//893
f 720//1196 1627//1197 724//1198
f 724//1198 1627//1197 723//1199
f 1621//1200 1620//1201 720//1196
f 720//1196 1620//1201 1627//1197
f 720//1196 721//1195 1621//1200
f 1621//1200 721//1195 1622//1194
f 724//1198 734//1202 720//1196
f 720//1196 734//1202 721//1195
f 734//1202 735//1203 721//1195
f 721//1195 735//1203 722//895
f 722//895 735//1203 732//1193
f 732//1193 735//1203 736//977
f 738//1204 739//1205 723//1199
f 723//1199 739//1205 724//1198
f 723//1199 1632//1206 738//1204
f 738//1204 1632//1206 726//1207
f 1627//1197 1626//1208 723//1199
f 723//1199 1626//1208 1632//1206
f 739//1205 740//1209 724//1198
f 724//1198 740//1209 734//1202
f 743//1210 744//1211 725//1212
f 725//1212 744//1211 726//1207
f 725//1212 1636//1213 743//1210
f 743//1210 1636//1213 728//1214
f 1631//1215 1630//1216 725//1212
f 725//1212 1630//1216 1636//1213
f 725//1212 726//1207 1631//1215
f 1631//1215 726//1207 1632//1206
f 744//1211 745//1217 726//1207
f 726//1207 745//1217 738//1204
f 727//1218 1639//1219 750//1220
f 750//1220 1639//1219 729//1221
f 1635//1222 1634//1223 727//1218
f 727//1218 1634//1223 1639//1219
f 727//1218 728//1214 1635//1222
f 1635//1222 728//1214 1636//1213
f 750//1220 751//1224 727//1218
f 727//1218 751//1224 728//1214
f 751//1224 752//1225 728//1214
f 728//1214 752//1225 743//1210
f 759//1226 760//1227 729//1221
f 729//1221 760//1227 750//1220
f 729//1221 1642//1228 759//1226
f 759//1226 1642//1228 758//1229
f 1639//1219 1638//1230 729//1221
f 729//1221 1638//1230 1642//1228
f 769//1231 770//1232 730//1233
f 730//1233 770//1232 758//1229
f 730//1233 1644//1234 769//1231
f 769//1231 1644//1234 768//1235
f 1641//1236 1640//1237 730//1233
f 730//1233 1640//1237 1644//1234
f 730//1233 758//1229 1641//1236
f 1641//1236 758//1229 1642//1228
f 781//1238 782//1239 731//1240
f 731//1240 782//1239 768//1235
f 731//1240 1645//1241 781//1238
f 781//1238 1645//1241 780//1242
f 1643//1243 2953//1244 731//1240
f 731//1240 2953//1244 1645//1241
f 731//1240 768//1235 1643//1243
f 1643//1243 768//1235 1644//1234
f 732//1193 736//977 733//956
f 733//956 736//977 737//957
f 740//1209 741//1245 734//1202
f 734//1202 741//1245 735//1203
f 741//1245 742//974 735//1203
f 735//1203 742//974 736//977
f 745//1217 746//1246 738//1204
f 738//1204 746//1246 739//1205
f 746//1246 747//1247 739//1205
f 739//1205 747//1247 740//1209
f 747//1247 748//1248 740//1209
f 740//1209 748//1248 741//1245
f 748//1248 749//975 741//1245
f 741//1245 749//975 742//974
f 752//1225 753//1249 743//1210
f 743//1210 753//1249 744//1211
f 753//1249 754//1250 744//1211
f 744//1211 754//1250 745//1217
f 754//1250 755//1251 745//1217
f 745//1217 755//1251 746//1246
f 755//1251 756//1252 746//1246
f 746//1246 756//1252 747//1247
f 756//1252 757//1021 747//1247
f 747//1247 757//1021 748//1248
f 757//1021 3790//991 748//1248
f 748//1248 3790//991 749//975
f 760//1227 761//1253 750//1220
f 750//1220 761//1253 751//1224
f 761//1253 762//1254 751//1224
f 751//1224 762//1254 752//1225
f 762//1254 763//1255 752//1225
f 752//1225 763//1255 753//1249
f 763//1255 764//1256 753//1249
f 753//1249 764//1256 754//1250
f 764//1256 765//1257 754//1250
f 754//1250 765//1257 755//1251
f 765//1257 766//1258 755//1251
f 755//1251 766//1258 756//1252
f 766//1258 767//1019 756//1252
f 756//1252 767//1019 757//1021
f 770//1232 771//1259 758//1229
f 758//1229 771//1259 759//1226
f 771//1259 772//1260 759//1226
f 759//1226 772//1260 760//1227
f 772//1260 773//1261 760//1227
f 760//1227 773//1261 761//1253
f 773//1261 774//1262 761//1253
f 761//1253 774//1262 762//1254
f 774//1262 775//1263 762//1254
f 762//1254 775//1263 763//1255
f 775//1263 776//1264 763//1255
f 763//1255 776//1264 764//1256
f 776//1264 777//1265 764//1256
f 764//1256 777//1265 765//1257
f 777//1265 778//1047 765//1257
f 765//1257 778//1047 766//1258
f 778//1047 779//1020 766//1258
f 766//1258 779//1020 767//1019
f 782//1239 783//1266 768//1235
f 768//1235 783//1266 769//1231
f 783//1266 784//1267 769//1231
f 769//1231 784//1267 770//1232
f 784//1267 785//1268 770//1232
f 770//1232 785//1268 771//1259
f 785//1268 786//1269 771//1259
f 771//1259 786//1269 772//1260
f 786//1269 787//1270 772//1260
f 772//1260 787//1270 773//1261
f 787//1270 788//1271 773//1261
f 773//1261 788//1271 774//1262
f 788//1271 789//1272 774//1262
f 774//1262 789//1272 775//1263
f 789//1272 790//1273 775//1263
f 775//1263 790//1273 776//1264
f 790//1273 791//1274 776//1264
f 776//1264 791//1274 777//1265
f 791//1274 792//1044 777//1265
f 777//1265 792//1044 778//1047
f 793//1275 794//1276 780//1242
f 780//1242 794//1276 781//1238
f 780//1242 3813//1277 793//1275
f 793//1275 3813//1277 3670//1278
f 780//1242 1645//1241 3813//1277
f 3813//1277 1645//1241 1840//1279
f 794//1276 795//1280 781//1238
f 781//1238 795//1280 782//1239
f 795//1280 796//1281 782//1239
f 782//1239 796//1281 783//1266
f 796//1281 797//1282 783//1266
f 783//1266 797//1282 784//1267
f 797//1282 798//1283 784//1267
f 784//1267 798//1283 785//1268
f 798//1283 799//1284 785//1268
f 785//1268 799//1284 786//1269
f 799//1284 800//1285 786//1269
f 786//1269 800//1285 787//1270
f 800//1285 801//1286 787//1270
f 787//1270 801//1286 788//1271
f 801//1286 802//1287 788//1271
f 788//1271 802//1287 789//1272
f 802//1287 803//1288 789//1272
f 789//1272 803//1288 790//1273
f 803//1288 804//1289 790//1273
f 790//1273 804//1289 791//1274
f 804//1289 805//1046 791//1274
f 791//1274 805//1046 792//1044
f 806//1290 807//1291 793//1275
f 793//1275 807//1291 794//1276
f 793//1275 3670//1278 806//1290
f 806//1290 3670//1278 3671//1292
f 807//1291 808//1293 794//1276
f 794//1276 808//1293 795//1280
f 808//1293 809//1294 795//1280
f 795//1280 809//1294 796//1281
f 809//1294 810//1295 796//1281
f 796//1281 810//1295 797//1282
f 810//1295 811//1296 797//1282
f 797//1282 811//1296 798//1283
f 811//1296 812//1297 798//1283
f 798//1283 812//1297 799//1284
f 812//1297 813//1298 799//1284
f 799//1284 813//1298 800//1285
f 813//1298 814//1299 800//1285
f 800//1285 814//1299 801//1286
f 814//1299 815//1300 801//1286
f 801//1286 815//1300 802//1287
f 815//1300 816//1301 802//1287
f 802//1287 816//1301 803//1288
f 816//1301 817//1083 803//1288
f 803//1288 817//1083 804//1289
f 817//1083 3791//1060 804//1289
f 804//1289 3791//1060 805//1046
f 806//1290 3671//1292 3672//1302
f 3672//1302 3671//1292 3782//1303
f 3672//1302 818//1304 806//1290
f 806//1290 818//1304 807//1291
f 818//1304 819//1305 807//1291
f 807//1291 819//1305 808//1293
f 819//1305 820//1306 808//1293
f 808//1293 820//1306 809//1294
f 820//1306 821//1307 809//1294
f 809//1294 821//1307 810//1295
f 821//1307 822//1308 810//1295
f 810//1295 822//1308 811//1296
f 822//1308 823//1309 811//1296
f 811//1296 823//1309 812//1297
f 823//1309 824//1310 812//1297
f 812//1297 824//1310 813//1298
f 824//1310 825//1311 813//1298
f 813//1298 825//1311 814//1299
f 825//1311 826//1312 814//1299
f 814//1299 826//1312 815//1300
f 826//1312 827//1313 815//1300
f 815//1300 827//1313 816//1301
f 827//1313 828//1081 816//1301
f 816//1301 828//1081 817//1083
f 829//1314 830//1315 818//1304
f 818//1304 830//1315 819//1305
f 818//1304 3672//1302 829//1314
f 829//1314 3672//1302 3673//1316
f 830//1315 831//1317 819//1305
f 819//1305 831//1317 820//1306
f 831//1317 832//1318 820//1306
f 820//1306 832//1318 821//1307
f 832//1318 833//1319 821//1307
f 821//1307 833//1319 822//1308
f 833//1319 834//1320 822//1308
f 822//1308 834//1320 823//1309
f 834//1320 835//1321 823//1309
f 823//1309 835//1321 824//1310
f 835//1321 836//1322 824//1310
f 824//1310 836//1322 825//1311
f 836//1322 837//1323 825//1311
f 825//1311 837//1323 826//1312
f 837//1323 838//1103 826//1312
f 826//1312 838//1103 827//1313
f 838//1103 839//1082 827//1313
f 827//1313 839//1082 828//1081
f 3674//1324 840//1325 829//1314
f 829//1314 840//1325 830//1315
f 829//1314 3673//1316 3674//1324
f 3674//1324 3673//1316 3783//1326
f 840//1325 841//1327 830//1315
f 830//1315 841//1327 831//1317
f 841//1327 842//1328 831//1317
f 831//1317 842//1328 832//1318
f 842//1328 843//1329 832//1318
f 832//1318 843//1329 833//1319
f 843//1329 844//1330 833//1319
f 833//1319 844//1330 834//1320
f 844//1330 845//1331 834//1320
f 834//1320 845//1331 835//1321
f 845//1331 846//1332 835//1321
f 835//1321 846//1332 836//1322
f 846//1332 847//1333 836//1322
f 836//1322 847//1333 837//1323
f 847//1333 848//1100 837//1323
f 837//1323 848//1100 838//1103
f 849//1334 850//1335 840//1325
f 840//1325 850//1335 841//1327
f 840//1325 3674//1324 849//1334
f 849//1334 3674//1324 3675//1336
f 850//1335 851//1337 841//1327
f 841//1327 851//1337 842//1328
f 851//1337 852//1338 842//1328
f 842//1328 852//1338 843//1329
f 852//1338 853//1339 843//1329
f 843//1329 853//1339 844//1330
f 853//1339 854//1340 844//1330
f 844//1330 854//1340 845//1331
f 854//1340 855//1341 845//1331
f 845//1331 855//1341 846//1332
f 855//1341 856//1342 846//1332
f 846//1332 856//1342 847//1333
f 856//1342 857//1102 847//1333
f 847//1333 857//1102 848//1100
f 858//1343 859//1344 849//1334
f 849//1334 859//1344 850//1335
f 849//1334 3675//1336 858//1343
f 858//1343 3675//1336 3784//1345
f 859//1344 860//1346 850//1335
f 850//1335 860//1346 851//1337
f 860//1346 861//1347 851//1337
f 851//1337 861//1347 852//1338
f 861//1347 862//1348 852//1338
f 852//1338 862//1348 853//1339
f 862//1348 863//1349 853//1339
f 853//1339 863//1349 854//1340
f 863//1349 864//1350 854//1340
f 854//1340 864//1350 855//1341
f 864//1350 865//1130 855//1341
f 855//1341 865//1130 856//1342
f 865//1130 3792//1113 856//1342
f 856//1342 3792//1113 857//1102
f 858//1343 3784//1345 3676//1351
f 3676//1351 3784//1345 1865//1352
f 3676//1351 866//1353 858//1343
f 858//1343 866//1353 859//1344
f 866//1353 867//1354 859//1344
f 859//1344 867//1354 860//1346
f 867//1354 868//1355 860//1346
f 860//1346 868//1355 861//1347
f 868//1355 869//1356 861//1347
f 861//1347 869//1356 862//1348
f 869//1356 870//1357 862//1348
f 862//1348 870//1357 863//1349
f 870//1357 871//1358 863//1349
f 863//1349 871//1358 864//1350
f 871//1358 872//1128 864//1350
f 864//1350 872//1128 865//1130
f 873//1359 874//1360 866//1353
f 866//1353 874//1360 867//1354
f 866//1353 3676//1351 873//1359
f 873//1359 3676//1351 3785//1361
f 874//1360 875//1362 867//1354
f 867//1354 875//1362 868//1355
f 875//1362 876//1363 868//1355
f 868//1355 876//1363 869//1356
f 876//1363 877//1364 869//1356
f 869//1356 877//1364 870//1357
f 877//1364 878//1144 870//1357
f 870//1357 878//1144 871//1358
f 878//1144 879//1129 871//1358
f 871//1358 879//1129 872//1128
f 3677//1365 880//1366 873//1359
f 873//1359 880//1366 874//1360
f 873//1359 3785//1361 3677//1365
f 3677//1365 3785//1361 1861//1367
f 880//1366 881//1368 874//1360
f 874//1360 881//1368 875//1362
f 881//1368 882//1369 875//1362
f 875//1362 882//1369 876//1363
f 882//1369 883//1370 876//1363
f 876//1363 883//1370 877//1364
f 883//1370 884//1141 877//1364
f 877//1364 884//1141 878//1144
f 885//1371 886//1372 880//1366
f 880//1366 886//1372 881//1368
f 880//1366 3677//1365 885//1371
f 885//1371 3677//1365 3786//1373
f 886//1372 887//1374 881//1368
f 881//1368 887//1374 882//1369
f 887//1374 888//1375 882//1369
f 882//1369 888//1375 883//1370
f 888//1375 889//1143 883//1370
f 883//1370 889//1143 884//1141
f 890//1376 891//1377 885//1371
f 885//1371 891//1377 886//1372
f 885//1371 3786//1373 890//1376
f 890//1376 3786//1373 1858//1378
f 891//1377 892//1379 886//1372
f 886//1372 892//1379 887//1374
f 892//1379 893//1162 887//1374
f 887//1374 893//1162 888//1375
f 893//1162 3793//1151 888//1375
f 888//1375 3793//1151 889//1143
f 890//1376 1858//1378 3787//1380
f 3787//1380 1858//1378 1859//522
f 3787//1380 894//1381 890//1376
f 890//1376 894//1381 891//1377
f 894//1381 895//1382 891//1377
f 891//1377 895//1382 892//1379
f 895//1382 896//1160 892//1379
f 892//1379 896//1160 893//1162
f 897//1383 898//1169 894//1381
f 894//1381 898//1169 895//1382
f 894//1381 3787//1380 897//1383
f 897//1383 3787//1380 1856//535
f 898//1169 899//1161 895//1382
f 895//1382 899//1161 896//1160
f 897//1383 1856//535 3788//549
f 3788//549 1856//535 1857//534
f 3788//549 900//1167 897//1383
f 897//1383 900//1167 898//1169
f 900//1167 3788//549 901//564
f 901//564 3788//549 1855//547
f 3845//563 1814//1384 901//564
f 901//564 1814//1384 1797//1168
f 902//283 924//1385 923//281
f 923//281 924//1385 3426//1386
f 903//911 925//1387 902//283
f 902//283 925//1387 924//1385
f 904//909 905//1388 903//911
f 903//911 905//1388 925//1387
f 906//913 907//1389 904//909
f 904//909 907//1389 905//1388
f 907//1389 929//1390 905//1388
f 905//1388 929//1390 927//1391
f 905//1388 927//1391 925//1387
f 925//1387 927//1391 926//1392
f 908//915 909//1393 906//913
f 906//913 909//1393 907//1389
f 909//1393 910//1394 907//1389
f 907//1389 910//1394 929//1390
f 908//915 3842//914 3840//1395
f 3840//1395 3842//914 3691//916
f 3840//1395 911//1396 908//915
f 908//915 911//1396 909//1393
f 911//1396 912//1397 909//1393
f 909//1393 912//1397 910//1394
f 912//1397 913//1398 910//1394
f 910//1394 913//1398 932//1399
f 910//1394 932//1399 929//1390
f 929//1390 932//1399 930//1400
f 3286//1401 3287//922 911//1396
f 911//1396 3287//922 912//1397
f 911//1396 3840//1395 3286//1401
f 3286//1401 3840//1395 3827//1402
f 3287//922 3288//921 912//1397
f 912//1397 3288//921 913//1398
f 913//1398 935//1403 932//1399
f 932//1399 935//1403 933//1404
f 3288//921 938//924 913//1398
f 913//1398 938//924 935//1403
f 914//1405 916//1406 3082//1407
f 3082//1407 916//1406 3084//1408
f 3030//1409 915//1410 914//1405
f 914//1405 915//1410 916//1406
f 914//1405 3028//1411 3030//1409
f 3030//1409 3028//1411 3029//1412
f 3082//1407 3081//1413 914//1405
f 914//1405 3081//1413 3028//1411
f 3033//1414 3034//1415 915//1410
f 915//1410 3034//1415 917//1416
f 915//1410 3030//1409 3033//1414
f 3033//1414 3030//1409 3032//1417
f 915//1410 917//1416 916//1406
f 916//1406 917//1416 3087//1418
f 916//1406 3087//1418 3084//1408
f 3084//1408 3087//1418 3088//1419
f 917//1416 919//1420 3087//1418
f 3087//1418 919//1420 3092//1421
f 3034//1415 918//1422 917//1416
f 917//1416 918//1422 919//1420
f 918//1422 921//1423 919//1420
f 919//1420 921//1423 922//1424
f 3039//1425 920//1426 918//1422
f 918//1422 920//1426 921//1423
f 918//1422 3034//1415 3039//1425
f 3039//1425 3034//1415 3038//1427
f 919//1420 922//1424 3092//1421
f 3092//1421 922//1424 3098//1428
f 3321//1429 3388//1430 920//1426
f 920//1426 3388//1430 921//1423
f 920//1426 3322//1431 3321//1429
f 3321//1429 3322//1431 1925//1432
f 920//1426 3039//1425 3322//1431
f 3322//1431 3039//1425 3044//1433
f 921//1423 3388//1430 922//1424
f 922//1424 3388//1430 3816//1434
f 922//1424 3816//1434 3098//1428
f 3098//1428 3816//1434 3462//1435
f 3426//1386 3419//1436 923//281
f 923//281 3419//1436 1854//279
f 2472//1437 3427//1438 924//1385
f 924//1385 3427//1438 3426//1386
f 925//1387 926//1392 924//1385
f 924//1385 926//1392 2472//1437
f 2473//1439 3434//1440 926//1392
f 926//1392 3434//1440 2472//1437
f 927//1391 928//1441 926//1392
f 926//1392 928//1441 2473//1439
f 929//1390 930//1400 927//1391
f 927//1391 930//1400 928//1441
f 928//1441 2475//1442 2473//1439
f 2473//1439 2475//1442 2474//1443
f 930//1400 931//1444 928//1441
f 928//1441 931//1444 2475//1442
f 932//1399 933//1404 930//1400
f 930//1400 933//1404 931//1444
f 931//1444 2478//1445 2475//1442
f 2475//1442 2478//1445 2476//1446
f 933//1404 934//1447 931//1444
f 931//1444 934//1447 2478//1445
f 935//1403 936//1448 933//1404
f 933//1404 936//1448 934//1447
f 934//1447 2482//1449 2478//1445
f 2478//1445 2482//1449 2479//1450
f 936//1448 937//1451 934//1447
f 934//1447 937//1451 2482//1449
f 938//924 939//928 935//1403
f 935//1403 939//928 936//1448
f 939//928 940//380 936//1448
f 936//1448 940//380 937//1451
f 937//1451 2485//369 2482//1449
f 2482//1449 2485//369 2483//374
f 940//380 3848//370 937//1451
f 937//1451 3848//370 2485//369
f 941//206 943//1452 942//203
f 942//203 943//1452 944//1453
f 3385//1454 3157//1455 941//206
f 941//206 3157//1455 943//1452
f 941//206 3837//205 3385//1454
f 3385//1454 3837//205 1350//207
f 942//203 944//1453 1363//204
f 1363//204 944//1453 945//1456
f 943//1452 947//1457 944//1453
f 944//1453 947//1457 948//1458
f 3157//1455 946//1459 943//1452
f 943//1452 946//1459 947//1457
f 944//1453 948//1458 945//1456
f 945//1456 948//1458 949//1460
f 1366//1461 1364//209 945//1456
f 945//1456 1364//209 1363//204
f 945//1456 949//1460 1366//1461
f 1366//1461 949//1460 950//1462
f 3156//1463 3155//1464 946//1459
f 946//1459 3155//1464 951//1465
f 946//1459 3157//1455 3156//1463
f 3156//1463 3157//1455 3384//1466
f 946//1459 951//1465 947//1457
f 947//1457 951//1465 952//1467
f 947//1457 952//1467 948//1458
f 948//1458 952//1467 953//1468
f 948//1458 953//1468 949//1460
f 949//1460 953//1468 954//1469
f 949//1460 954//1469 950//1462
f 950//1462 954//1469 955//1470
f 1372//1471 1367//234 950//1462
f 950//1462 1367//234 1366//1461
f 950//1462 955//1470 1372//1471
f 1372//1471 955//1470 956//1472
f 951//1465 957//1473 952//1467
f 952//1467 957//1473 958//1474
f 3155//1464 3153//1475 951//1465
f 951//1465 3153//1475 957//1473
f 952//1467 958//1474 953//1468
f 953//1468 958//1474 959//1476
f 953//1468 959//1476 954//1469
f 954//1469 959//1476 960//1477
f 960//1477 961//1478 954//1469
f 954//1469 961//1478 955//1470
f 955//1470 961//1478 956//1472
f 956//1472 961//1478 962//1479
f 956//1472 962//1479 1382//1480
f 1382//1480 962//1479 963//1481
f 1382//1480 1373//1482 956//1472
f 956//1472 1373//1482 1372//1471
f 957//1473 965//1483 958//1474
f 958//1474 965//1483 966//1484
f 3153//1475 964//1485 957//1473
f 957//1473 964//1485 965//1483
f 958//1474 966//1484 959//1476
f 959//1476 966//1484 967//1486
f 959//1476 967//1486 960//1477
f 960//1477 967//1486 968//1487
f 968//1487 969//1488 960//1477
f 960//1477 969//1488 961//1478
f 969//1488 970//1489 961//1478
f 961//1478 970//1489 962//1479
f 962//1479 970//1489 963//1481
f 963//1481 970//1489 971//1490
f 963//1481 971//1490 1395//1491
f 1395//1491 971//1490 972//1492
f 1395//1491 1383//1493 963//1481
f 963//1481 1383//1493 1382//1480
f 964//1485 973//1494 965//1483
f 965//1483 973//1494 974//1495
f 3151//1496 3149//1497 964//1485
f 964//1485 3149//1497 973//1494
f 964//1485 3153//1475 3151//1496
f 3151//1496 3153//1475 3154//1498
f 965//1483 974//1495 966//1484
f 966//1484 974//1495 975//1499
f 966//1484 975//1499 967//1486
f 967//1486 975//1499 976//1500
f 976//1500 977//1501 967//1486
f 967//1486 977//1501 968//1487
f 977//1501 978//1502 968//1487
f 968//1487 978//1502 969//1488
f 978//1502 979//1503 969//1488
f 969//1488 979//1503 970//1489
f 970//1489 979//1503 971//1490
f 971//1490 979//1503 980//1504
f 971//1490 980//1504 972//1492
f 972//1492 980//1504 981//1505
f 972//1492 981//1505 1408//1506
f 1408//1506 981//1505 982//1507
f 1408//1506 1396//1508 972//1492
f 972//1492 1396//1508 1395//1491
f 973//1494 984//1509 974//1495
f 974//1495 984//1509 985//1510
f 3149//1497 983//1511 973//1494
f 973//1494 983//1511 984//1509
f 974//1495 985//1510 975//1499
f 975//1499 985//1510 986//1512
f 975//1499 986//1512 976//1500
f 976//1500 986//1512 987//1513
f 987//1513 988//1514 976//1500
f 976//1500 988//1514 977//1501
f 988//1514 989//1515 977//1501
f 977//1501 989//1515 978//1502
f 989//1515 990//1516 978//1502
f 978//1502 990//1516 979//1503
f 979//1503 990//1516 980//1504
f 980//1504 990//1516 991//1517
f 980//1504 991//1517 981//1505
f 981//1505 991//1517 992//1518
f 981//1505 992//1518 982//1507
f 982//1507 992//1518 993//1519
f 982//1507 993//1519 1420//1520
f 1420//1520 993//1519 994//1521
f 1420//1520 1409//1522 982//1507
f 982//1507 1409//1522 1408//1506
f 3147//1523 3144//1524 983//1511
f 983//1511 3144//1524 995//1525
f 983//1511 3149//1497 3147//1523
f 3147//1523 3149//1497 3150//1526
f 983//1511 995//1525 984//1509
f 984//1509 995//1525 996//1527
f 984//1509 996//1527 985//1510
f 985//1510 996//1527 997//1528
f 985//1510 997//1528 986//1512
f 986//1512 997//1528 998//1529
f 986//1512 998//1529 987//1513
f 987//1513 998//1529 999//1530
f 987//1513 999//1530 988//1514
f 988//1514 999//1530 1000//1531
f 1000//1531 1001//1532 988//1514
f 988//1514 1001//1532 989//1515
f 1001//1532 1002//1533 989//1515
f 989//1515 1002//1533 990//1516
f 990//1516 1002//1533 991//1517
f 991//1517 1002//1533 1003//1534
f 991//1517 1003//1534 992//1518
f 992//1518 1003//1534 1004//1535
f 992//1518 1004//1535 993//1519
f 993//1519 1004//1535 1005//1536
f 993//1519 1005//1536 994//1521
f 994//1521 1005//1536 1006//1537
f 994//1521 1006//1537 1431//1538
f 1431//1538 1006//1537 1007//1539
f 1431//1538 1421//1540 994//1521
f 994//1521 1421//1540 1420//1520
f 995//1525 1008//1541 996//1527
f 996//1527 1008//1541 1009//1542
f 3144//1524 3141//1543 995//1525
f 995//1525 3141//1543 1008//1541
f 996//1527 1009//1542 997//1528
f 997//1528 1009//1542 1010//1544
f 997//1528 1010//1544 998//1529
f 998//1529 1010//1544 1011//1545
f 998//1529 1011//1545 999//1530
f 999//1530 1011//1545 1012//1546
f 999//1530 1012//1546 1000//1531
f 1000//1531 1012//1546 1013//1547
f 1000//1531 1013//1547 1001//1532
f 1001//1532 1013//1547 1014//1548
f 1001//1532 1014//1548 1002//1533
f 1002//1533 1014//1548 1015//1549
f 1002//1533 1015//1549 1003//1534
f 1003//1534 1015//1549 1016//1550
f 1003//1534 1016//1550 1004//1535
f 1004//1535 1016//1550 1017//1551
f 1004//1535 1017//1551 1005//1536
f 1005//1536 1017//1551 1018//1552
f 1005//1536 1018//1552 1006//1537
f 1006//1537 1018//1552 1019//1553
f 1006//1537 1019//1553 1007//1539
f 1007//1539 1019//1553 1020//1554
f 1007//1539 1020//1554 1441//1555
f 1441//1555 1020//1554 1021//1556
f 1441//1555 1432//1557 1007//1539
f 1007//1539 1432//1557 1431//1538
f 1008//1541 1023//1558 1009//1542
f 1009//1542 1023//1558 1024//1559
f 3141//1543 1022//1560 1008//1541
f 1008//1541 1022//1560 1023//1558
f 1009//1542 1024//1559 1010//1544
f 1010//1544 1024//1559 1025//1561
f 1010//1544 1025//1561 1011//1545
f 1011//1545 1025//1561 1026//1562
f 1011//1545 1026//1562 1012//1546
f 1012//1546 1026//1562 1027//1563
f 1012//1546 1027//1563 1013//1547
f 1013//1547 1027//1563 1028//1564
f 1013//1547 1028//1564 1014//1548
f 1014//1548 1028//1564 1029//1565
f 1014//1548 1029//1565 1015//1549
f 1015//1549 1029//1565 1030//1566
f 1015//1549 1030//1566 1016//1550
f 1016//1550 1030//1566 1031//1567
f 1016//1550 1031//1567 1017//1551
f 1017//1551 1031//1567 1032//1568
f 1017//1551 1032//1568 1018//1552
f 1018//1552 1032//1568 1033//1569
f 1018//1552 1033//1569 1019//1553
f 1019//1553 1033//1569 1034//1570
f 1019//1553 1034//1570 1020//1554
f 1020//1554 1034//1570 1035//1571
f 1020//1554 1035//1571 1021//1556
f 1021//1556 1035//1571 1036//1572
f 1021//1556 1036//1572 1450//1573
f 1450//1573 1036//1572 1037//1574
f 1450//1573 1442//1575 1021//1556
f 1021//1556 1442//1575 1441//1555
f 1022//1560 1038//1576 1023//1558
f 1023//1558 1038//1576 1039//1577
f 3138//1578 3134//1579 1022//1560
f 1022//1560 3134//1579 1038//1576
f 1022//1560 3141//1543 3138//1578
f 3138//1578 3141//1543 3142//1580
f 1023//1558 1039//1577 1024//1559
f 1024//1559 1039//1577 1040//1581
f 1024//1559 1040//1581 1025//1561
f 1025//1561 1040//1581 1041//1582
f 1025//1561 1041//1582 1026//1562
f 1026//1562 1041//1582 1042//1583
f 1026//1562 1042//1583 1027//1563
f 1027//1563 1042//1583 1043//1584
f 1027//1563 1043//1584 1028//1564
f 1028//1564 1043//1584 1044//1585
f 1028//1564 1044//1585 1029//1565
f 1029//1565 1044//1585 1045//1586
f 1029//1565 1045//1586 1030//1566
f 1030//1566 1045//1586 1046//1587
f 1030//1566 1046//1587 1031//1567
f 1031//1567 1046//1587 1047//1588
f 1031//1567 1047//1588 1032//1568
f 1032//1568 1047//1588 1048//1589
f 1032//1568 1048//1589 1033//1569
f 1033//1569 1048//1589 1049//1590
f 1033//1569 1049//1590 1034//1570
f 1034//1570 1049//1590 1050//1591
f 1034//1570 1050//1591 1035//1571
f 1035//1571 1050//1591 1051//1592
f 1035//1571 1051//1592 1036//1572
f 1036//1572 1051//1592 1052//1593
f 1036//1572 1052//1593 1037//1574
f 1037//1574 1052//1593 1053//1594
f 1053//1594 1054//1595 1037//1574
f 1037//1574 1054//1595 1458//1596
f 1037//1574 1458//1596 1450//1573
f 1450//1573 1458//1596 1451//1597
f 1038//1576 1056//1598 1039//1577
f 1039//1577 1056//1598 1057//1599
f 3134//1579 1055//1600 1038//1576
f 1038//1576 1055//1600 1056//1598
f 1039//1577 1057//1599 1040//1581
f 1040//1581 1057//1599 1058//1601
f 1040//1581 1058//1601 1041//1582
f 1041//1582 1058//1601 1059//1602
f 1041//1582 1059//1602 1042//1583
f 1042//1583 1059//1602 1060//1603
f 1042//1583 1060//1603 1043//1584
f 1043//1584 1060//1603 1061//1604
f 1043//1584 1061//1604 1044//1585
f 1044//1585 1061//1604 1062//1605
f 1062//1605 1063//1606 1044//1585
f 1044//1585 1063//1606 1045//1586
f 1063//1606 1064//1607 1045//1586
f 1045//1586 1064//1607 1046//1587
f 1046//1587 1064//1607 1047//1588
f 1047//1588 1064//1607 1065//1608
f 1047//1588 1065//1608 1048//1589
f 1048//1589 1065//1608 1066//1609
f 1048//1589 1066//1609 1049//1590
f 1049//1590 1066//1609 1067//1610
f 1049//1590 1067//1610 1050//1591
f 1050//1591 1067//1610 1068//1611
f 1050//1591 1068//1611 1051//1592
f 1051//1592 1068//1611 1069//1612
f 1051//1592 1069//1612 1052//1593
f 1052//1593 1069//1612 1070//1613
f 1052//1593 1070//1613 1053//1594
f 1053//1594 1070//1613 1071//1614
f 1071//1614 1072//1615 1053//1594
f 1053//1594 1072//1615 1054//1595
f 1072//1615 1073//1616 1054//1595
f 1054//1595 1073//1616 1465//1617
f 1054//1595 1465//1617 1458//1596
f 1458//1596 1465//1617 1459//1618
f 3131//1619 3127//1620 1055//1600
f 1055//1600 3127//1620 1074//1621
f 1055//1600 3134//1579 3131//1619
f 3131//1619 3134//1579 3135//1622
f 1055//1600 1074//1621 1056//1598
f 1056//1598 1074//1621 1075//1623
f 1056//1598 1075//1623 1057//1599
f 1057//1599 1075//1623 1076//1624
f 1057//1599 1076//1624 1058//1601
f 1058//1601 1076//1624 1077//1625
f 1058//1601 1077//1625 1059//1602
f 1059//1602 1077//1625 1078//1626
f 1059//1602 1078//1626 1060//1603
f 1060//1603 1078//1626 1079//1627
f 1060//1603 1079//1627 1061//1604
f 1061//1604 1079//1627 1080//1628
f 1061//1604 1080//1628 1062//1605
f 1062//1605 1080//1628 1081//1629
f 1081//1629 1082//1630 1062//1605
f 1062//1605 1082//1630 1063//1606
f 1082//1630 1083//1631 1063//1606
f 1063//1606 1083//1631 1064//1607
f 1083//1631 1084//1632 1064//1607
f 1064//1607 1084//1632 1065//1608
f 1065//1608 1084//1632 1066//1609
f 1066//1609 1084//1632 1085//1633
f 1066//1609 1085//1633 1067//1610
f 1067//1610 1085//1633 1086//1634
f 1067//1610 1086//1634 1068//1611
f 1068//1611 1086//1634 1087//1635
f 1068//1611 1087//1635 1069//1612
f 1069//1612 1087//1635 1088//1636
f 1069//1612 1088//1636 1070//1613
f 1070//1613 1088//1636 1089//1637
f 1070//1613 1089//1637 1071//1614
f 1071//1614 1089//1637 1090//1638
f 1090//1638 1091//1639 1071//1614
f 1071//1614 1091//1639 1072//1615
f 1091//1639 1092//1640 1072//1615
f 1072//1615 1092//1640 1073//1616
f 1092//1640 1093//1641 1073//1616
f 1073//1616 1093//1641 1471//1642
f 1073//1616 1471//1642 1465//1617
f 1465//1617 1471//1642 1466//1643
f 1074//1621 1094//1644 1075//1623
f 1075//1623 1094//1644 1095//1645
f 3127//1620 3122//1646 1074//1621
f 1074//1621 3122//1646 1094//1644
f 1075//1623 1095//1645 1076//1624
f 1076//1624 1095//1645 1096//1647
f 1076//1624 1096//1647 1077//1625
f 1077//1625 1096//1647 1097//1648
f 1077//1625 1097//1648 1078//1626
f 1078//1626 1097//1648 1098//1649
f 1078//1626 1098//1649 1079//1627
f 1079//1627 1098//1649 1099//1650
f 1079//1627 1099//1650 1080//1628
f 1080//1628 1099//1650 1100//1651
f 1100//1651 1101//1652 1080//1628
f 1080//1628 1101//1652 1081//1629
f 1101//1652 1102//1653 1081//1629
f 1081//1629 1102//1653 1082//1630
f 1102//1653 1103//1654 1082//1630
f 1082//1630 1103//1654 1083//1631
f 1103//1654 1104//1655 1083//1631
f 1083//1631 1104//1655 1084//1632
f 1104//1655 1105//1656 1084//1632
f 1084//1632 1105//1656 1085//1633
f 1085//1633 1105//1656 1086//1634
f 1086//1634 1105//1656 1106//1657
f 1086//1634 1106//1657 1087//1635
f 1087//1635 1106//1657 1107//1658
f 1087//1635 1107//1658 1088//1636
f 1088//1636 1107//1658 1108//1659
f 1088//1636 1108//1659 1089//1637
f 1089//1637 1108//1659 1109//1660
f 1089//1637 1109//1660 1090//1638
f 1090//1638 1109//1660 1110//1661
f 1110//1661 1111//1662 1090//1638
f 1090//1638 1111//1662 1091//1639
f 1111//1662 1112//1663 1091//1639
f 1091//1639 1112//1663 1092//1640
f 1112//1663 1113//1664 1092//1640
f 1092//1640 1113//1664 1093//1641
f 1113//1664 1114//1665 1093//1641
f 1093//1641 1114//1665 1476//1666
f 1093//1641 1476//1666 1471//1642
f 1471//1642 1476//1666 1472//1667
f 1094//1644 1117//1668 1095//1645
f 1095//1645 1117//1668 1118//1669
f 3122//1646 1116//1670 1094//1644
f 1094//1644 1116//1670 1117//1668
f 1095//1645 1118//1669 1096//1647
f 1096//1647 1118//1669 1119//1671
f 1096//1647 1119//1671 1097//1648
f 1097//1648 1119//1671 1120//1672
f 1097//1648 1120//1672 1098//1649
f 1098//1649 1120//1672 1121//1673
f 1098//1649 1121//1673 1099//1650
f 1099//1650 1121//1673 1122//1674
f 1099//1650 1122//1674 1100//1651
f 1100//1651 1122//1674 1123//1675
f 1123//1675 1124//1676 1100//1651
f 1100//1651 1124//1676 1101//1652
f 1124//1676 1125//1677 1101//1652
f 1101//1652 1125//1677 1102//1653
f 1125//1677 1126//1678 1102//1653
f 1102//1653 1126//1678 1103//1654
f 1126//1678 1127//1679 1103//1654
f 1103//1654 1127//1679 1104//1655
f 1127//1679 1128//1680 1104//1655
f 1104//1655 1128//1680 1105//1656
f 1128//1680 1129//1681 1105//1656
f 1105//1656 1129//1681 1106//1657
f 1106//1657 1129//1681 1107//1658
f 1107//1658 1129//1681 1130//1682
f 1107//1658 1130//1682 1108//1659
f 1108//1659 1130//1682 1131//1683
f 1108//1659 1131//1683 1109//1660
f 1109//1660 1131//1683 1132//1684
f 1109//1660 1132//1684 1110//1661
f 1110//1661 1132//1684 1133//1685
f 1133//1685 1134//1686 1110//1661
f 1110//1661 1134//1686 1111//1662
f 1134//1686 1135//1687 1111//1662
f 1111//1662 1135//1687 1112//1663
f 1135//1687 1136//1688 1112//1663
f 1112//1663 1136//1688 1113//1664
f 1136//1688 1137//1689 1113//1664
f 1113//1664 1137//1689 1114//1665
f 1137//1689 1138//1690 1114//1665
f 1114//1665 1138//1690 1115//1691
f 1114//1665 1115//1691 1476//1666
f 1476//1666 1115//1691 1477//1692
f 1115//1691 1480//1693 1477//1692
f 1477//1692 1480//1693 1478//1694
f 1138//1690 1139//1695 1115//1691
f 1115//1691 1139//1695 1480//1693
f 1116//1670 1140//1696 1117//1668
f 1117//1668 1140//1696 1141//1697
f 1116//1670 3118//1698 1140//1696
f 1140//1696 3118//1698 3114//1699
f 1116//1670 3122//1646 3118//1698
f 3118//1698 3122//1646 3123//1700
f 1141//1697 1142//1701 1117//1668
f 1117//1668 1142//1701 1118//1669
f 1118//1669 1142//1701 1119//1671
f 1119//1671 1142//1701 1143//1702
f 1119//1671 1143//1702 1120//1672
f 1120//1672 1143//1702 1144//1703
f 1120//1672 1144//1703 1121//1673
f 1121//1673 1144//1703 1145//1704
f 1121//1673 1145//1704 1122//1674
f 1122//1674 1145//1704 1146//1705
f 1122//1674 1146//1705 1123//1675
f 1123//1675 1146//1705 1147//1706
f 1147//1706 1148//1707 1123//1675
f 1123//1675 1148//1707 1124//1676
f 1148//1707 1149//1708 1124//1676
f 1124//1676 1149//1708 1125//1677
f 1149//1708 1150//1709 1125//1677
f 1125//1677 1150//1709 1126//1678
f 1150//1709 1151//1710 1126//1678
f 1126//1678 1151//1710 1127//1679
f 1151//1710 1152//1711 1127//1679
f 1127//1679 1152//1711 1128//1680
f 1152//1711 1153//1712 1128//1680
f 1128//1680 1153//1712 1129//1681
f 1153//1712 1154//1713 1129//1681
f 1129//1681 1154//1713 1130//1682
f 1130//1682 1154//1713 1131//1683
f 1131//1683 1154//1713 1155//1714
f 1131//1683 1155//1714 1132//1684
f 1132//1684 1155//1714 1156//1715
f 1132//1684 1156//1715 1133//1685
f 1133//1685 1156//1715 1157//1716
f 1157//1716 1158//1717 1133//1685
f 1133//1685 1158//1717 1134//1686
f 1158//1717 1159//1718 1134//1686
f 1134//1686 1159//1718 1135//1687
f 1159//1718 1160//1719 1135//1687
f 1135//1687 1160//1719 1136//1688
f 1160//1719 1161//1720 1136//1688
f 1136//1688 1161//1720 1137//1689
f 1161//1720 1162//1721 1137//1689
f 1137//1689 1162//1721 1138//1690
f 1162//1721 1163//1722 1138//1690
f 1138//1690 1163//1722 1139//1695
f 1139//1695 1483//1723 1480//1693
f 1480//1693 1483//1723 1481//1724
f 1163//1722 1164//1725 1139//1695
f 1139//1695 1164//1725 1483//1723
f 1166//1726 1167//1727 1140//1696
f 1140//1696 1167//1727 1141//1697
f 1140//1696 3114//1699 1166//1726
f 1166//1726 3114//1699 1165//1728
f 1167//1727 1168//1729 1141//1697
f 1141//1697 1168//1729 1142//1701
f 1168//1729 1169//1730 1142//1701
f 1142//1701 1169//1730 1143//1702
f 1169//1730 1170//1731 1143//1702
f 1143//1702 1170//1731 1144//1703
f 1170//1731 1171//1732 1144//1703
f 1144//1703 1171//1732 1145//1704
f 1171//1732 1172//1733 1145//1704
f 1145//1704 1172//1733 1146//1705
f 1172//1733 1173//1734 1146//1705
f 1146//1705 1173//1734 1147//1706
f 1173//1734 1174//1735 1147//1706
f 1147//1706 1174//1735 1148//1707
f 1174//1735 1175//1736 1148//1707
f 1148//1707 1175//1736 1149//1708
f 1175//1736 1176//1737 1149//1708
f 1149//1708 1176//1737 1150//1709
f 1176//1737 1177//1738 1150//1709
f 1150//1709 1177//1738 1151//1710
f 1177//1738 1178//1739 1151//1710
f 1151//1710 1178//1739 1152//1711
f 1178//1739 1179//1740 1152//1711
f 1152//1711 1179//1740 1153//1712
f 1179//1740 1180//1741 1153//1712
f 1153//1712 1180//1741 1154//1713
f 1154//1713 1180//1741 1155//1714
f 1155//1714 1180//1741 1181//1742
f 1155//1714 1181//1742 1156//1715
f 1156//1715 1181//1742 1182//1743
f 1156//1715 1182//1743 1157//1716
f 1157//1716 1182//1743 1183//1744
f 1183//1744 1184//1745 1157//1716
f 1157//1716 1184//1745 1158//1717
f 1184//1745 1185//1746 1158//1717
f 1158//1717 1185//1746 1159//1718
f 1185//1746 1186//1747 1159//1718
f 1159//1718 1186//1747 1160//1719
f 1186//1747 1187//1748 1160//1719
f 1160//1719 1187//1748 1161//1720
f 1187//1748 1188//1749 1161//1720
f 1161//1720 1188//1749 1162//1721
f 1188//1749 1189//1750 1162//1721
f 1162//1721 1189//1750 1163//1722
f 1189//1750 1190//1751 1163//1722
f 1163//1722 1190//1751 1164//1725
f 1164//1725 1485//641 1483//1723
f 1483//1723 1485//641 1484//1752
f 1190//1751 1191//638 1164//1725
f 1164//1725 1191//638 1485//641
f 1165//1728 3111//1753 1192//1754
f 1192//1754 3111//1753 3108//1755
f 3114//1699 3115//1756 1165//1728
f 1165//1728 3115//1756 3111//1753
f 1192//1754 1193//1757 1165//1728
f 1165//1728 1193//1757 1166//1726
f 1193//1757 1194//1758 1166//1726
f 1166//1726 1194//1758 1167//1727
f 1194//1758 1195//1759 1167//1727
f 1167//1727 1195//1759 1168//1729
f 1195//1759 1196//1760 1168//1729
f 1168//1729 1196//1760 1169//1730
f 1196//1760 1197//1761 1169//1730
f 1169//1730 1197//1761 1170//1731
f 1197//1761 1198//1762 1170//1731
f 1170//1731 1198//1762 1171//1732
f 1198//1762 1199//1763 1171//1732
f 1171//1732 1199//1763 1172//1733
f 1199//1763 1200//1764 1172//1733
f 1172//1733 1200//1764 1173//1734
f 1200//1764 1201//1765 1173//1734
f 1173//1734 1201//1765 1174//1735
f 1201//1765 1202//1766 1174//1735
f 1174//1735 1202//1766 1175//1736
f 1202//1766 1203//1767 1175//1736
f 1175//1736 1203//1767 1176//1737
f 1203//1767 1204//1768 1176//1737
f 1176//1737 1204//1768 1177//1738
f 1204//1768 1205//1769 1177//1738
f 1177//1738 1205//1769 1178//1739
f 1205//1769 1206//1770 1178//1739
f 1178//1739 1206//1770 1179//1740
f 1206//1770 1207//1771 1179//1740
f 1179//1740 1207//1771 1180//1741
f 1207//1771 1208//1772 1180//1741
f 1180//1741 1208//1772 1181//1742
f 1181//1742 1208//1772 1182//1743
f 1182//1743 1208//1772 1209//1773
f 1209//1773 1210//1774 1182//1743
f 1182//1743 1210//1774 1183//1744
f 1210//1774 1211//1775 1183//1744
f 1183//1744 1211//1775 1184//1745
f 1211//1775 1212//1776 1184//1745
f 1184//1745 1212//1776 1185//1746
f 1212//1776 1213//1777 1185//1746
f 1185//1746 1213//1777 1186//1747
f 1213//1777 2306//1778 1186//1747
f 1186//1747 2306//1778 1187//1748
f 2306//1778 2307//1779 1187//1748
f 1187//1748 2307//1779 1188//1749
f 2307//1779 2308//1780 1188//1749
f 1188//1749 2308//1780 1189//1750
f 2308//1780 2309//1781 1189//1750
f 1189//1750 2309//1781 1190//1751
f 2309//1781 1585//639 1190//1751
f 1190//1751 1585//639 1191//638
f 1214//1782 1215//1783 1192//1754
f 1192//1754 1215//1783 1193//1757
f 1192//1754 3108//1755 1214//1782
f 1214//1782 3108//1755 3106//1784
f 1215//1783 1216//1785 1193//1757
f 1193//1757 1216//1785 1194//1758
f 1216//1785 1217//1786 1194//1758
f 1194//1758 1217//1786 1195//1759
f 1217//1786 1218//1787 1195//1759
f 1195//1759 1218//1787 1196//1760
f 1218//1787 1219//1788 1196//1760
f 1196//1760 1219//1788 1197//1761
f 1219//1788 1220//1789 1197//1761
f 1197//1761 1220//1789 1198//1762
f 1220//1789 1221//1790 1198//1762
f 1198//1762 1221//1790 1199//1763
f 1221//1790 1222//1791 1199//1763
f 1199//1763 1222//1791 1200//1764
f 1222//1791 1223//1792 1200//1764
f 1200//1764 1223//1792 1201//1765
f 1223//1792 1224//1793 1201//1765
f 1201//1765 1224//1793 1202//1766
f 1224//1793 1225//1794 1202//1766
f 1202//1766 1225//1794 1203//1767
f 1225//1794 1226//1795 1203//1767
f 1203//1767 1226//1795 1204//1768
f 1226//1795 1227//1796 1204//1768
f 1204//1768 1227//1796 1205//1769
f 1227//1796 1228//1797 1205//1769
f 1205//1769 1228//1797 1206//1770
f 1228//1797 1229//1798 1206//1770
f 1206//1770 1229//1798 1207//1771
f 1229//1798 2310//1799 1207//1771
f 1207//1771 2310//1799 1208//1772
f 2310//1799 2311//1800 1208//1772
f 1208//1772 2311//1800 1209//1773
f 2311//1800 2312//1801 1209//1773
f 1209//1773 2312//1801 1210//1774
f 2312//1801 2313//1802 1210//1774
f 1210//1774 2313//1802 1211//1775
f 2313//1802 2314//1803 1211//1775
f 1211//1775 2314//1803 1212//1776
f 2314//1803 2315//1804 1212//1776
f 1212//1776 2315//1804 1213//1777
f 2315//1804 2316//1805 1213//1777
f 1213//1777 2316//1805 2306//1778
f 1231//1806 1232//1807 1214//1782
f 1214//1782 1232//1807 1215//1783
f 1214//1782 3106//1784 1231//1806
f 1231//1806 3106//1784 1230//1808
f 1232//1807 1233//1809 1215//1783
f 1215//1783 1233//1809 1216//1785
f 1233//1809 1234//1810 1216//1785
f 1216//1785 1234//1810 1217//1786
f 1234//1810 1235//1811 1217//1786
f 1217//1786 1235//1811 1218//1787
f 1235//1811 1236//1812 1218//1787
f 1218//1787 1236//1812 1219//1788
f 1236//1812 1237//1813 1219//1788
f 1219//1788 1237//1813 1220//1789
f 1237//1813 1238//1814 1220//1789
f 1220//1789 1238//1814 1221//1790
f 1238//1814 1239//1815 1221//1790
f 1221//1790 1239//1815 1222//1791
f 1239//1815 1240//1816 1222//1791
f 1222//1791 1240//1816 1223//1792
f 1240//1816 2319//1817 1223//1792
f 1223//1792 2319//1817 1224//1793
f 2319//1817 2320//1818 1224//1793
f 1224//1793 2320//1818 1225//1794
f 2320//1818 2321//1819 1225//1794
f 1225//1794 2321//1819 1226//1795
f 2321//1819 2322//1820 1226//1795
f 1226//1795 2322//1820 1227//1796
f 2322//1820 2323//1821 1227//1796
f 1227//1796 2323//1821 1228//1797
f 2323//1821 2324//1822 1228//1797
f 1228//1797 2324//1822 1229//1798
f 2324//1822 2325//1823 1229//1798
f 1229//1798 2325//1823 2310//1799
f 1230//1808 3105//1824 1241//1825
f 1241//1825 3105//1824 3104//1826
f 3106//1784 3107//1827 1230//1808
f 1230//1808 3107//1827 3105//1824
f 1241//1825 1242//1828 1230//1808
f 1230//1808 1242//1828 1231//1806
f 1242//1828 1243//1829 1231//1806
f 1231//1806 1243//1829 1232//1807
f 1232//1807 1243//1829 1233//1809
f 1233//1809 1243//1829 1244//1830
f 1233//1809 1244//1830 1234//1810
f 1234//1810 1244//1830 1245//1831
f 1234//1810 1245//1831 1235//1811
f 1235//1811 1245//1831 2333//1832
f 1235//1811 2333//1832 1236//1812
f 1236//1812 2333//1832 2334//1833
f 2334//1833 2335//1834 1236//1812
f 1236//1812 2335//1834 1237//1813
f 2335//1834 2336//1835 1237//1813
f 1237//1813 2336//1835 1238//1814
f 2336//1835 2337//1836 1238//1814
f 1238//1814 2337//1836 1239//1815
f 2337//1836 2338//1837 1239//1815
f 1239//1815 2338//1837 1240//1816
f 2338//1837 2339//1838 1240//1816
f 1240//1816 2339//1838 2319//1817
f 2352//562 2353//1839 1241//1825
f 1241//1825 2353//1839 1242//1828
f 1241//1825 3104//1826 2352//562
f 2352//562 3104//1826 3845//563
f 1242//1828 2353//1839 1243//1829
f 1243//1829 2353//1839 2354//1840
f 1243//1829 2354//1840 1244//1830
f 1244//1830 2354//1840 2355//1841
f 1244//1830 2355//1841 1245//1831
f 1245//1831 2355//1841 2356//1842
f 1245//1831 2356//1842 2333//1832
f 2333//1832 2356//1842 2357//1843
f 1246//192 1930//1844 1248//189
f 1248//189 1930//1844 1247//1845
f 3839//195 1312//1846 1246//192
f 1246//192 1312//1846 1930//1844
f 1933//1847 2288//1848 1247//1845
f 1247//1845 2288//1848 1249//1849
f 1930//1844 1929//1850 1247//1845
f 1247//1845 1929//1850 1933//1847
f 1247//1845 1249//1849 1248//189
f 1248//189 1249//1849 1250//186
f 1249//1849 1252//1851 1250//186
f 1250//186 1252//1851 1253//183
f 2288//1848 1251//1852 1249//1849
f 1249//1849 1251//1852 1252//1851
f 1251//1852 1254//1853 1252//1851
f 1252//1851 1254//1853 1255//1854
f 2289//1855 2291//1856 1251//1852
f 1251//1852 2291//1856 1254//1853
f 1251//1852 2288//1848 2289//1855
f 2289//1855 2288//1848 1937//1857
f 1255//1854 1256//173 1252//1851
f 1252//1851 1256//173 1253//183
f 1258//1858 1259//1859 1254//1853
f 1254//1853 1259//1859 1255//1854
f 1254//1853 2291//1856 1258//1858
f 1258//1858 2291//1856 1257//1860
f 1259//1859 1260//175 1255//1854
f 1255//1854 1260//175 1256//173
f 1262//1861 1263//1862 1257//1860
f 1257//1860 1263//1862 1258//1858
f 1257//1860 2293//1863 1262//1861
f 1262//1861 2293//1863 1261//1864
f 2291//1856 2290//1865 1257//1860
f 1257//1860 2290//1865 2293//1863
f 1263//1862 1264//1866 1258//1858
f 1258//1858 1264//1866 1259//1859
f 1264//1866 1265//180 1259//1859
f 1259//1859 1265//180 1260//175
f 1261//1864 2295//1867 1266//1868
f 1266//1868 2295//1867 2297//1869
f 2293//1863 2292//1870 1261//1864
f 1261//1864 2292//1870 2295//1867
f 1266//1868 1267//1871 1261//1864
f 1261//1864 1267//1871 1262//1861
f 1267//1871 1268//1872 1262//1861
f 1262//1861 1268//1872 1263//1862
f 1268//1872 1269//1873 1263//1862
f 1263//1862 1269//1873 1264//1866
f 1269//1873 1270//1874 1264//1866
f 1264//1866 1270//1874 1265//180
f 1270//1874 1271//219 1265//180
f 1265//180 1271//219 3747//178
f 1273//1875 1274//1876 1266//1868
f 1266//1868 1274//1876 1267//1871
f 1266//1868 2297//1869 1273//1875
f 1273//1875 2297//1869 1272//1877
f 1274//1876 1275//1878 1267//1871
f 1267//1871 1275//1878 1268//1872
f 1268//1872 1275//1878 1269//1873
f 1269//1873 1275//1878 1276//1879
f 1276//1879 1277//1880 1269//1873
f 1269//1873 1277//1880 1270//1874
f 1277//1880 1278//216 1270//1874
f 1270//1874 1278//216 1271//219
f 1272//1877 2298//1881 1279//1882
f 1279//1882 2298//1881 2287//1883
f 2297//1869 2296//1884 1272//1877
f 1272//1877 2296//1884 2298//1881
f 1279//1882 1280//1885 1272//1877
f 1272//1877 1280//1885 1273//1875
f 1280//1885 1281//1886 1273//1875
f 1273//1875 1281//1886 1274//1876
f 1274//1876 1281//1886 1275//1878
f 1275//1878 1281//1886 1282//1887
f 1275//1878 1282//1887 1276//1879
f 1276//1879 1282//1887 1283//1888
f 1283//1888 1284//1889 1276//1879
f 1276//1879 1284//1889 1277//1880
f 1284//1889 1285//213 1277//1880
f 1277//1880 1285//213 1278//216
f 1318//1890 1286//1891 1279//1882
f 1279//1882 1286//1891 1280//1885
f 1279//1882 2287//1883 1318//1890
f 1318//1890 2287//1883 2694//1892
f 1286//1891 1287//1893 1280//1885
f 1280//1885 1287//1893 1281//1886
f 1281//1886 1287//1893 1282//1887
f 1282//1887 1287//1893 1288//1894
f 1282//1887 1288//1894 1283//1888
f 1283//1888 1288//1894 1289//1895
f 1289//1895 1290//1896 1283//1888
f 1283//1888 1290//1896 1284//1889
f 1290//1896 1291//210 1284//1889
f 1284//1889 1291//210 1285//213
f 1316//1897 1319//1898 1286//1891
f 1286//1891 1319//1898 1287//1893
f 1286//1891 1318//1890 1316//1897
f 1316//1897 1318//1890 2695//1899
f 1319//1898 1292//1900 1287//1893
f 1287//1893 1292//1900 1288//1894
f 1292//1900 1293//1901 1288//1894
f 1288//1894 1293//1901 1289//1895
f 1293//1901 1294//1902 1289//1895
f 1289//1895 1294//1902 1290//1896
f 1294//1902 1295//200 1290//1896
f 1290//1896 1295//200 1291//210
f 1292//1900 1319//1898 1320//1903
f 1320//1903 1319//1898 1317//1904
f 1320//1903 1321//1905 1292//1900
f 1292//1900 1321//1905 1293//1901
f 1321//1905 1296//1906 1293//1901
f 1293//1901 1296//1906 1294//1902
f 1296//1906 1297//202 1294//1902
f 1294//1902 1297//202 1295//200
f 1296//1906 1321//1905 1349//1907
f 1349//1907 1321//1905 1347//1908
f 1349//1907 1350//207 1296//1906
f 1296//1906 1350//207 1297//202
f 3402//1909 1301//1910 1298//1911
f 1298//1911 1301//1910 1302//1912
f 1298//1911 3399//1913 3402//1909
f 3402//1909 3399//1913 3398//1914
f 1299//1915 3844//1916 1298//1911
f 1298//1911 3844//1916 3399//1913
f 1298//1911 1302//1912 1299//1915
f 1299//1915 1302//1912 1303//1917
f 1303//1917 1304//1918 1299//1915
f 1299//1915 1304//1918 1300//1919
f 1299//1915 1300//1919 3844//1916
f 3844//1916 1300//1919 3291//1920
f 3295//1921 3292//1922 1300//1919
f 1300//1919 3292//1922 3291//1920
f 1304//1918 1305//1923 1300//1919
f 1300//1919 1305//1923 3295//1921
f 1301//1910 1307//1924 1302//1912
f 1302//1912 1307//1924 1308//1925
f 3404//1926 1306//1927 1301//1910
f 1301//1910 1306//1927 1307//1924
f 1301//1910 3402//1909 3404//1926
f 3404//1926 3402//1909 3401//1928
f 1302//1912 1308//1925 1303//1917
f 1303//1917 1308//1925 1309//1929
f 1303//1917 1309//1929 1304//1918
f 1304//1918 1309//1929 1310//1930
f 1310//1930 1311//1931 1304//1918
f 1304//1918 1311//1931 1305//1923
f 1305//1923 1311//1931 3298//1932
f 3298//1932 1311//1931 1312//1846
f 3298//1932 3296//1933 1305//1923
f 1305//1923 3296//1933 3295//1921
f 1306//1927 1314//1934 1307//1924
f 1307//1924 1314//1934 1315//1935
f 3406//1936 1313//1937 1306//1927
f 1306//1927 1313//1937 1314//1934
f 1306//1927 3404//1926 3406//1936
f 3406//1936 3404//1926 3403//1938
f 1307//1924 1315//1935 1308//1925
f 1308//1925 1315//1935 3745//1939
f 1308//1925 3745//1939 1309//1929
f 1309//1929 3745//1939 3300//1940
f 1309//1929 3300//1940 1310//1930
f 1310//1930 3300//1940 3301//1941
f 3301//1941 1929//1850 1310//1930
f 1310//1930 1929//1850 1311//1931
f 1929//1850 1930//1844 1311//1931
f 1311//1931 1930//1844 1312//1846
f 3839//195 3299//1942 1312//1846
f 1312//1846 3299//1942 3298//1932
f 1313//1937 3303//1943 1314//1934
f 1314//1934 3303//1943 3304//1944
f 3407//1945 3302//9 1313//1937
f 1313//1937 3302//9 3303//1943
f 1313//1937 3406//1936 3407//1945
f 3407//1945 3406//1936 3405//1946
f 1314//1934 3304//1944 1315//1935
f 1315//1935 3304//1944 3305//1947
f 1315//1935 3305//1947 3745//1939
f 3745//1939 3305//1947 3306//1948
f 3846//1949 1317//1904 1316//1897
f 1316//1897 1317//1904 1319//1898
f 1316//1897 2695//1899 3846//1949
f 3846//1949 2695//1899 1359//1950
f 1361//1951 1362//1952 1317//1904
f 1317//1904 1362//1952 1320//1903
f 1317//1904 3846//1949 1361//1951
f 1361//1951 3846//1949 1359//1950
f 1318//1890 2694//1892 2695//1899
f 2695//1899 2694//1892 1356//1953
f 1362//1952 1347//1908 1320//1903
f 1320//1903 1347//1908 1321//1905
f 3290//1954 3294//1955 1322//789
f 1322//789 3294//1955 1323//1956
f 1322//789 3825//787 3290//1954
f 3290//1954 3825//787 3389//788
f 1322//789 1323//1956 2486//765
f 2486//765 1323//1956 2487//766
f 1323//1956 1324//1957 2487//766
f 2487//766 1324//1957 2490//1958
f 3294//1955 3297//1959 1323//1956
f 1323//1956 3297//1959 1324//1957
f 1325//1960 1326//1961 1324//1957
f 1324//1957 1326//1961 2490//1958
f 3297//1959 3299//1942 1324//1957
f 1324//1957 3299//1942 1325//1960
f 1327//198 1328//1962 1325//1960
f 1325//1960 1328//1962 1326//1961
f 3299//1942 3839//195 1325//1960
f 1325//1960 3839//195 1327//198
f 1328//1962 2501//1963 1326//1961
f 1326//1961 2501//1963 2495//1964
f 1326//1961 2495//1964 2490//1958
f 2490//1958 2495//1964 2491//1965
f 1327//198 1329//196 1328//1962
f 1328//1962 1329//196 1330//231
f 1330//231 2508//1966 1328//1962
f 1328//1962 2508//1966 2501//1963
f 1330//231 1331//229 2508//1966
f 2508//1966 1331//229 2517//1967
f 1331//229 3789//230 2517//1967
f 2517//1967 3789//230 1332//255
f 1332//255 1333//254 2528//1968
f 2528//1968 1333//254 2540//263
f 2528//1968 2518//1969 1332//255
f 1332//255 2518//1969 2517//1967
f 1334//1970 2688//1971 2279//1972
f 2279//1972 2688//1971 2280//1973
f 3359//1974 1335//1975 1334//1970
f 1334//1970 1335//1975 2688//1971
f 1334//1970 3352//1976 3359//1974
f 3359//1974 3352//1976 3358//1977
f 2279//1972 3817//1978 1334//1970
f 1334//1970 3817//1978 3352//1976
f 1335//1975 1351//1979 2688//1971
f 2688//1971 1351//1979 2689//1980
f 3365//1981 1336//1982 1335//1975
f 1335//1975 1336//1982 1351//1979
f 1335//1975 3359//1974 3365//1981
f 3365//1981 3359//1974 3364//1983
f 1337//1984 1338//1985 1336//1982
f 1336//1982 1338//1985 1352//1986
f 1336//1982 3365//1981 1337//1984
f 1337//1984 3365//1981 3370//1987
f 1336//1982 1352//1986 1351//1979
f 1351//1979 1352//1986 2690//1988
f 1337//1984 3370//1987 3374//1989
f 3374//1989 3370//1987 3373//1990
f 3374//1989 1339//1991 1337//1984
f 1337//1984 1339//1991 1338//1985
f 1338//1985 1339//1991 1354//1992
f 1354//1992 1339//1991 1340//1993
f 1354//1992 1353//1994 1338//1985
f 1338//1985 1353//1994 1352//1986
f 1339//1991 3378//1995 1340//1993
f 1340//1993 3378//1995 1341//1996
f 1339//1991 3374//1989 3378//1995
f 3378//1995 3374//1989 3377//1997
f 1340//1993 1341//1996 1357//1998
f 1357//1998 1341//1996 1342//1999
f 1357//1998 1355//2000 1340//1993
f 1340//1993 1355//2000 1354//1992
f 1341//1996 3381//2001 1342//1999
f 1342//1999 3381//2001 1343//2002
f 1341//1996 3378//1995 3381//2001
f 3381//2001 3378//1995 3380//2003
f 1342//1999 1343//2002 1360//2004
f 1360//2004 1343//2002 1344//2005
f 1360//2004 1358//2006 1342//1999
f 1342//1999 1358//2006 1357//1998
f 1345//2007 1346//2008 1343//2002
f 1343//2002 1346//2008 1344//2005
f 1343//2002 3381//2001 1345//2007
f 1345//2007 3381//2001 3383//2009
f 1344//2005 1346//2008 1362//1952
f 1362//1952 1346//2008 1347//1908
f 1362//1952 1361//1951 1344//2005
f 1344//2005 1361//1951 1360//2004
f 1345//2007 3383//2009 3384//1466
f 3384//1466 3383//2009 3156//1463
f 3384//1466 1348//2010 1345//2007
f 1345//2007 1348//2010 1346//2008
f 1348//2010 1349//1907 1346//2008
f 1346//2008 1349//1907 1347//1908
f 3385//1454 1350//207 1348//2010
f 1348//2010 1350//207 1349//1907
f 1348//2010 3384//1466 3385//1454
f 3385//1454 3384//1466 3157//1455
f 1351//1979 2690//1988 2689//1980
f 2689//1980 2690//1988 2283//2011
f 1352//1986 1353//1994 2690//1988
f 2690//1988 1353//1994 2691//2012
f 1353//1994 2693//2013 2691//2012
f 2691//2012 2693//2013 2692//2014
f 1353//1994 1354//1992 2693//2013
f 2693//2013 1354//1992 1355//2000
f 1355//2000 1357//1998 1356//1953
f 1356//1953 1357//1998 1358//2006
f 1355//2000 1356//1953 2693//2013
f 2693//2013 1356//1953 2694//1892
f 1358//2006 1359//1950 1356//1953
f 1356//1953 1359//1950 2695//1899
f 1358//2006 1360//2004 1359//1950
f 1359//1950 1360//2004 1361//1951
f 1364//209 1366//1461 1365//212
f 1365//212 1366//1461 1367//234
f 1367//234 1372//1471 1368//232
f 1368//232 1372//1471 1373//1482
f 1368//232 1373//1482 1369//233
f 1369//233 1373//1482 1374//2015
f 1369//233 1374//2015 1370//235
f 1370//235 1374//2015 1375//2016
f 1370//235 1375//2016 1371//236
f 1371//236 1375//2016 1376//2017
f 1371//236 1376//2017 3746//237
f 3746//237 1376//2017 1377//247
f 1373//1482 1382//1480 1374//2015
f 1374//2015 1382//1480 1383//1493
f 1374//2015 1383//1493 1375//2016
f 1375//2016 1383//1493 1384//2018
f 1375//2016 1384//2018 1376//2017
f 1376//2017 1384//2018 1385//2019
f 1376//2017 1385//2019 1377//247
f 1377//247 1385//2019 1386//2020
f 1377//247 1386//2020 1378//245
f 1378//245 1386//2020 1387//2021
f 1378//245 1387//2021 1379//246
f 1379//246 1387//2021 1388//2022
f 1388//2022 1389//2023 1379//246
f 1379//246 1389//2023 1380//248
f 1389//2023 1390//258 1380//248
f 1380//248 1390//258 1381//249
f 1383//1493 1395//1491 1384//2018
f 1384//2018 1395//1491 1396//1508
f 1384//2018 1396//1508 1385//2019
f 1385//2019 1396//1508 1397//2024
f 1385//2019 1397//2024 1386//2020
f 1386//2020 1397//2024 1398//2025
f 1386//2020 1398//2025 1387//2021
f 1387//2021 1398//2025 1399//2026
f 1387//2021 1399//2026 1388//2022
f 1388//2022 1399//2026 1400//2027
f 1400//2027 1401//2028 1388//2022
f 1388//2022 1401//2028 1389//2023
f 1401//2028 1402//2029 1389//2023
f 1389//2023 1402//2029 1390//258
f 1402//2029 1403//2030 1390//258
f 1390//258 1403//2030 1391//256
f 1403//2030 1404//2031 1391//256
f 1391//256 1404//2031 1392//257
f 1404//2031 1405//2032 1392//257
f 1392//257 1405//2032 1393//259
f 1393//259 1405//2032 1394//260
f 1394//260 1405//2032 1406//2033
f 1394//260 1406//2033 3836//262
f 3836//262 1406//2033 1407//2034
f 1396//1508 1408//1506 1397//2024
f 1397//2024 1408//1506 1409//1522
f 1397//2024 1409//1522 1398//2025
f 1398//2025 1409//1522 1410//2035
f 1398//2025 1410//2035 1399//2026
f 1399//2026 1410//2035 1411//2036
f 1399//2026 1411//2036 1400//2027
f 1400//2027 1411//2036 1412//2037
f 1400//2027 1412//2037 1401//2028
f 1401//2028 1412//2037 1413//2038
f 1413//2038 1414//2039 1401//2028
f 1401//2028 1414//2039 1402//2029
f 1414//2039 1415//2040 1402//2029
f 1402//2029 1415//2040 1403//2030
f 1415//2040 1416//2041 1403//2030
f 1403//2030 1416//2041 1404//2031
f 1404//2031 1416//2041 1405//2032
f 1405//2032 1416//2041 1417//2042
f 1405//2032 1417//2042 1406//2033
f 1406//2033 1417//2042 1418//2043
f 1406//2033 1418//2043 1407//2034
f 1407//2034 1418//2043 1419//2044
f 1419//2044 2556//2045 1407//2034
f 1407//2034 2556//2045 2555//2046
f 1407//2034 2555//2046 3836//262
f 3836//262 2555//2046 2554//261
f 1409//1522 1420//1520 1410//2035
f 1410//2035 1420//1520 1421//1540
f 1410//2035 1421//1540 1411//2036
f 1411//2036 1421//1540 1422//2047
f 1411//2036 1422//2047 1412//2037
f 1412//2037 1422//2047 1423//2048
f 1423//2048 1424//2049 1412//2037
f 1412//2037 1424//2049 1413//2038
f 1424//2049 1425//2050 1413//2038
f 1413//2038 1425//2050 1414//2039
f 1425//2050 1426//2051 1414//2039
f 1414//2039 1426//2051 1415//2040
f 1415//2040 1426//2051 1416//2041
f 1416//2041 1426//2051 1427//2052
f 1416//2041 1427//2052 1417//2042
f 1417//2042 1427//2052 1428//2053
f 1417//2042 1428//2053 1418//2043
f 1418//2043 1428//2053 1429//2054
f 1418//2043 1429//2054 1419//2044
f 1419//2044 1429//2054 1430//2055
f 1430//2055 2557//2056 1419//2044
f 1419//2044 2557//2056 2556//2045
f 1421//1540 1431//1538 1422//2047
f 1422//2047 1431//1538 1432//1557
f 1422//2047 1432//1557 1423//2048
f 1423//2048 1432//1557 1433//2057
f 1433//2057 1434//2058 1423//2048
f 1423//2048 1434//2058 1424//2049
f 1434//2058 1435//2059 1424//2049
f 1424//2049 1435//2059 1425//2050
f 1435//2059 1436//2060 1425//2050
f 1425//2050 1436//2060 1426//2051
f 1426//2051 1436//2060 1427//2052
f 1427//2052 1436//2060 1437//2061
f 1427//2052 1437//2061 1428//2053
f 1428//2053 1437//2061 1438//2062
f 1428//2053 1438//2062 1429//2054
f 1429//2054 1438//2062 1439//2063
f 1439//2063 1440//2064 1429//2054
f 1429//2054 1440//2064 1430//2055
f 1440//2064 2558//2065 1430//2055
f 1430//2055 2558//2065 2557//2056
f 1432//1557 1441//1555 1433//2057
f 1433//2057 1441//1555 1442//1575
f 1442//1575 1443//2066 1433//2057
f 1433//2057 1443//2066 1434//2058
f 1443//2066 1444//2067 1434//2058
f 1434//2058 1444//2067 1435//2059
f 1444//2067 1445//2068 1435//2059
f 1435//2059 1445//2068 1436//2060
f 1445//2068 1446//2069 1436//2060
f 1436//2060 1446//2069 1437//2061
f 1437//2061 1446//2069 1438//2062
f 1438//2062 1446//2069 1447//2070
f 1438//2062 1447//2070 1439//2063
f 1439//2063 1447//2070 1448//2071
f 1448//2071 1449//2072 1439//2063
f 1439//2063 1449//2072 1440//2064
f 1449//2072 2559//2073 1440//2064
f 1440//2064 2559//2073 2558//2065
f 1450//1573 1451//1597 1442//1575
f 1442//1575 1451//1597 1443//2066
f 1451//1597 1452//2074 1443//2066
f 1443//2066 1452//2074 1444//2067
f 1452//2074 1453//2075 1444//2067
f 1444//2067 1453//2075 1445//2068
f 1453//2075 1454//2076 1445//2068
f 1445//2068 1454//2076 1446//2069
f 1454//2076 1455//2077 1446//2069
f 1446//2069 1455//2077 1447//2070
f 1455//2077 1456//2078 1447//2070
f 1447//2070 1456//2078 1448//2071
f 1456//2078 1457//2079 1448//2071
f 1448//2071 1457//2079 1449//2072
f 1457//2079 2560//2080 1449//2072
f 1449//2072 2560//2080 2559//2073
f 1458//1596 1459//1618 1451//1597
f 1451//1597 1459//1618 1452//2074
f 1459//1618 1460//2081 1452//2074
f 1452//2074 1460//2081 1453//2075
f 1460//2081 1461//2082 1453//2075
f 1453//2075 1461//2082 1454//2076
f 1461//2082 1462//2083 1454//2076
f 1454//2076 1462//2083 1455//2077
f 1462//2083 1463//2084 1455//2077
f 1455//2077 1463//2084 1456//2078
f 1463//2084 1464//2085 1456//2078
f 1456//2078 1464//2085 1457//2079
f 1464//2085 2561//2086 1457//2079
f 1457//2079 2561//2086 2560//2080
f 1465//1617 1466//1643 1459//1618
f 1459//1618 1466//1643 1460//2081
f 1466//1643 1467//2087 1460//2081
f 1460//2081 1467//2087 1461//2082
f 1467//2087 1468//2088 1461//2082
f 1461//2082 1468//2088 1462//2083
f 1468//2088 1469//2089 1462//2083
f 1462//2083 1469//2089 1463//2084
f 1469//2089 1470//2090 1463//2084
f 1463//2084 1470//2090 1464//2085
f 1470//2090 2562//2091 1464//2085
f 1464//2085 2562//2091 2561//2086
f 1471//1642 1472//1667 1466//1643
f 1466//1643 1472//1667 1467//2087
f 1472//1667 1473//2092 1467//2087
f 1467//2087 1473//2092 1468//2088
f 1473//2092 1474//2093 1468//2088
f 1468//2088 1474//2093 1469//2089
f 1474//2093 1475//2094 1469//2089
f 1469//2089 1475//2094 1470//2090
f 1475//2094 2563//2095 1470//2090
f 1470//2090 2563//2095 2562//2091
f 1476//1666 1477//1692 1472//1667
f 1472//1667 1477//1692 1473//2092
f 1477//1692 1478//1694 1473//2092
f 1473//2092 1478//1694 1474//2093
f 1478//1694 1479//2096 1474//2093
f 1474//2093 1479//2096 1475//2094
f 1479//2096 2564//2097 1475//2094
f 1475//2094 2564//2097 2563//2095
f 1480//1693 1481//1724 1478//1694
f 1478//1694 1481//1724 1479//2096
f 1481//1724 1482//2098 1479//2096
f 1479//2096 1482//2098 2564//2097
f 1483//1723 1484//1752 1481//1724
f 1481//1724 1484//1752 1482//2098
f 1484//1752 2552//648 1482//2098
f 1482//2098 2552//648 2551//651
f 1482//2098 2551//651 2564//2097
f 2564//2097 2551//651 2550//2099
f 1485//641 2553//640 1484//1752
f 1484//1752 2553//640 2552//648
f 1486//2100 3208//2101 1488//2102
f 1488//2102 3208//2101 3261//2103
f 3826//2104 2886//2105 1486//2100
f 1486//2100 2886//2105 3208//2101
f 1486//2100 1487//2106 3826//2104
f 3826//2104 1487//2106 2471//2107
f 1488//2102 1489//2108 1486//2100
f 1486//2100 1489//2108 1487//2106
f 1487//2106 2469//2109 2471//2107
f 2471//2107 2469//2109 2468//2110
f 1489//2108 1490//2111 1487//2106
f 1487//2106 1490//2111 2469//2109
f 1491//2112 1492//2113 1488//2102
f 1488//2102 1492//2113 1489//2108
f 1488//2102 3261//2103 1491//2112
f 1491//2112 3261//2103 3263//2114
f 1492//2113 1493//2115 1489//2108
f 1489//2108 1493//2115 1490//2111
f 1490//2111 2464//2116 2469//2109
f 2469//2109 2464//2116 2463//2117
f 1493//2115 1494//2118 1490//2111
f 1490//2111 1494//2118 2464//2116
f 1495//2119 1496//2120 1491//2112
f 1491//2112 1496//2120 1492//2113
f 1491//2112 3263//2114 1495//2119
f 1495//2119 3263//2114 3265//2121
f 1496//2120 1497//2122 1492//2113
f 1492//2113 1497//2122 1493//2115
f 1497//2122 1498//2123 1493//2115
f 1493//2115 1498//2123 1494//2118
f 1494//2118 1498//2123 2456//2124
f 2456//2124 1498//2123 1499//2125
f 2456//2124 2455//2126 1494//2118
f 1494//2118 2455//2126 2464//2116
f 1500//2127 1501//2128 1495//2119
f 1495//2119 1501//2128 1496//2120
f 1495//2119 3265//2121 1500//2127
f 1500//2127 3265//2121 3268//2129
f 1501//2128 1502//2130 1496//2120
f 1496//2120 1502//2130 1497//2122
f 1497//2122 1502//2130 1498//2123
f 1498//2123 1502//2130 1503//2131
f 1498//2123 1503//2131 1499//2125
f 1499//2125 1503//2131 1504//2132
f 1499//2125 1504//2132 2445//2133
f 2445//2133 1504//2132 1505//2134
f 2445//2133 2444//2135 1499//2125
f 1499//2125 2444//2135 2456//2124
f 1500//2127 1506//2136 1501//2128
f 1501//2128 1506//2136 1507//2137
f 1500//2127 3268//2129 1506//2136
f 1506//2136 3268//2129 3744//2138
f 1501//2128 1507//2137 1502//2130
f 1502//2130 1507//2137 1508//2139
f 1502//2130 1508//2139 1503//2131
f 1503//2131 1508//2139 1509//2140
f 1503//2131 1509//2140 1504//2132
f 1504//2132 1509//2140 1510//2141
f 1504//2132 1510//2141 1505//2134
f 1505//2134 1510//2141 1511//2142
f 1505//2134 1511//2142 2432//2143
f 2432//2143 1511//2142 1512//2144
f 2432//2143 2431//2145 1505//2134
f 1505//2134 2431//2145 2445//2133
f 1506//2136 1514//2146 1507//2137
f 1507//2137 1514//2146 1515//2147
f 3744//2138 1513//2148 1506//2136
f 1506//2136 1513//2148 1514//2146
f 1507//2137 1515//2147 1508//2139
f 1508//2139 1515//2147 1516//2149
f 1508//2139 1516//2149 1509//2140
f 1509//2140 1516//2149 1517//2150
f 1509//2140 1517//2150 1510//2141
f 1510//2141 1517//2150 1518//2151
f 1510//2141 1518//2151 1511//2142
f 1511//2142 1518//2151 1519//2152
f 1511//2142 1519//2152 1512//2144
f 1512//2144 1519//2152 1520//2153
f 1512//2144 1520//2153 2416//2154
f 2416//2154 1520//2153 1521//2155
f 2416//2154 2415//2156 1512//2144
f 1512//2144 2415//2156 2432//2143
f 3275//2157 3279//2158 1513//2148
f 1513//2148 3279//2158 1522//2159
f 1513//2148 3744//2138 3275//2157
f 3275//2157 3744//2138 3271//2160
f 1513//2148 1522//2159 1514//2146
f 1514//2146 1522//2159 1523//2161
f 1514//2146 1523//2161 1515//2147
f 1515//2147 1523//2161 1524//2162
f 1515//2147 1524//2162 1516//2149
f 1516//2149 1524//2162 1525//2163
f 1516//2149 1525//2163 1517//2150
f 1517//2150 1525//2163 1526//2164
f 1517//2150 1526//2164 1518//2151
f 1518//2151 1526//2164 1527//2165
f 1518//2151 1527//2165 1519//2152
f 1519//2152 1527//2165 1528//2166
f 1519//2152 1528//2166 1520//2153
f 1520//2153 1528//2166 1529//2167
f 1520//2153 1529//2167 1521//2155
f 1521//2155 1529//2167 1530//2168
f 1521//2155 1530//2168 2397//2169
f 2397//2169 1530//2168 1531//2170
f 2397//2169 2396//2171 1521//2155
f 1521//2155 2396//2171 2416//2154
f 1522//2159 1532//2172 1523//2161
f 1523//2161 1532//2172 1533//2173
f 3279//2158 3282//2174 1522//2159
f 1522//2159 3282//2174 1532//2172
f 1523//2161 1533//2173 1524//2162
f 1524//2162 1533//2173 1534//2175
f 1524//2162 1534//2175 1525//2163
f 1525//2163 1534//2175 1535//2176
f 1525//2163 1535//2176 1526//2164
f 1526//2164 1535//2176 1536//2177
f 1526//2164 1536//2177 1527//2165
f 1527//2165 1536//2177 1537//2178
f 1527//2165 1537//2178 1528//2166
f 1528//2166 1537//2178 1538//2179
f 1528//2166 1538//2179 1529//2167
f 1529//2167 1538//2179 1539//2180
f 1529//2167 1539//2180 1530//2168
f 1530//2168 1539//2180 1540//2181
f 1530//2168 1540//2181 1531//2170
f 1531//2170 1540//2181 1541//2182
f 1531//2170 1541//2182 2375//2183
f 2375//2183 1541//2182 1542//2184
f 2375//2183 2374//2185 1531//2170
f 1531//2170 2374//2185 2397//2169
f 1532//2172 1544//2186 1533//2173
f 1533//2173 1544//2186 1545//2187
f 3282//2174 3284//2188 1532//2172
f 1532//2172 3284//2188 1544//2186
f 1533//2173 1545//2187 1534//2175
f 1534//2175 1545//2187 1546//2189
f 1534//2175 1546//2189 1535//2176
f 1535//2176 1546//2189 1547//2190
f 1535//2176 1547//2190 1536//2177
f 1536//2177 1547//2190 1548//2191
f 1536//2177 1548//2191 1537//2178
f 1537//2178 1548//2191 1549//2192
f 1537//2178 1549//2192 1538//2179
f 1538//2179 1549//2192 1550//2193
f 1538//2179 1550//2193 1539//2180
f 1539//2180 1550//2193 1551//2194
f 1539//2180 1551//2194 1540//2181
f 1540//2181 1551//2194 1552//2195
f 1540//2181 1552//2195 1541//2182
f 1541//2182 1552//2195 1553//2196
f 1553//2196 1554//2197 1541//2182
f 1541//2182 1554//2197 1542//2184
f 1554//2197 1555//2198 1542//2184
f 1542//2184 1555//2198 1543//2199
f 1543//2199 2351//2200 1542//2184
f 1542//2184 2351//2200 2375//2183
f 2332//2201 2331//2202 1543//2199
f 1543//2199 2331//2202 2351//2200
f 1543//2199 1555//2198 2332//2201
f 2332//2201 1555//2198 1556//2203
f 1544//2186 1557//2204 1545//2187
f 1545//2187 1557//2204 1558//2205
f 3284//2188 3285//2206 1544//2186
f 1544//2186 3285//2206 1557//2204
f 1545//2187 1558//2205 1546//2189
f 1546//2189 1558//2205 1559//2207
f 1546//2189 1559//2207 1547//2190
f 1547//2190 1559//2207 1560//2208
f 1547//2190 1560//2208 1548//2191
f 1548//2191 1560//2208 1561//2209
f 1548//2191 1561//2209 1549//2192
f 1549//2192 1561//2209 1562//2210
f 1549//2192 1562//2210 1550//2193
f 1550//2193 1562//2210 1563//2211
f 1550//2193 1563//2211 1551//2194
f 1551//2194 1563//2211 1564//2212
f 1551//2194 1564//2212 1552//2195
f 1552//2195 1564//2212 1565//2213
f 1565//2213 1566//2214 1552//2195
f 1552//2195 1566//2214 1553//2196
f 1566//2214 1567//2215 1553//2196
f 1553//2196 1567//2215 1554//2197
f 1567//2215 1568//2216 1554//2197
f 1554//2197 1568//2216 1555//2198
f 1568//2216 1569//2217 1555//2198
f 1555//2198 1569//2217 1556//2203
f 2318//2218 2317//2219 1556//2203
f 1556//2203 2317//2219 2332//2201
f 1569//2217 1570//2220 1556//2203
f 1556//2203 1570//2220 2318//2218
f 1557//2204 1571//2221 1558//2205
f 1558//2205 1571//2221 1572//2222
f 3285//2206 3832//2223 1557//2204
f 1557//2204 3832//2223 1571//2221
f 1558//2205 1572//2222 1559//2207
f 1559//2207 1572//2222 1573//2224
f 1559//2207 1573//2224 1560//2208
f 1560//2208 1573//2224 1574//2225
f 1560//2208 1574//2225 1561//2209
f 1561//2209 1574//2225 1575//2226
f 1561//2209 1575//2226 1562//2210
f 1562//2210 1575//2226 1576//2227
f 1562//2210 1576//2227 1563//2211
f 1563//2211 1576//2227 1577//2228
f 1563//2211 1577//2228 1564//2212
f 1564//2212 1577//2228 1578//2229
f 1564//2212 1578//2229 1565//2213
f 1565//2213 1578//2229 1579//2230
f 1579//2230 1580//2231 1565//2213
f 1565//2213 1580//2231 1566//2214
f 1580//2231 1581//2232 1566//2214
f 1566//2214 1581//2232 1567//2215
f 1581//2232 1582//2233 1567//2215
f 1567//2215 1582//2233 1568//2216
f 1582//2233 1583//2234 1568//2216
f 1568//2216 1583//2234 1569//2217
f 1583//2234 1584//2235 1569//2217
f 1569//2217 1584//2235 1570//2220
f 2309//1781 2308//1780 1570//2220
f 1570//2220 2308//1780 2318//2218
f 1584//2235 1585//639 1570//2220
f 1570//2220 1585//639 2309//1781
f 1571//2221 2134//2236 1572//2222
f 1572//2222 2134//2236 2135//2237
f 1571//2221 3832//2223 2134//2236
f 2134//2236 3832//2223 2773//2238
f 1572//2222 2135//2237 1573//2224
f 1573//2224 2135//2237 2136//2239
f 1573//2224 2136//2239 1574//2225
f 1574//2225 2136//2239 2137//2240
f 1574//2225 2137//2240 1575//2226
f 1575//2226 2137//2240 2138//2241
f 1575//2226 2138//2241 1576//2227
f 1576//2227 2138//2241 2139//2242
f 1576//2227 2139//2242 1577//2228
f 1577//2228 2139//2242 2140//2243
f 1577//2228 2140//2243 1578//2229
f 1578//2229 2140//2243 2141//2244
f 1578//2229 2141//2244 1579//2230
f 1579//2230 2141//2244 2142//2245
f 2142//2245 2143//2246 1579//2230
f 1579//2230 2143//2246 1580//2231
f 2143//2246 2144//2247 1580//2231
f 1580//2231 2144//2247 1581//2232
f 2144//2247 2145//2248 1581//2232
f 1581//2232 2145//2248 1582//2233
f 2145//2248 2146//2249 1582//2233
f 1582//2233 2146//2249 1583//2234
f 2146//2249 2147//2250 1583//2234
f 1583//2234 2147//2250 1584//2235
f 2147//2250 2148//635 1584//2235
f 1584//2235 2148//635 1585//639
f 1586//2251 3050//2252 3049//2253
f 3049//2253 3050//2252 3051//2254
f 1587//2255 1588//2256 1586//2251
f 1586//2251 1588//2256 3050//2252
f 3761//2257 3760//2258 1586//2251
f 1586//2251 3760//2258 1587//2255
f 3049//2253 3819//2259 1586//2251
f 1586//2251 3819//2259 3761//2257
f 1587//2255 1589//2260 1588//2256
f 1588//2256 1589//2260 1590//2261
f 3760//2258 3759//2262 1587//2255
f 1587//2255 3759//2262 1589//2260
f 1588//2256 1590//2261 3052//2263
f 3052//2263 1590//2261 1591//2264
f 1588//2256 3052//2263 3050//2252
f 3050//2252 3052//2263 3053//2265
f 1589//2260 1592//2266 1590//2261
f 1590//2261 1592//2266 1593//2267
f 3759//2262 3758//2268 1589//2260
f 1589//2260 3758//2268 1592//2266
f 1590//2261 1593//2267 1591//2264
f 1591//2264 1593//2267 1594//2269
f 1591//2264 1594//2269 3055//2270
f 3055//2270 1594//2269 1595//2271
f 3055//2270 3056//2272 1591//2264
f 1591//2264 3056//2272 3052//2263
f 1592//2266 1597//2273 1593//2267
f 1593//2267 1597//2273 1598//2274
f 3758//2268 3757//2275 1592//2266
f 1592//2266 3757//2275 1597//2273
f 1593//2267 1598//2274 1594//2269
f 1594//2269 1598//2274 1599//2276
f 1594//2269 1599//2276 1595//2271
f 1595//2271 1599//2276 1600//2277
f 1595//2271 1600//2277 1596//2278
f 1596//2278 1600//2277 1601//2279
f 1596//2278 3059//2280 1595//2271
f 1595//2271 3059//2280 3055//2270
f 3063//2281 3064//2282 1596//2278
f 1596//2278 3064//2282 3059//2280
f 1596//2278 1601//2279 3063//2281
f 3063//2281 1601//2279 1602//2283
f 1597//2273 1603//368 1598//2274
f 1598//2274 1603//368 1604//364
f 3757//2275 3824//2284 1597//2273
f 1597//2273 3824//2284 1603//368
f 1598//2274 1604//364 1599//2276
f 1599//2276 1604//364 1605//359
f 1599//2276 1605//359 1600//2277
f 1600//2277 1605//359 1606//354
f 1600//2277 1606//354 1601//2279
f 1601//2279 1606//354 1607//347
f 1601//2279 1607//347 1602//2283
f 1602//2283 1607//347 1608//340
f 1602//2283 1608//340 3068//2285
f 3068//2285 1608//340 1609//331
f 3068//2285 3069//2286 1602//2283
f 1602//2283 3069//2286 3063//2281
f 3824//2284 3615//2287 1603//368
f 1603//368 3615//2287 3461//366
f 3074//330 3075//2288 1609//331
f 1609//331 3075//2288 3068//2285
f 1613//2289 1614//2290 1610//2291
f 1610//2291 1614//2290 1611//2292
f 1610//2291 2901//2293 1613//2289
f 1613//2289 2901//2293 1612//2294
f 1610//2291 3835//311 2901//2293
f 2901//2293 3835//311 2900//309
f 1610//2291 1611//2292 3835//311
f 3835//311 1611//2292 3810//310
f 1614//2290 1615//2295 1611//2292
f 1611//2292 1615//2295 3497//885
f 1611//2292 3497//885 3810//310
f 3810//310 3497//885 3310//884
f 1618//2296 1619//2297 1612//2294
f 1612//2294 1619//2297 1613//2289
f 1612//2294 2904//2298 1618//2296
f 1618//2296 2904//2298 1617//2299
f 1612//2294 2901//2293 2904//2298
f 2904//2298 2901//2293 2903//2300
f 1619//2297 1620//1201 1613//2289
f 1613//2289 1620//1201 1614//2290
f 1620//1201 1621//1200 1614//2290
f 1614//2290 1621//1200 1615//2295
f 1621//1200 1622//1194 1615//2295
f 1615//2295 1622//1194 1616//894
f 1615//2295 1616//894 3497//885
f 3497//885 1616//894 3311//882
f 1624//2301 1625//2302 1617//2299
f 1617//2299 1625//2302 1618//2296
f 1617//2299 2908//2303 1624//2301
f 1624//2301 2908//2303 1623//2304
f 1617//2299 2904//2298 2908//2303
f 2908//2303 2904//2298 2907//2305
f 1625//2302 1626//1208 1618//2296
f 1618//2296 1626//1208 1619//2297
f 1626//1208 1627//1197 1619//2297
f 1619//2297 1627//1197 1620//1201
f 1629//2306 1630//1216 1623//2304
f 1623//2304 1630//1216 1624//2301
f 1623//2304 2913//2307 1629//2306
f 1629//2306 2913//2307 1628//2308
f 2908//2303 2912//2309 1623//2304
f 1623//2304 2912//2309 2913//2307
f 1630//1216 1631//1215 1624//2301
f 1624//2301 1631//1215 1625//2302
f 1631//1215 1632//1206 1625//2302
f 1625//2302 1632//1206 1626//1208
f 1634//1223 1635//1222 1628//2308
f 1628//2308 1635//1222 1629//2306
f 1628//2308 2919//2310 1634//1223
f 1634//1223 2919//2310 1633//2311
f 2913//2307 2918//2312 1628//2308
f 1628//2308 2918//2312 2919//2310
f 1635//1222 1636//1213 1629//2306
f 1629//2306 1636//1213 1630//1216
f 1638//1230 1639//1219 1633//2311
f 1633//2311 1639//1219 1634//1223
f 1633//2311 2926//2313 1638//1230
f 1638//1230 2926//2313 1637//2314
f 2919//2310 2925//2315 1633//2311
f 1633//2311 2925//2315 2926//2313
f 1641//1236 1642//1228 1637//2314
f 1637//2314 1642//1228 1638//1230
f 1637//2314 2934//2316 1641//1236
f 1641//1236 2934//2316 1640//1237
f 2926//2313 2933//2317 1637//2314
f 1637//2314 2933//2317 2934//2316
f 1640//1237 2943//2318 1644//1234
f 1644//1234 2943//2318 1643//1243
f 2934//2316 2942//2319 1640//1237
f 1640//1237 2942//2319 2943//2318
f 1643//1243 2943//2318 2953//1244
f 2953//1244 2943//2318 2952//2320
f 1645//1241 2953//1244 1840//1279
f 1840//1279 2953//1244 1839//2321
f 1646//1015 1648//1031 2573//1189
f 2573//1189 1648//1031 2623//2322
f 1647//1030 1650//1043 1648//1031
f 1648//1031 1650//1043 1651//2323
f 1648//1031 1651//2323 2623//2322
f 2623//2322 1651//2323 2624//2324
f 1649//1042 1653//1057 1650//1043
f 1650//1043 1653//1057 1654//2325
f 1650//1043 1654//2325 1651//2323
f 1651//2323 1654//2325 1655//2326
f 1651//2323 1655//2326 2624//2324
f 2624//2324 1655//2326 2625//2327
f 1652//1056 1657//1068 1653//1057
f 1653//1057 1657//1068 1658//2328
f 1653//1057 1658//2328 1654//2325
f 1654//2325 1658//2328 1659//2329
f 1654//2325 1659//2329 1655//2326
f 1655//2326 1659//2329 2638//2330
f 1655//2326 2638//2330 2625//2327
f 2625//2327 2638//2330 2626//2331
f 1656//1067 1661//1078 1657//1068
f 1657//1068 1661//1078 1662//2332
f 1657//1068 1662//2332 1658//2328
f 1658//2328 1662//2332 1663//2333
f 1658//2328 1663//2333 1659//2329
f 1659//2329 1663//2333 1664//2334
f 1659//2329 1664//2334 2638//2330
f 2638//2330 1664//2334 2639//2335
f 1660//1077 1666//1090 1661//1078
f 1661//1078 1666//1090 1667//2336
f 1661//1078 1667//2336 1662//2332
f 1662//2332 1667//2336 1668//2337
f 1662//2332 1668//2337 1663//2333
f 1663//2333 1668//2337 1669//2338
f 1663//2333 1669//2338 1664//2334
f 1664//2334 1669//2338 1670//2339
f 1664//2334 1670//2339 2639//2335
f 2639//2335 1670//2339 2640//2340
f 1665//1089 1672//1099 1666//1090
f 1666//1090 1672//1099 1673//2341
f 1666//1090 1673//2341 1667//2336
f 1667//2336 1673//2341 1674//2342
f 1667//2336 1674//2342 1668//2337
f 1668//2337 1674//2342 1675//2343
f 1668//2337 1675//2343 1669//2338
f 1669//2338 1675//2343 1676//2344
f 1669//2338 1676//2344 1670//2339
f 1670//2339 1676//2344 1677//2345
f 1670//2339 1677//2345 2640//2340
f 2640//2340 1677//2345 2641//2346
f 1679//1110 1680//2347 1671//1098
f 1671//1098 1680//2347 1672//1099
f 1680//2347 1681//2348 1672//1099
f 1672//1099 1681//2348 1673//2341
f 1681//2348 1682//2349 1673//2341
f 1673//2341 1682//2349 1674//2342
f 1682//2349 1683//2350 1674//2342
f 1674//2342 1683//2350 1675//2343
f 1683//2350 1684//2351 1675//2343
f 1675//2343 1684//2351 1676//2344
f 1684//2351 1685//2352 1676//2344
f 1676//2344 1685//2352 1677//2345
f 1685//2352 2642//2353 1677//2345
f 1677//2345 2642//2353 2641//2346
f 1687//1118 1688//2354 1678//1109
f 1678//1109 1688//2354 1679//1110
f 1688//2354 1689//2355 1679//1110
f 1679//1110 1689//2355 1680//2347
f 1689//2355 1690//2356 1680//2347
f 1680//2347 1690//2356 1681//2348
f 1690//2356 1691//2357 1681//2348
f 1681//2348 1691//2357 1682//2349
f 1691//2357 1692//2358 1682//2349
f 1682//2349 1692//2358 1683//2350
f 1692//2358 1693//2359 1683//2350
f 1683//2350 1693//2359 1684//2351
f 1693//2359 1694//2360 1684//2351
f 1684//2351 1694//2360 1685//2352
f 1694//2360 2643//2361 1685//2352
f 1685//2352 2643//2361 2642//2353
f 1696//1125 1697//2362 1686//1117
f 1686//1117 1697//2362 1687//1118
f 1697//2362 1698//2363 1687//1118
f 1687//1118 1698//2363 1688//2354
f 1698//2363 1699//2364 1688//2354
f 1688//2354 1699//2364 1689//2355
f 1699//2364 1700//2365 1689//2355
f 1689//2355 1700//2365 1690//2356
f 1700//2365 1701//2366 1690//2356
f 1690//2356 1701//2366 1691//2357
f 1701//2366 1702//2367 1691//2357
f 1691//2357 1702//2367 1692//2358
f 1702//2367 1703//2368 1692//2358
f 1692//2358 1703//2368 1693//2359
f 1703//2368 1704//2369 1693//2359
f 1693//2359 1704//2369 1694//2360
f 1704//2369 2644//2370 1694//2360
f 1694//2360 2644//2370 2643//2361
f 1706//1134 1707//2371 1695//1124
f 1695//1124 1707//2371 1696//1125
f 1707//2371 1708//2372 1696//1125
f 1696//1125 1708//2372 1697//2362
f 1708//2372 1709//2373 1697//2362
f 1697//2362 1709//2373 1698//2363
f 1709//2373 1710//2374 1698//2363
f 1698//2363 1710//2374 1699//2364
f 1710//2374 1711//2375 1699//2364
f 1699//2364 1711//2375 1700//2365
f 1711//2375 1712//2376 1700//2365
f 1700//2365 1712//2376 1701//2366
f 1712//2376 1713//2377 1701//2366
f 1701//2366 1713//2377 1702//2367
f 1713//2377 1714//2378 1702//2367
f 1702//2367 1714//2378 1703//2368
f 1714//2378 1715//2379 1703//2368
f 1703//2368 1715//2379 1704//2369
f 1715//2379 2645//2380 1704//2369
f 1704//2369 2645//2380 2644//2370
f 1717//1140 1718//2381 1705//1133
f 1705//1133 1718//2381 1706//1134
f 1718//2381 1719//2382 1706//1134
f 1706//1134 1719//2382 1707//2371
f 1719//2382 1720//2383 1707//2371
f 1707//2371 1720//2383 1708//2372
f 1720//2383 1721//2384 1708//2372
f 1708//2372 1721//2384 1709//2373
f 1721//2384 1722//2385 1709//2373
f 1709//2373 1722//2385 1710//2374
f 1722//2385 1723//2386 1710//2374
f 1710//2374 1723//2386 1711//2375
f 1723//2386 1724//2387 1711//2375
f 1711//2375 1724//2387 1712//2376
f 1724//2387 1725//2388 1712//2376
f 1712//2376 1725//2388 1713//2377
f 1725//2388 1726//2389 1713//2377
f 1713//2377 1726//2389 1714//2378
f 1726//2389 2652//2390 1714//2378
f 1714//2378 2652//2390 1715//2379
f 2652//2390 2646//2391 1715//2379
f 1715//2379 2646//2391 2645//2380
f 1728//1148 1729//2392 1716//1139
f 1716//1139 1729//2392 1717//1140
f 1729//2392 1730//2393 1717//1140
f 1717//1140 1730//2393 1718//2381
f 1730//2393 1731//2394 1718//2381
f 1718//2381 1731//2394 1719//2382
f 1731//2394 1732//2395 1719//2382
f 1719//2382 1732//2395 1720//2383
f 1732//2395 1733//2396 1720//2383
f 1720//2383 1733//2396 1721//2384
f 1733//2396 1734//2397 1721//2384
f 1721//2384 1734//2397 1722//2385
f 1734//2397 1735//2398 1722//2385
f 1722//2385 1735//2398 1723//2386
f 1735//2398 1736//2399 1723//2386
f 1723//2386 1736//2399 1724//2387
f 1736//2399 1737//2400 1724//2387
f 1724//2387 1737//2400 1725//2388
f 1737//2400 1738//2401 1725//2388
f 1725//2388 1738//2401 1726//2389
f 1738//2401 2653//2402 1726//2389
f 1726//2389 2653//2402 2652//2390
f 1740//1153 1741//2403 1727//1147
f 1727//1147 1741//2403 1728//1148
f 1741//2403 1742//2404 1728//1148
f 1728//1148 1742//2404 1729//2392
f 1742//2404 1743//2405 1729//2392
f 1729//2392 1743//2405 1730//2393
f 1743//2405 1744//2406 1730//2393
f 1730//2393 1744//2406 1731//2394
f 1744//2406 1745//2407 1731//2394
f 1731//2394 1745//2407 1732//2395
f 1745//2407 1746//2408 1732//2395
f 1732//2395 1746//2408 1733//2396
f 1746//2408 1747//2409 1733//2396
f 1733//2396 1747//2409 1734//2397
f 1747//2409 1748//2410 1734//2397
f 1734//2397 1748//2410 1735//2398
f 1735//2398 1748//2410 1736//2399
f 1736//2399 1748//2410 1749//2411
f 1749//2411 1750//2412 1736//2399
f 1736//2399 1750//2412 1737//2400
f 1750//2412 1751//2413 1737//2400
f 1737//2400 1751//2413 1738//2401
f 1751//2413 2654//2414 1738//2401
f 1738//2401 2654//2414 2653//2402
f 1753//1157 1754//2415 1739//1152
f 1739//1152 1754//2415 1740//1153
f 1754//2415 1755//2416 1740//1153
f 1740//1153 1755//2416 1741//2403
f 1755//2416 1756//2417 1741//2403
f 1741//2403 1756//2417 1742//2404
f 1756//2417 1757//2418 1742//2404
f 1742//2404 1757//2418 1743//2405
f 1757//2418 1758//2419 1743//2405
f 1743//2405 1758//2419 1744//2406
f 1758//2419 1759//2420 1744//2406
f 1744//2406 1759//2420 1745//2407
f 1759//2420 1760//2421 1745//2407
f 1745//2407 1760//2421 1746//2408
f 1760//2421 1761//2422 1746//2408
f 1746//2408 1761//2422 1747//2409
f 1761//2422 1762//2423 1747//2409
f 1747//2409 1762//2423 1748//2410
f 1748//2410 1762//2423 1749//2411
f 1749//2411 1762//2423 1763//2424
f 1763//2424 1764//2425 1749//2411
f 1749//2411 1764//2425 1750//2412
f 1764//2425 1765//2426 1750//2412
f 1750//2412 1765//2426 1751//2413
f 1765//2426 2655//2427 1751//2413
f 1751//2413 2655//2427 2654//2414
f 1767//1163 1768//2428 1752//1155
f 1752//1155 1768//2428 1753//1157
f 1768//2428 1769//2429 1753//1157
f 1753//1157 1769//2429 1754//2415
f 1769//2429 1770//2430 1754//2415
f 1754//2415 1770//2430 1755//2416
f 1770//2430 1771//2431 1755//2416
f 1755//2416 1771//2431 1756//2417
f 1771//2431 1772//2432 1756//2417
f 1756//2417 1772//2432 1757//2418
f 1772//2432 1773//2433 1757//2418
f 1757//2418 1773//2433 1758//2419
f 1773//2433 1774//2434 1758//2419
f 1758//2419 1774//2434 1759//2420
f 1774//2434 1775//2435 1759//2420
f 1759//2420 1775//2435 1760//2421
f 1775//2435 1776//2436 1760//2421
f 1760//2421 1776//2436 1761//2422
f 1761//2422 1776//2436 1762//2423
f 1762//2423 1776//2436 1777//2437
f 1762//2423 1777//2437 1763//2424
f 1763//2424 1777//2437 1778//2438
f 1763//2424 1778//2438 1764//2425
f 1764//2425 1778//2438 1779//2439
f 1779//2439 1780//2440 1764//2425
f 1764//2425 1780//2440 1765//2426
f 1780//2440 2656//2441 1765//2426
f 1765//2426 2656//2441 2655//2427
f 1782//1165 1783//2442 1766//1159
f 1766//1159 1783//2442 1767//1163
f 1783//2442 1784//2443 1767//1163
f 1767//1163 1784//2443 1768//2428
f 1784//2443 1785//2444 1768//2428
f 1768//2428 1785//2444 1769//2429
f 1785//2444 1786//2445 1769//2429
f 1769//2429 1786//2445 1770//2430
f 1786//2445 1787//2446 1770//2430
f 1770//2430 1787//2446 1771//2431
f 1787//2446 1788//2447 1771//2431
f 1771//2431 1788//2447 1772//2432
f 1788//2447 1789//2448 1772//2432
f 1772//2432 1789//2448 1773//2433
f 1789//2448 1790//2449 1773//2433
f 1773//2433 1790//2449 1774//2434
f 1790//2449 1791//2450 1774//2434
f 1774//2434 1791//2450 1775//2435
f 1791//2450 1792//2451 1775//2435
f 1775//2435 1792//2451 1776//2436
f 1776//2436 1792//2451 1777//2437
f 1777//2437 1792//2451 1793//2452
f 1777//2437 1793//2452 1778//2438
f 1778//2438 1793//2452 1794//2453
f 1778//2438 1794//2453 1779//2439
f 1779//2439 1794//2453 1795//2454
f 1795//2454 1796//2455 1779//2439
f 1779//2439 1796//2455 1780//2440
f 1796//2455 2657//2456 1780//2440
f 1780//2440 2657//2456 2656//2441
f 1798//1170 1799//2457 1781//1164
f 1781//1164 1799//2457 1782//1165
f 1799//2457 1800//2458 1782//1165
f 1782//1165 1800//2458 1783//2442
f 1800//2458 1801//2459 1783//2442
f 1783//2442 1801//2459 1784//2443
f 1801//2459 1802//2460 1784//2443
f 1784//2443 1802//2460 1785//2444
f 1802//2460 1803//2461 1785//2444
f 1785//2444 1803//2461 1786//2445
f 1803//2461 1804//2462 1786//2445
f 1786//2445 1804//2462 1787//2446
f 1804//2462 1805//2463 1787//2446
f 1787//2446 1805//2463 1788//2447
f 1805//2463 1806//2464 1788//2447
f 1788//2447 1806//2464 1789//2448
f 1806//2464 1807//2465 1789//2448
f 1789//2448 1807//2465 1790//2449
f 1807//2465 1808//2466 1790//2449
f 1790//2449 1808//2466 1791//2450
f 1791//2450 1808//2466 1792//2451
f 1792//2451 1808//2466 1809//2467
f 1792//2451 1809//2467 1793//2452
f 1793//2452 1809//2467 1810//2468
f 1793//2452 1810//2468 1794//2453
f 1794//2453 1810//2468 1811//2469
f 1794//2453 1811//2469 1795//2454
f 1795//2454 1811//2469 1812//2470
f 1795//2454 1812//2470 1796//2455
f 1796//2455 1812//2470 1813//2471
f 1813//2471 2658//2472 1796//2455
f 1796//2455 2658//2472 2657//2456
f 1814//1384 1815//2473 1797//1168
f 1797//1168 1815//2473 1798//1170
f 1815//2473 1816//2474 1798//1170
f 1798//1170 1816//2474 1799//2457
f 1816//2474 1817//2475 1799//2457
f 1799//2457 1817//2475 1800//2458
f 1817//2475 1818//2476 1800//2458
f 1800//2458 1818//2476 1801//2459
f 1818//2476 1819//2477 1801//2459
f 1801//2459 1819//2477 1802//2460
f 1819//2477 1820//2478 1802//2460
f 1802//2460 1820//2478 1803//2461
f 1820//2478 1821//2479 1803//2461
f 1803//2461 1821//2479 1804//2462
f 1821//2479 1822//2480 1804//2462
f 1804//2462 1822//2480 1805//2463
f 1822//2480 1823//2481 1805//2463
f 1805//2463 1823//2481 1806//2464
f 1823//2481 1824//2482 1806//2464
f 1806//2464 1824//2482 1807//2465
f 1824//2482 1825//2483 1807//2465
f 1807//2465 1825//2483 1808//2466
f 1808//2466 1825//2483 1809//2467
f 1809//2467 1825//2483 1826//2484
f 1809//2467 1826//2484 1810//2468
f 1810//2468 1826//2484 1827//2485
f 1810//2468 1827//2485 1811//2469
f 1811//2469 1827//2485 1828//2486
f 1811//2469 1828//2486 1812//2470
f 1812//2470 1828//2486 1829//2487
f 1812//2470 1829//2487 1813//2471
f 1813//2471 1829//2487 1830//2488
f 1830//2488 2132//2489 1813//2471
f 1813//2471 2132//2489 2658//2472
f 3217//2490 3218//2491 1814//1384
f 1814//1384 3218//2491 1815//2473
f 1814//1384 3845//563 3217//2490
f 3217//2490 3845//563 3104//1826
f 3218//2491 2990//2492 1815//2473
f 1815//2473 2990//2492 1816//2474
f 2990//2492 2991//2493 1816//2474
f 1816//2474 2991//2493 1817//2475
f 2991//2493 2992//2494 1817//2475
f 1817//2475 2992//2494 1818//2476
f 2992//2494 2993//2495 1818//2476
f 1818//2476 2993//2495 1819//2477
f 2993//2495 2994//2496 1819//2477
f 1819//2477 2994//2496 1820//2478
f 2994//2496 2995//2497 1820//2478
f 1820//2478 2995//2497 1821//2479
f 2995//2497 2996//2498 1821//2479
f 1821//2479 2996//2498 1822//2480
f 2996//2498 2997//2499 1822//2480
f 1822//2480 2997//2499 1823//2481
f 2997//2499 2998//2500 1823//2481
f 1823//2481 2998//2500 1824//2482
f 1824//2482 2998//2500 1825//2483
f 1825//2483 2998//2500 2999//2501
f 1825//2483 2999//2501 1826//2484
f 1826//2484 2999//2501 3000//2502
f 1826//2484 3000//2502 1827//2485
f 1827//2485 3000//2502 3001//2503
f 1827//2485 3001//2503 1828//2486
f 1828//2486 3001//2503 3002//2504
f 1828//2486 3002//2504 1829//2487
f 1829//2487 3002//2504 3003//2505
f 1829//2487 3003//2505 1830//2488
f 1830//2488 3003//2505 3812//876
f 3812//876 2133//2506 1830//2488
f 1830//2488 2133//2506 2132//2489
f 1831//2507 1832//2508 2945//2509
f 2945//2509 1832//2508 2946//2510
f 3184//2511 3621//2512 1831//2507
f 1831//2507 3621//2512 1832//2508
f 1831//2507 3620//2513 3184//2511
f 3184//2511 3620//2513 3179//2514
f 2945//2509 2944//296 1831//2507
f 1831//2507 2944//296 3620//2513
f 1832//2508 1833//2515 2946//2510
f 2946//2510 1833//2515 2947//2516
f 3621//2512 3622//2517 1832//2508
f 1832//2508 3622//2517 1833//2515
f 1833//2515 1834//2518 2947//2516
f 2947//2516 1834//2518 2948//2519
f 3622//2517 3623//2520 1833//2515
f 1833//2515 3623//2520 1834//2518
f 1834//2518 1835//2521 2948//2519
f 2948//2519 1835//2521 2949//2522
f 3623//2520 3624//2523 1834//2518
f 1834//2518 3624//2523 1835//2521
f 1835//2521 1836//2524 2949//2522
f 2949//2522 1836//2524 2950//2525
f 3624//2523 3625//2526 1835//2521
f 1835//2521 3625//2526 1836//2524
f 1836//2524 1837//2527 2950//2525
f 2950//2525 1837//2527 2951//2528
f 3625//2526 3626//2529 1836//2524
f 1836//2524 3626//2529 1837//2527
f 1837//2527 1838//2530 2951//2528
f 2951//2528 1838//2530 2952//2320
f 3626//2529 3627//2531 1837//2527
f 1837//2527 3627//2531 1838//2530
f 1838//2530 1839//2321 2952//2320
f 2952//2320 1839//2321 2953//1244
f 3627//2531 3628//2532 1838//2530
f 1838//2530 3628//2532 1839//2321
f 1839//2321 3628//2532 1840//1279
f 1840//1279 3628//2532 3834//2533
f 3834//2533 3670//1278 1840//1279
f 1840//1279 3670//1278 3813//1277
f 1842//2534 3410//2535 1841//2536
f 1841//2536 3410//2535 3411//2537
f 1841//2536 3749//2538 1842//2534
f 1842//2534 3749//2538 3750//2539
f 3408//2540 3748//2541 1841//2536
f 1841//2536 3748//2541 3749//2538
f 1841//2536 3411//2537 3408//2540
f 3408//2540 3411//2537 3412//2542
f 1843//2543 1844//2544 1842//2534
f 1842//2534 1844//2544 3410//2535
f 3750//2539 3751//2545 1842//2534
f 1842//2534 3751//2545 1843//2543
f 1845//2546 1846//2547 1843//2543
f 1843//2543 1846//2547 1844//2544
f 3751//2545 3752//2548 1843//2543
f 1843//2543 3752//2548 1845//2546
f 1846//2547 1847//2549 1844//2544
f 1844//2544 1847//2549 3414//2550
f 1844//2544 3414//2550 3410//2535
f 3410//2535 3414//2550 3415//2551
f 1845//2546 1848//2552 1846//2547
f 1846//2547 1848//2552 1849//2553
f 3752//2548 3753//2554 1845//2546
f 1845//2546 3753//2554 1848//2552
f 1846//2547 1849//2553 1847//2549
f 1847//2549 1849//2553 1850//2555
f 1850//2555 3419//1436 1847//2549
f 1847//2549 3419//1436 3420//2556
f 1847//2549 3420//2556 3414//2550
f 3414//2550 3420//2556 3421//2557
f 1848//2552 1851//2558 1849//2553
f 1849//2553 1851//2558 1852//2559
f 3753//2554 3808//2560 1848//2552
f 1848//2552 3808//2560 1851//2558
f 1849//2553 1852//2559 1850//2555
f 1850//2555 1852//2559 1853//280
f 1850//2555 1853//280 3419//1436
f 3419//1436 1853//280 1854//279
f 1851//2558 3679//291 1852//2559
f 1852//2559 3679//291 3680//290
f 1851//2558 3808//2560 3679//291
f 3679//291 3808//2560 3678//2561
f 1852//2559 3680//290 1853//280
f 1853//280 3680//290 3681//277
f 3787//1380 1859//522 1856//535
f 1856//535 1859//522 1860//521
f 1858//1378 1863//509 1859//522
f 1859//522 1863//509 1864//508
f 3786//1373 1862//2562 1858//1378
f 1858//1378 1862//2562 1863//509
f 1861//1367 1867//2563 1862//2562
f 1862//2562 1867//2563 1868//497
f 3785//1361 1866//2564 1861//1367
f 1861//1367 1866//2564 1867//2563
f 1862//2562 3786//1373 1861//1367
f 1861//1367 3786//1373 3677//1365
f 1862//2562 1868//497 1863//509
f 1863//509 1868//497 1869//496
f 1865//1352 1872//2565 1866//2564
f 1866//2564 1872//2565 1873//2566
f 3784//1345 1871//2567 1865//1352
f 1865//1352 1871//2567 1872//2565
f 1866//2564 3785//1361 1865//1352
f 1865//1352 3785//1361 3676//1351
f 1866//2564 1873//2566 1867//2563
f 1867//2563 1873//2566 1874//486
f 1867//2563 1874//486 1868//497
f 1868//497 1874//486 1875//485
f 1870//2568 1878//2569 1871//2567
f 1871//2567 1878//2569 1879//2570
f 3783//1326 1877//2571 1870//2568
f 1870//2568 1877//2571 1878//2569
f 1870//2568 3675//1336 3783//1326
f 3783//1326 3675//1336 3674//1324
f 1871//2567 3784//1345 1870//2568
f 1870//2568 3784//1345 3675//1336
f 1871//2567 1879//2570 1872//2565
f 1872//2565 1879//2570 1880//2572
f 1872//2565 1880//2572 1873//2566
f 1873//2566 1880//2572 1881//476
f 1873//2566 1881//476 1874//486
f 1874//486 1881//476 1882//475
f 1876//2573 1885//2574 1877//2571
f 1877//2571 1885//2574 1886//2575
f 3782//1303 1884//2576 1876//2573
f 1876//2573 1884//2576 1885//2574
f 1876//2573 3673//1316 3782//1303
f 3782//1303 3673//1316 3672//1302
f 1877//2571 3783//1326 1876//2573
f 1876//2573 3783//1326 3673//1316
f 1877//2571 1886//2575 1878//2569
f 1878//2569 1886//2575 1887//2577
f 1878//2569 1887//2577 1879//2570
f 1879//2570 1887//2577 1888//2578
f 1879//2570 1888//2578 1880//2572
f 1880//2572 1888//2578 1889//467
f 1880//2572 1889//467 1881//476
f 1881//476 1889//467 1890//466
f 1883//2579 1891//2580 1884//2576
f 1884//2576 1891//2580 1892//2581
f 3834//2533 3636//2582 1883//2579
f 1883//2579 3636//2582 1891//2580
f 1883//2579 3671//1292 3834//2533
f 3834//2533 3671//1292 3670//1278
f 1884//2576 3782//1303 1883//2579
f 1883//2579 3782//1303 3671//1292
f 1884//2576 1892//2581 1885//2574
f 1885//2574 1892//2581 1893//2583
f 1885//2574 1893//2583 1886//2575
f 1886//2575 1893//2583 1894//2584
f 1886//2575 1894//2584 1887//2577
f 1887//2577 1894//2584 1895//2585
f 1887//2577 1895//2585 1888//2578
f 1888//2578 1895//2585 1896//459
f 1888//2578 1896//459 1889//467
f 1889//467 1896//459 1897//458
f 1891//2580 1898//2586 1892//2581
f 1892//2581 1898//2586 1899//2587
f 3636//2582 3643//2588 1891//2580
f 1891//2580 3643//2588 1898//2586
f 1892//2581 1899//2587 1893//2583
f 1893//2583 1899//2587 1900//2589
f 1893//2583 1900//2589 1894//2584
f 1894//2584 1900//2589 1901//2590
f 1894//2584 1901//2590 1895//2585
f 1895//2585 1901//2590 1902//452
f 1895//2585 1902//452 1896//459
f 1896//459 1902//452 1903//451
f 1898//2586 1904//2591 1899//2587
f 1899//2587 1904//2591 1905//2592
f 3643//2588 3648//2593 1898//2586
f 1898//2586 3648//2593 1904//2591
f 1899//2587 1905//2592 1900//2589
f 1900//2589 1905//2592 1906//2594
f 1900//2589 1906//2594 1901//2590
f 1901//2590 1906//2594 1907//446
f 1901//2590 1907//446 1902//452
f 1902//452 1907//446 1908//445
f 1904//2591 1909//2595 1905//2592
f 1905//2592 1909//2595 1910//2596
f 3648//2593 3652//2597 1904//2591
f 1904//2591 3652//2597 1909//2595
f 1905//2592 1910//2596 1906//2594
f 1906//2594 1910//2596 1911//441
f 1906//2594 1911//441 1907//446
f 1907//446 1911//441 1912//440
f 1909//2595 1913//2598 1910//2596
f 1910//2596 1913//2598 1914//437
f 3652//2597 3655//2599 1909//2595
f 1909//2595 3655//2599 1913//2598
f 1910//2596 1914//437 1911//441
f 1911//441 1914//437 1915//436
f 1913//2598 1916//434 1914//437
f 1914//437 1916//434 1917//433
f 3655//2599 3656//2600 1913//2598
f 1913//2598 3656//2600 1916//434
f 3656//2600 3205//162 1916//434
f 1916//434 3205//162 1918//107
f 1919//6 1920//2601 3687//12
f 3687//12 1920//2601 3686//2602
f 1919//6 3823//5 1920//2601
f 1920//2601 3823//5 3319//8
f 3320//2603 1921//2604 1920//2601
f 1920//2601 1921//2604 3686//2602
f 1920//2601 3319//8 3320//2603
f 3320//2603 3319//8 3387//2605
f 3321//1429 1925//1432 1921//2604
f 1921//2604 1925//1432 3688//2606
f 1921//2604 3320//2603 3321//1429
f 3321//1429 3320//2603 3388//1430
f 1921//2604 3688//2606 3686//2602
f 3686//2602 3688//2606 3689//2607
f 1922//918 1923//2608 2277//920
f 2277//920 1923//2608 1924//941
f 3287//922 3286//1401 1922//918
f 1922//918 3286//1401 1923//2608
f 1923//2608 3754//2609 1924//941
f 1924//941 3754//2609 3755//2610
f 3286//1401 3827//1402 1923//2608
f 1923//2608 3827//1402 3754//2609
f 1924//941 3755//2610 2278//939
f 2278//939 3755//2610 3756//949
f 1925//1432 1926//2611 3688//2606
f 3688//2606 1926//2611 1927//2612
f 3322//1431 3325//2613 1925//1432
f 1925//1432 3325//2613 1926//2611
f 1926//2611 2279//1972 1927//2612
f 1927//2612 2279//1972 2280//1973
f 1926//2611 3325//2613 2279//1972
f 2279//1972 3325//2613 3817//1978
f 1927//2612 2280//1973 1928//2614
f 1928//2614 2280//1973 2281//2615
f 1928//2614 3689//2607 1927//2612
f 1927//2612 3689//2607 3688//2606
f 1928//2614 2281//2615 3833//2616
f 3833//2616 2281//2615 2282//2617
f 3833//2616 3690//2618 1928//2614
f 1928//2614 3690//2618 3689//2607
f 1929//1850 3301//1941 1933//1847
f 1933//1847 3301//1941 1932//2619
f 1936//2620 1937//1857 1931//2621
f 1931//2621 1937//1857 1932//2619
f 1931//2621 3306//1948 1936//2620
f 1936//2620 3306//1948 1935//2622
f 1931//2621 3300//1940 3306//1948
f 3306//1948 3300//1940 3745//1939
f 1931//2621 1932//2619 3300//1940
f 3300//1940 1932//2619 3301//1941
f 1932//2619 1937//1857 1933//1847
f 1933//1847 1937//1857 2288//1848
f 1941//2623 1942//2624 1934//2625
f 1934//2625 1942//2624 1935//2622
f 1934//2625 3309//2626 1941//2623
f 1941//2623 3309//2626 1940//2627
f 1934//2625 3305//1947 3309//2626
f 3309//2626 3305//1947 3304//1944
f 1934//2625 1935//2622 3305//1947
f 3305//1947 1935//2622 3306//1948
f 1942//2624 1943//2628 1935//2622
f 1935//2622 1943//2628 1936//2620
f 1943//2628 2289//1855 1936//2620
f 1936//2620 2289//1855 1937//1857
f 1939//2629 3308//2630 1938//4
f 1938//4 3308//2630 3307//3
f 1944//11 1945//2631 1938//4
f 1938//4 1945//2631 1939//2629
f 1945//2631 1946//2632 1939//2629
f 1939//2629 1946//2632 1940//2627
f 1939//2629 1940//2627 3308//2630
f 3308//2630 1940//2627 3309//2626
f 1946//2632 1947//2633 1940//2627
f 1940//2627 1947//2633 1941//2623
f 1947//2633 1948//2634 1941//2623
f 1941//2623 1948//2634 1942//2624
f 1948//2634 2290//1865 1942//2624
f 1942//2624 2290//1865 1943//2628
f 2290//1865 2291//1856 1943//2628
f 1943//2628 2291//1856 2289//1855
f 3164//269 1949//268 1944//11
f 1944//11 1949//268 1945//2631
f 1944//11 3206//10 3164//269
f 3164//269 3206//10 3207//2635
f 1949//268 1950//271 1945//2631
f 1945//2631 1950//271 1946//2632
f 1950//271 1951//2636 1946//2632
f 1946//2632 1951//2636 1947//2633
f 1951//2636 2292//1870 1947//2633
f 1947//2633 2292//1870 1948//2634
f 2292//1870 2293//1863 1948//2634
f 1948//2634 2293//1863 2290//1865
f 1952//270 2294//2637 1950//271
f 1950//271 2294//2637 1951//2636
f 2294//2637 2295//1867 1951//2636
f 1951//2636 2295//1867 2292//1870
f 3831//272 2296//1884 1952//270
f 1952//270 2296//1884 2294//2637
f 1953//58 1959//59 1954//621
f 1954//621 1959//59 1960//2638
f 1960//2638 2752//2639 1954//621
f 1954//621 2752//2639 1955//627
f 2752//2639 2753//2640 1955//627
f 1955//627 2753//2640 2750//632
f 1956//50 1964//99 1957//53
f 1957//53 1964//99 1965//2641
f 1957//53 1965//2641 1958//56
f 1958//56 1965//2641 1966//2642
f 1958//56 1966//2642 1959//59
f 1959//59 1966//2642 1967//2643
f 1967//2643 1968//2644 1959//59
f 1959//59 1968//2644 1960//2638
f 1968//2644 2757//2645 1960//2638
f 1960//2638 2757//2645 2752//2639
f 1961//96 1972//122 1962//97
f 1962//97 1972//122 1973//2646
f 1962//97 1973//2646 1963//98
f 1963//98 1973//2646 1974//2647
f 1963//98 1974//2647 1964//99
f 1964//99 1974//2647 1975//2648
f 1964//99 1975//2648 1965//2641
f 1965//2641 1975//2648 1976//2649
f 1976//2649 1977//2650 1965//2641
f 1965//2641 1977//2650 1966//2642
f 1977//2650 1978//2651 1966//2642
f 1966//2642 1978//2651 1967//2643
f 1978//2651 2764//2652 1967//2643
f 1967//2643 2764//2652 1968//2644
f 2764//2652 2765//2653 1968//2644
f 1968//2644 2765//2653 2757//2645
f 1969//119 1982//136 1970//120
f 1970//120 1982//136 1983//2654
f 1970//120 1983//2654 1971//121
f 1971//121 1983//2654 1984//2655
f 1971//121 1984//2655 1972//122
f 1972//122 1984//2655 1985//2656
f 1972//122 1985//2656 1973//2646
f 1973//2646 1985//2656 1986//2657
f 1986//2657 1987//2658 1973//2646
f 1973//2646 1987//2658 1974//2647
f 1987//2658 1988//2659 1974//2647
f 1974//2647 1988//2659 1975//2648
f 1988//2659 1989//2660 1975//2648
f 1975//2648 1989//2660 1976//2649
f 1989//2660 1990//2661 1976//2649
f 1976//2649 1990//2661 1977//2650
f 1990//2661 2774//2662 1977//2650
f 1977//2650 2774//2662 1978//2651
f 2774//2662 2775//2663 1978//2651
f 1978//2651 2775//2663 2764//2652
f 1979//133 1994//147 1980//134
f 1980//134 1994//147 1995//2664
f 1980//134 1995//2664 1981//135
f 1981//135 1995//2664 1996//2665
f 1981//135 1996//2665 1982//136
f 1982//136 1996//2665 1997//2666
f 1982//136 1997//2666 1983//2654
f 1983//2654 1997//2666 1998//2667
f 1983//2654 1998//2667 1984//2655
f 1984//2655 1998//2667 1999//2668
f 1999//2668 2000//2669 1984//2655
f 1984//2655 2000//2669 1985//2656
f 2000//2669 2001//2670 1985//2656
f 1985//2656 2001//2670 1986//2657
f 2001//2670 2002//2671 1986//2657
f 1986//2657 2002//2671 1987//2658
f 2002//2671 2003//2672 1987//2658
f 1987//2658 2003//2672 1988//2659
f 2003//2672 2004//2673 1988//2659
f 1988//2659 2004//2673 1989//2660
f 2004//2673 2005//2674 1989//2660
f 1989//2660 2005//2674 1990//2661
f 2005//2674 2784//2675 1990//2661
f 1990//2661 2784//2675 2774//2662
f 1991//144 2010//155 1992//145
f 1992//145 2010//155 2011//2676
f 1992//145 2011//2676 1993//146
f 1993//146 2011//2676 2012//2677
f 1993//146 2012//2677 1994//147
f 1994//147 2012//2677 2013//2678
f 1994//147 2013//2678 1995//2664
f 1995//2664 2013//2678 2014//2679
f 1995//2664 2014//2679 1996//2665
f 1996//2665 2014//2679 2015//2680
f 1996//2665 2015//2680 1997//2666
f 1997//2666 2015//2680 2016//2681
f 1997//2666 2016//2681 1998//2667
f 1998//2667 2016//2681 2017//2682
f 1998//2667 2017//2682 1999//2668
f 1999//2668 2017//2682 2018//2683
f 2018//2683 2019//2684 1999//2668
f 1999//2668 2019//2684 2000//2669
f 2019//2684 2020//2685 2000//2669
f 2000//2669 2020//2685 2001//2670
f 2020//2685 2021//2686 2001//2670
f 2001//2670 2021//2686 2002//2671
f 2021//2686 2022//2687 2002//2671
f 2002//2671 2022//2687 2003//2672
f 2022//2687 2023//2688 2003//2672
f 2003//2672 2023//2688 2004//2673
f 2023//2688 2793//2689 2004//2673
f 2004//2673 2793//2689 2005//2674
f 2793//2689 2794//2690 2005//2674
f 2005//2674 2794//2690 2784//2675
f 2006//151 2026//159 2007//152
f 2007//152 2026//159 2027//2691
f 2007//152 2027//2691 2008//153
f 2008//153 2027//2691 2028//2692
f 2008//153 2028//2692 2009//154
f 2009//154 2028//2692 2029//2693
f 2009//154 2029//2693 2010//155
f 2010//155 2029//2693 2030//2694
f 2010//155 2030//2694 2011//2676
f 2011//2676 2030//2694 2031//2695
f 2011//2676 2031//2695 2012//2677
f 2012//2677 2031//2695 2032//2696
f 2012//2677 2032//2696 2013//2678
f 2013//2678 2032//2696 2033//2697
f 2013//2678 2033//2697 2014//2679
f 2014//2679 2033//2697 2034//2698
f 2014//2679 2034//2698 2015//2680
f 2015//2680 2034//2698 2035//2699
f 2015//2680 2035//2699 2016//2681
f 2016//2681 2035//2699 2036//2700
f 2016//2681 2036//2700 2017//2682
f 2017//2682 2036//2700 2037//2701
f 2037//2701 2038//2702 2017//2682
f 2017//2682 2038//2702 2018//2683
f 2038//2702 2039//2703 2018//2683
f 2018//2683 2039//2703 2019//2684
f 2039//2703 2040//2704 2019//2684
f 2019//2684 2040//2704 2020//2685
f 2040//2704 2041//2705 2020//2685
f 2020//2685 2041//2705 2021//2686
f 2041//2705 2042//2706 2021//2686
f 2021//2686 2042//2706 2022//2687
f 2042//2706 2043//2707 2022//2687
f 2022//2687 2043//2707 2023//2688
f 2043//2707 2801//2708 2023//2688
f 2023//2688 2801//2708 2793//2689
f 2024//156 2576//2709 2025//157
f 2025//157 2576//2709 2044//2710
f 2574//158 2575//2711 2024//156
f 2024//156 2575//2711 2576//2709
f 2025//157 2044//2710 2026//159
f 2026//159 2044//2710 2045//2712
f 2026//159 2045//2712 2027//2691
f 2027//2691 2045//2712 2046//2713
f 2027//2691 2046//2713 2028//2692
f 2028//2692 2046//2713 2047//2714
f 2028//2692 2047//2714 2029//2693
f 2029//2693 2047//2714 2048//2715
f 2029//2693 2048//2715 2030//2694
f 2030//2694 2048//2715 2049//2716
f 2030//2694 2049//2716 2031//2695
f 2031//2695 2049//2716 2050//2717
f 2031//2695 2050//2717 2032//2696
f 2032//2696 2050//2717 2051//2718
f 2032//2696 2051//2718 2033//2697
f 2033//2697 2051//2718 2052//2719
f 2033//2697 2052//2719 2034//2698
f 2034//2698 2052//2719 2053//2720
f 2034//2698 2053//2720 2035//2699
f 2035//2699 2053//2720 2054//2721
f 2035//2699 2054//2721 2036//2700
f 2036//2700 2054//2721 2055//2722
f 2036//2700 2055//2722 2037//2701
f 2037//2701 2055//2722 2056//2723
f 2056//2723 2057//2724 2037//2701
f 2037//2701 2057//2724 2038//2702
f 2057//2724 2058//2725 2038//2702
f 2038//2702 2058//2725 2039//2703
f 2058//2725 2059//2726 2039//2703
f 2039//2703 2059//2726 2040//2704
f 2059//2726 2060//2727 2040//2704
f 2040//2704 2060//2727 2041//2705
f 2060//2727 2061//2728 2041//2705
f 2041//2705 2061//2728 2042//2706
f 2061//2728 2808//2729 2042//2706
f 2042//2706 2808//2729 2043//2707
f 2808//2729 2809//2730 2043//2707
f 2043//2707 2809//2730 2801//2708
f 2044//2710 2580//2731 2045//2712
f 2045//2712 2580//2731 2062//2732
f 2044//2710 2576//2709 2580//2731
f 2580//2731 2576//2709 2579//2733
f 2045//2712 2062//2732 2046//2713
f 2046//2713 2062//2732 2063//2734
f 2046//2713 2063//2734 2047//2714
f 2047//2714 2063//2734 2064//2735
f 2047//2714 2064//2735 2048//2715
f 2048//2715 2064//2735 2065//2736
f 2048//2715 2065//2736 2049//2716
f 2049//2716 2065//2736 2066//2737
f 2049//2716 2066//2737 2050//2717
f 2050//2717 2066//2737 2067//2738
f 2050//2717 2067//2738 2051//2718
f 2051//2718 2067//2738 2068//2739
f 2051//2718 2068//2739 2052//2719
f 2052//2719 2068//2739 2069//2740
f 2052//2719 2069//2740 2053//2720
f 2053//2720 2069//2740 2070//2741
f 2053//2720 2070//2741 2054//2721
f 2054//2721 2070//2741 2071//2742
f 2054//2721 2071//2742 2055//2722
f 2055//2722 2071//2742 2072//2743
f 2055//2722 2072//2743 2056//2723
f 2056//2723 2072//2743 2073//2744
f 2073//2744 2074//2745 2056//2723
f 2056//2723 2074//2745 2057//2724
f 2074//2745 2075//2746 2057//2724
f 2057//2724 2075//2746 2058//2725
f 2075//2746 2076//2747 2058//2725
f 2058//2725 2076//2747 2059//2726
f 2076//2747 2077//2748 2059//2726
f 2059//2726 2077//2748 2060//2727
f 2077//2748 2815//2749 2060//2727
f 2060//2727 2815//2749 2061//2728
f 2815//2749 2816//2750 2061//2728
f 2061//2728 2816//2750 2808//2729
f 2580//2731 2585//2751 2062//2732
f 2062//2732 2585//2751 2586//2752
f 2062//2732 2586//2752 2063//2734
f 2063//2734 2586//2752 2587//2753
f 2063//2734 2587//2753 2064//2735
f 2064//2735 2587//2753 2078//2754
f 2064//2735 2078//2754 2065//2736
f 2065//2736 2078//2754 2079//2755
f 2065//2736 2079//2755 2066//2737
f 2066//2737 2079//2755 2080//2756
f 2066//2737 2080//2756 2067//2738
f 2067//2738 2080//2756 2081//2757
f 2067//2738 2081//2757 2068//2739
f 2068//2739 2081//2757 2082//2758
f 2068//2739 2082//2758 2069//2740
f 2069//2740 2082//2758 2083//2759
f 2069//2740 2083//2759 2070//2741
f 2070//2741 2083//2759 2084//2760
f 2070//2741 2084//2760 2071//2742
f 2071//2742 2084//2760 2085//2761
f 2071//2742 2085//2761 2072//2743
f 2072//2743 2085//2761 2086//2762
f 2072//2743 2086//2762 2073//2744
f 2073//2744 2086//2762 2087//2763
f 2073//2744 2087//2763 2074//2745
f 2074//2745 2087//2763 2088//2764
f 2088//2764 2089//2765 2074//2745
f 2074//2745 2089//2765 2075//2746
f 2089//2765 2090//2766 2075//2746
f 2075//2746 2090//2766 2076//2747
f 2090//2766 2091//2767 2076//2747
f 2076//2747 2091//2767 2077//2748
f 2091//2767 2821//2768 2077//2748
f 2077//2748 2821//2768 2815//2749
f 2078//2754 2596//2769 2079//2755
f 2079//2755 2596//2769 2092//2770
f 2587//2753 2595//2771 2078//2754
f 2078//2754 2595//2771 2596//2769
f 2079//2755 2092//2770 2080//2756
f 2080//2756 2092//2770 2093//2772
f 2080//2756 2093//2772 2081//2757
f 2081//2757 2093//2772 2094//2773
f 2081//2757 2094//2773 2082//2758
f 2082//2758 2094//2773 2095//2774
f 2082//2758 2095//2774 2083//2759
f 2083//2759 2095//2774 2096//2775
f 2083//2759 2096//2775 2084//2760
f 2084//2760 2096//2775 2097//2776
f 2084//2760 2097//2776 2085//2761
f 2085//2761 2097//2776 2098//2777
f 2085//2761 2098//2777 2086//2762
f 2086//2762 2098//2777 2099//2778
f 2086//2762 2099//2778 2087//2763
f 2087//2763 2099//2778 2100//2779
f 2087//2763 2100//2779 2088//2764
f 2088//2764 2100//2779 2101//2780
f 2101//2780 2102//2781 2088//2764
f 2088//2764 2102//2781 2089//2765
f 2102//2781 2103//2782 2089//2765
f 2089//2765 2103//2782 2090//2766
f 2103//2782 2826//2783 2090//2766
f 2090//2766 2826//2783 2091//2767
f 2826//2783 2827//2784 2091//2767
f 2091//2767 2827//2784 2821//2768
f 2092//2770 2607//2785 2093//2772
f 2093//2772 2607//2785 2608//2786
f 2596//2769 2606//2787 2092//2770
f 2092//2770 2606//2787 2607//2785
f 2093//2772 2608//2786 2094//2773
f 2094//2773 2608//2786 2104//2788
f 2094//2773 2104//2788 2095//2774
f 2095//2774 2104//2788 2105//2789
f 2095//2774 2105//2789 2096//2775
f 2096//2775 2105//2789 2106//2790
f 2096//2775 2106//2790 2097//2776
f 2097//2776 2106//2790 2107//2791
f 2097//2776 2107//2791 2098//2777
f 2098//2777 2107//2791 2108//2792
f 2098//2777 2108//2792 2099//2778
f 2099//2778 2108//2792 2109//2793
f 2099//2778 2109//2793 2100//2779
f 2100//2779 2109//2793 2110//2794
f 2100//2779 2110//2794 2101//2780
f 2101//2780 2110//2794 2111//2795
f 2111//2795 2112//2796 2101//2780
f 2101//2780 2112//2796 2102//2781
f 2112//2796 2113//2797 2102//2781
f 2102//2781 2113//2797 2103//2782
f 2113//2797 2831//2798 2103//2782
f 2103//2782 2831//2798 2826//2783
f 2104//2788 2622//2799 2105//2789
f 2105//2789 2622//2799 2114//2800
f 2608//2786 2621//2801 2104//2788
f 2104//2788 2621//2801 2622//2799
f 2105//2789 2114//2800 2106//2790
f 2106//2790 2114//2800 2115//2802
f 2106//2790 2115//2802 2107//2791
f 2107//2791 2115//2802 2116//2803
f 2107//2791 2116//2803 2108//2792
f 2108//2792 2116//2803 2117//2804
f 2108//2792 2117//2804 2109//2793
f 2109//2793 2117//2804 2118//2805
f 2109//2793 2118//2805 2110//2794
f 2110//2794 2118//2805 2119//2806
f 2110//2794 2119//2806 2111//2795
f 2111//2795 2119//2806 2120//2807
f 2120//2807 2121//2808 2111//2795
f 2111//2795 2121//2808 2112//2796
f 2121//2808 2834//2809 2112//2796
f 2112//2796 2834//2809 2113//2797
f 2834//2809 2835//2810 2113//2797
f 2113//2797 2835//2810 2831//2798
f 2114//2800 2637//2811 2115//2802
f 2115//2802 2637//2811 2122//2812
f 2622//2799 2636//2813 2114//2800
f 2114//2800 2636//2813 2637//2811
f 2115//2802 2122//2812 2116//2803
f 2116//2803 2122//2812 2123//2814
f 2116//2803 2123//2814 2117//2804
f 2117//2804 2123//2814 2124//2815
f 2117//2804 2124//2815 2118//2805
f 2118//2805 2124//2815 2125//2816
f 2118//2805 2125//2816 2119//2806
f 2119//2806 2125//2816 2126//2817
f 2119//2806 2126//2817 2120//2807
f 2120//2807 2126//2817 2127//2818
f 2127//2818 2837//2819 2120//2807
f 2120//2807 2837//2819 2121//2808
f 2837//2819 2838//2820 2121//2808
f 2121//2808 2838//2820 2834//2809
f 2637//2811 2649//2821 2122//2812
f 2122//2812 2649//2821 2650//2822
f 2122//2812 2650//2822 2123//2814
f 2123//2814 2650//2822 2651//2823
f 2123//2814 2651//2823 2124//2815
f 2124//2815 2651//2823 2128//2824
f 2124//2815 2128//2824 2125//2816
f 2125//2816 2128//2824 2129//2825
f 2125//2816 2129//2825 2126//2817
f 2126//2817 2129//2825 2130//2826
f 2126//2817 2130//2826 2127//2818
f 2127//2818 2130//2826 2131//2827
f 2131//2827 2840//2828 2127//2818
f 2127//2818 2840//2828 2837//2819
f 2128//2824 2658//2472 2129//2825
f 2129//2825 2658//2472 2132//2489
f 2651//2823 2657//2456 2128//2824
f 2128//2824 2657//2456 2658//2472
f 2129//2825 2132//2489 2130//2826
f 2130//2826 2132//2489 2133//2506
f 2130//2826 2133//2506 2131//2827
f 2131//2827 2133//2506 2841//2829
f 2841//2829 2274//2830 2131//2827
f 2131//2827 2274//2830 2840//2828
f 2133//2506 3812//876 2841//2829
f 2841//2829 3812//876 2276//870
f 2783//2831 2149//2832 2134//2236
f 2134//2236 2149//2832 2135//2237
f 2773//2238 2772//2833 2134//2236
f 2134//2236 2772//2833 2783//2831
f 2149//2832 2150//2834 2135//2237
f 2135//2237 2150//2834 2136//2239
f 2150//2834 2151//2835 2136//2239
f 2136//2239 2151//2835 2137//2240
f 2137//2240 2151//2835 2138//2241
f 2138//2241 2151//2835 2152//2836
f 2138//2241 2152//2836 2139//2242
f 2139//2242 2152//2836 2153//2837
f 2139//2242 2153//2837 2140//2243
f 2140//2243 2153//2837 2154//2838
f 2140//2243 2154//2838 2141//2244
f 2141//2244 2154//2838 2155//2839
f 2155//2839 2156//2840 2141//2244
f 2141//2244 2156//2840 2142//2245
f 2156//2840 2157//2841 2142//2245
f 2142//2245 2157//2841 2143//2246
f 2157//2841 2158//2842 2143//2246
f 2143//2246 2158//2842 2144//2247
f 2158//2842 2159//2843 2144//2247
f 2144//2247 2159//2843 2145//2248
f 2159//2843 2160//2844 2145//2248
f 2145//2248 2160//2844 2146//2249
f 2160//2844 2161//2845 2146//2249
f 2146//2249 2161//2845 2147//2250
f 2161//2845 2162//637 2147//2250
f 2147//2250 2162//637 2148//635
f 2792//2846 2163//2847 2149//2832
f 2149//2832 2163//2847 2150//2834
f 2149//2832 2783//2831 2792//2846
f 2792//2846 2783//2831 2782//2848
f 2163//2847 2164//2849 2150//2834
f 2150//2834 2164//2849 2151//2835
f 2164//2849 2165//2850 2151//2835
f 2151//2835 2165//2850 2152//2836
f 2165//2850 2166//2851 2152//2836
f 2152//2836 2166//2851 2153//2837
f 2166//2851 2167//2852 2153//2837
f 2153//2837 2167//2852 2154//2838
f 2167//2852 2168//2853 2154//2838
f 2154//2838 2168//2853 2155//2839
f 2168//2853 2169//2854 2155//2839
f 2155//2839 2169//2854 2156//2840
f 2169//2854 2170//2855 2156//2840
f 2156//2840 2170//2855 2157//2841
f 2170//2855 2171//2856 2157//2841
f 2157//2841 2171//2856 2158//2842
f 2171//2856 2172//2857 2158//2842
f 2158//2842 2172//2857 2159//2843
f 2172//2857 2173//2858 2159//2843
f 2159//2843 2173//2858 2160//2844
f 2173//2858 2174//2859 2160//2844
f 2160//2844 2174//2859 2161//2845
f 2174//2859 2175//645 2161//2845
f 2161//2845 2175//645 2162//637
f 2176//2860 2177//2861 2163//2847
f 2163//2847 2177//2861 2164//2849
f 2163//2847 2792//2846 2176//2860
f 2176//2860 2792//2846 2791//2862
f 2177//2861 2178//2863 2164//2849
f 2164//2849 2178//2863 2165//2850
f 2178//2863 2179//2864 2165//2850
f 2165//2850 2179//2864 2166//2851
f 2179//2864 2180//2865 2166//2851
f 2166//2851 2180//2865 2167//2852
f 2180//2865 2181//2866 2167//2852
f 2167//2852 2181//2866 2168//2853
f 2181//2866 2182//2867 2168//2853
f 2168//2853 2182//2867 2169//2854
f 2182//2867 2183//2868 2169//2854
f 2169//2854 2183//2868 2170//2855
f 2183//2868 2184//2869 2170//2855
f 2170//2855 2184//2869 2171//2856
f 2184//2869 2185//2870 2171//2856
f 2171//2856 2185//2870 2172//2857
f 2185//2870 2186//2871 2172//2857
f 2172//2857 2186//2871 2173//2858
f 2186//2871 2187//2872 2173//2858
f 2173//2858 2187//2872 2174//2859
f 2187//2872 2188//654 2174//2859
f 2174//2859 2188//654 2175//645
f 2176//2860 2791//2862 2800//2873
f 2800//2873 2791//2862 2790//2874
f 2800//2873 2189//2875 2176//2860
f 2176//2860 2189//2875 2177//2861
f 2189//2875 2190//2876 2177//2861
f 2177//2861 2190//2876 2178//2863
f 2190//2876 2191//2877 2178//2863
f 2178//2863 2191//2877 2179//2864
f 2191//2877 2192//2878 2179//2864
f 2179//2864 2192//2878 2180//2865
f 2192//2878 2193//2879 2180//2865
f 2180//2865 2193//2879 2181//2866
f 2193//2879 2194//2880 2181//2866
f 2181//2866 2194//2880 2182//2867
f 2194//2880 2195//2881 2182//2867
f 2182//2867 2195//2881 2183//2868
f 2195//2881 2196//2882 2183//2868
f 2183//2868 2196//2882 2184//2869
f 2196//2882 2197//2883 2184//2869
f 2184//2869 2197//2883 2185//2870
f 2197//2883 2198//2884 2185//2870
f 2185//2870 2198//2884 2186//2871
f 2198//2884 2199//2885 2186//2871
f 2186//2871 2199//2885 2187//2872
f 2199//2885 2200//665 2187//2872
f 2187//2872 2200//665 2188//654
f 2807//2886 2201//2887 2189//2875
f 2189//2875 2201//2887 2190//2876
f 2189//2875 2800//2873 2807//2886
f 2807//2886 2800//2873 2799//2888
f 2201//2887 2202//2889 2190//2876
f 2190//2876 2202//2889 2191//2877
f 2202//2889 2203//2890 2191//2877
f 2191//2877 2203//2890 2192//2878
f 2203//2890 2204//2891 2192//2878
f 2192//2878 2204//2891 2193//2879
f 2204//2891 2205//2892 2193//2879
f 2193//2879 2205//2892 2194//2880
f 2205//2892 2206//2893 2194//2880
f 2194//2880 2206//2893 2195//2881
f 2206//2893 2207//2894 2195//2881
f 2195//2881 2207//2894 2196//2882
f 2207//2894 2208//2895 2196//2882
f 2196//2882 2208//2895 2197//2883
f 2208//2895 2209//2896 2197//2883
f 2197//2883 2209//2896 2198//2884
f 2209//2896 2210//2897 2198//2884
f 2198//2884 2210//2897 2199//2885
f 2210//2897 2211//678 2199//2885
f 2199//2885 2211//678 2200//665
f 2814//2898 2212//2899 2201//2887
f 2201//2887 2212//2899 2202//2889
f 2201//2887 2807//2886 2814//2898
f 2814//2898 2807//2886 2806//2900
f 2212//2899 2213//2901 2202//2889
f 2202//2889 2213//2901 2203//2890
f 2213//2901 2214//2902 2203//2890
f 2203//2890 2214//2902 2204//2891
f 2214//2902 2215//2903 2204//2891
f 2204//2891 2215//2903 2205//2892
f 2215//2903 2216//2904 2205//2892
f 2205//2892 2216//2904 2206//2893
f 2216//2904 2217//2905 2206//2893
f 2206//2893 2217//2905 2207//2894
f 2217//2905 2218//2906 2207//2894
f 2207//2894 2218//2906 2208//2895
f 2218//2906 2219//2907 2208//2895
f 2208//2895 2219//2907 2209//2896
f 2219//2907 2220//2908 2209//2896
f 2209//2896 2220//2908 2210//2897
f 2220//2908 2221//693 2210//2897
f 2210//2897 2221//693 2211//678
f 2212//2899 2222//2909 2213//2901
f 2213//2901 2222//2909 2223//2910
f 2814//2898 2813//2911 2212//2899
f 2212//2899 2813//2911 2222//2909
f 2213//2901 2223//2910 2214//2902
f 2214//2902 2223//2910 2224//2912
f 2224//2912 2225//2913 2214//2902
f 2214//2902 2225//2913 2215//2903
f 2225//2913 2226//2914 2215//2903
f 2215//2903 2226//2914 2216//2904
f 2226//2914 2227//2915 2216//2904
f 2216//2904 2227//2915 2217//2905
f 2227//2915 2228//2916 2217//2905
f 2217//2905 2228//2916 2218//2906
f 2228//2916 2229//2917 2218//2906
f 2218//2906 2229//2917 2219//2907
f 2229//2917 2230//746 2219//2907
f 2219//2907 2230//746 2220//2908
f 2230//746 2231//707 2220//2908
f 2220//2908 2231//707 2221//693
f 2813//2911 2812//2918 2222//2909
f 2222//2909 2812//2918 2820//2919
f 2222//2909 2820//2919 2223//2910
f 2223//2910 2820//2919 2232//2920
f 2223//2910 2232//2920 2224//2912
f 2224//2912 2232//2920 2233//2921
f 2224//2912 2233//2921 2225//2913
f 2225//2913 2233//2921 2234//2922
f 2225//2913 2234//2922 2226//2914
f 2226//2914 2234//2922 2235//2923
f 2235//2923 2236//2924 2226//2914
f 2226//2914 2236//2924 2227//2915
f 2236//2924 2237//2925 2227//2915
f 2227//2915 2237//2925 2228//2916
f 2237//2925 2238//2926 2228//2916
f 2228//2916 2238//2926 2229//2917
f 2238//2926 2239//743 2229//2917
f 2229//2917 2239//743 2230//746
f 2232//2920 2825//2927 2233//2921
f 2233//2921 2825//2927 2240//2928
f 2820//2919 2819//2929 2232//2920
f 2232//2920 2819//2929 2825//2927
f 2233//2921 2240//2928 2234//2922
f 2234//2922 2240//2928 2241//2930
f 2234//2922 2241//2930 2235//2923
f 2235//2923 2241//2930 2242//2931
f 2235//2923 2242//2931 2236//2924
f 2236//2924 2242//2931 2243//2932
f 2236//2924 2243//2932 2237//2925
f 2237//2925 2243//2932 2244//2933
f 2244//2933 2245//2934 2237//2925
f 2237//2925 2245//2934 2238//2926
f 2245//2934 2246//745 2238//2926
f 2238//2926 2246//745 2239//743
f 2240//2928 2830//2935 2241//2930
f 2241//2930 2830//2935 2247//2936
f 2825//2927 2824//2937 2240//2928
f 2240//2928 2824//2937 2830//2935
f 2241//2930 2247//2936 2242//2931
f 2242//2931 2247//2936 2248//2938
f 2242//2931 2248//2938 2243//2932
f 2243//2932 2248//2938 2249//2939
f 2243//2932 2249//2939 2244//2933
f 2244//2933 2249//2939 2250//2940
f 2250//2940 2251//2941 2244//2933
f 2244//2933 2251//2941 2245//2934
f 2251//2941 2252//769 2245//2934
f 2245//2934 2252//769 2246//745
f 2247//2936 2253//2942 2248//2938
f 2248//2938 2253//2942 2254//2943
f 2830//2935 2829//2944 2247//2936
f 2247//2936 2829//2944 2253//2942
f 2248//2938 2254//2943 2249//2939
f 2249//2939 2254//2943 2255//2945
f 2249//2939 2255//2945 2250//2940
f 2250//2940 2255//2945 2256//2946
f 2250//2940 2256//2946 2251//2941
f 2251//2941 2256//2946 2257//2947
f 2257//2947 2258//791 2251//2941
f 2251//2941 2258//791 2252//769
f 2829//2944 2828//2948 2253//2942
f 2253//2942 2828//2948 2833//2949
f 2253//2942 2833//2949 2254//2943
f 2254//2943 2833//2949 2259//2950
f 2254//2943 2259//2950 2255//2945
f 2255//2945 2259//2950 2260//2951
f 2255//2945 2260//2951 2256//2946
f 2256//2946 2260//2951 2261//2952
f 2256//2946 2261//2952 2257//2947
f 2257//2947 2261//2952 2262//2953
f 2262//2953 2263//810 2257//2947
f 2257//2947 2263//810 2258//791
f 2259//2950 2836//2954 2260//2951
f 2260//2951 2836//2954 2264//2955
f 2833//2949 2832//2956 2259//2950
f 2259//2950 2832//2956 2836//2954
f 2260//2951 2264//2955 2261//2952
f 2261//2952 2264//2955 2265//2957
f 2261//2952 2265//2957 2262//2953
f 2262//2953 2265//2957 2266//2958
f 2266//2958 2267//826 2262//2953
f 2262//2953 2267//826 2263//810
f 2264//2955 2839//2959 2265//2957
f 2265//2957 2839//2959 2268//2960
f 2836//2954 2835//2810 2264//2955
f 2264//2955 2835//2810 2839//2959
f 2265//2957 2268//2960 2266//2958
f 2266//2958 2268//2960 2269//2961
f 2266//2958 2269//2961 2267//826
f 2267//826 2269//2961 2270//840
f 2268//2960 2271//2962 2269//2961
f 2269//2961 2271//2962 2272//2963
f 2839//2959 2838//2820 2268//2960
f 2268//2960 2838//2820 2271//2962
f 2269//2961 2272//2963 2270//840
f 2270//840 2272//2963 2273//852
f 2838//2820 2837//2819 2271//2962
f 2271//2962 2837//2819 2840//2828
f 2271//2962 2840//2828 2272//2963
f 2272//2963 2840//2828 2274//2830
f 2274//2830 2275//862 2272//2963
f 2272//2963 2275//862 2273//852
f 2841//2829 2276//870 2274//2830
f 2274//2830 2276//870 2275//862
f 2280//1973 2688//1971 2281//2615
f 2281//2615 2688//1971 2689//1980
f 2281//2615 2689//1980 2282//2617
f 2282//2617 2689//1980 2283//2011
f 2282//2617 2283//2011 2285//2964
f 2285//2964 2283//2011 2284//2965
f 2285//2964 3386//267 2282//2617
f 2282//2617 3386//267 3833//2616
f 2690//1988 2691//2012 2283//2011
f 2283//2011 2691//2012 2284//2965
f 2691//2012 2692//2014 2284//2965
f 2284//2965 2692//2014 2286//2966
f 2284//2965 2286//2966 2285//2964
f 2285//2964 2286//2966 3831//272
f 3831//272 3838//266 2285//2964
f 2285//2964 3838//266 3386//267
f 2286//2966 2298//1881 3831//272
f 3831//272 2298//1881 2296//1884
f 2692//2014 2287//1883 2286//2966
f 2286//2966 2287//1883 2298//1881
f 2287//1883 2692//2014 2694//1892
f 2694//1892 2692//2014 2693//2013
f 2296//1884 2297//1869 2294//2637
f 2294//2637 2297//1869 2295//1867
f 2299//431 3599//430 2301//2967
f 2301//2967 3599//430 3598//2968
f 2300//2969 3601//171 2299//431
f 2299//431 3601//171 3815//170
f 2301//2967 2302//2970 2299//431
f 2299//431 2302//2970 2300//2969
f 2302//2970 2567//2971 2300//2969
f 2300//2969 2567//2971 3830//2972
f 3830//2972 2565//2973 2300//2969
f 2300//2969 2565//2973 3601//171
f 2303//2974 2569//2975 2301//2967
f 2301//2967 2569//2975 2302//2970
f 2301//2967 3598//2968 2303//2974
f 2303//2974 3598//2968 3597//2976
f 2569//2975 2570//2977 2302//2970
f 2302//2970 2570//2977 2567//2971
f 2304//2978 2571//2979 2303//2974
f 2303//2974 2571//2979 2569//2975
f 2303//2974 3597//2976 2304//2978
f 2304//2978 3597//2976 3596//2980
f 2572//2981 2597//2982 2304//2978
f 2304//2978 2597//2982 2571//2979
f 2304//2978 3596//2980 2572//2981
f 2572//2981 3596//2980 3595//2983
f 2305//2984 3589//2985 2573//1189
f 2573//1189 3589//2985 3588//1188
f 3595//2983 3590//2986 2305//2984
f 2305//2984 3590//2986 3589//2985
f 2305//2984 2609//2987 3595//2983
f 3595//2983 2609//2987 2572//2981
f 2573//1189 2623//2322 2305//2984
f 2305//2984 2623//2322 2609//2987
f 2316//1805 2317//2219 2306//1778
f 2306//1778 2317//2219 2307//1779
f 2317//2219 2318//2218 2307//1779
f 2307//1779 2318//2218 2308//1780
f 2325//1823 2326//2988 2310//1799
f 2310//1799 2326//2988 2311//1800
f 2326//2988 2327//2989 2311//1800
f 2311//1800 2327//2989 2312//1801
f 2327//2989 2328//2990 2312//1801
f 2312//1801 2328//2990 2313//1802
f 2328//2990 2329//2991 2313//1802
f 2313//1802 2329//2991 2314//1803
f 2329//2991 2330//2992 2314//1803
f 2314//1803 2330//2992 2315//1804
f 2330//2992 2331//2202 2315//1804
f 2315//1804 2331//2202 2316//1805
f 2331//2202 2332//2201 2316//1805
f 2316//1805 2332//2201 2317//2219
f 2339//1838 2340//2993 2319//1817
f 2319//1817 2340//2993 2320//1818
f 2340//2993 2341//2994 2320//1818
f 2320//1818 2341//2994 2321//1819
f 2341//2994 2342//2995 2321//1819
f 2321//1819 2342//2995 2322//1820
f 2342//2995 2343//2996 2322//1820
f 2322//1820 2343//2996 2323//1821
f 2343//2996 2344//2997 2323//1821
f 2323//1821 2344//2997 2324//1822
f 2344//2997 2345//2998 2324//1822
f 2324//1822 2345//2998 2325//1823
f 2345//2998 2346//2999 2325//1823
f 2325//1823 2346//2999 2326//2988
f 2346//2999 2347//3000 2326//2988
f 2326//2988 2347//3000 2327//2989
f 2347//3000 2348//3001 2327//2989
f 2327//2989 2348//3001 2328//2990
f 2348//3001 2349//3002 2328//2990
f 2328//2990 2349//3002 2329//2991
f 2349//3002 2350//3003 2329//2991
f 2329//2991 2350//3003 2330//2992
f 2350//3003 2351//2200 2330//2992
f 2330//2992 2351//2200 2331//2202
f 2333//1832 2357//1843 2334//1833
f 2334//1833 2357//1843 2358//3004
f 2334//1833 2358//3004 2335//1834
f 2335//1834 2358//3004 2359//3005
f 2335//1834 2359//3005 2336//1835
f 2336//1835 2359//3005 2360//3006
f 2360//3006 2361//3007 2336//1835
f 2336//1835 2361//3007 2337//1836
f 2361//3007 2362//3008 2337//1836
f 2337//1836 2362//3008 2338//1837
f 2362//3008 2363//3009 2338//1837
f 2338//1837 2363//3009 2339//1838
f 2363//3009 2364//3010 2339//1838
f 2339//1838 2364//3010 2340//2993
f 2364//3010 2365//3011 2340//2993
f 2340//2993 2365//3011 2341//2994
f 2365//3011 2366//3012 2341//2994
f 2341//2994 2366//3012 2342//2995
f 2366//3012 2367//3013 2342//2995
f 2342//2995 2367//3013 2343//2996
f 2367//3013 2368//3014 2343//2996
f 2343//2996 2368//3014 2344//2997
f 2368//3014 2369//3015 2344//2997
f 2344//2997 2369//3015 2345//2998
f 2369//3015 2370//3016 2345//2998
f 2345//2998 2370//3016 2346//2999
f 2370//3016 2371//3017 2346//2999
f 2346//2999 2371//3017 2347//3000
f 2371//3017 2372//3018 2347//3000
f 2347//3000 2372//3018 2348//3001
f 2372//3018 2373//3019 2348//3001
f 2348//3001 2373//3019 2349//3002
f 2373//3019 2374//2185 2349//3002
f 2349//3002 2374//2185 2350//3003
f 2374//2185 2375//2183 2350//3003
f 2350//3003 2375//2183 2351//2200
f 2842//561 2376//576 2352//562
f 2352//562 2376//576 2353//1839
f 2353//1839 2376//576 2354//1840
f 2354//1840 2376//576 2377//3020
f 2354//1840 2377//3020 2355//1841
f 2355//1841 2377//3020 2378//3021
f 2355//1841 2378//3021 2356//1842
f 2356//1842 2378//3021 2379//3022
f 2356//1842 2379//3022 2357//1843
f 2357//1843 2379//3022 2380//3023
f 2357//1843 2380//3023 2358//3004
f 2358//3004 2380//3023 2381//3024
f 2358//3004 2381//3024 2359//3005
f 2359//3005 2381//3024 2382//3025
f 2359//3005 2382//3025 2360//3006
f 2360//3006 2382//3025 2383//3026
f 2383//3026 2384//3027 2360//3006
f 2360//3006 2384//3027 2361//3007
f 2384//3027 2385//3028 2361//3007
f 2361//3007 2385//3028 2362//3008
f 2385//3028 2386//3029 2362//3008
f 2362//3008 2386//3029 2363//3009
f 2386//3029 2387//3030 2363//3009
f 2363//3009 2387//3030 2364//3010
f 2387//3030 2388//3031 2364//3010
f 2364//3010 2388//3031 2365//3011
f 2388//3031 2389//3032 2365//3011
f 2365//3011 2389//3032 2366//3012
f 2389//3032 2390//3033 2366//3012
f 2366//3012 2390//3033 2367//3013
f 2390//3033 2391//3034 2367//3013
f 2367//3013 2391//3034 2368//3014
f 2391//3034 2392//3035 2368//3014
f 2368//3014 2392//3035 2369//3015
f 2392//3035 2393//3036 2369//3015
f 2369//3015 2393//3036 2370//3016
f 2393//3036 2394//3037 2370//3016
f 2370//3016 2394//3037 2371//3017
f 2394//3037 2395//3038 2371//3017
f 2371//3017 2395//3038 2372//3018
f 2395//3038 2396//2171 2372//3018
f 2372//3018 2396//2171 2373//3019
f 2396//2171 2397//2169 2373//3019
f 2373//3019 2397//2169 2374//2185
f 2376//576 2843//575 2377//3020
f 2377//3020 2843//575 2844//587
f 2377//3020 2844//587 2378//3021
f 2378//3021 2844//587 2398//3039
f 2378//3021 2398//3039 2379//3022
f 2379//3022 2398//3039 2399//3040
f 2379//3022 2399//3040 2380//3023
f 2380//3023 2399//3040 2400//3041
f 2380//3023 2400//3041 2381//3024
f 2381//3024 2400//3041 2401//3042
f 2381//3024 2401//3042 2382//3025
f 2382//3025 2401//3042 2402//3043
f 2382//3025 2402//3043 2383//3026
f 2383//3026 2402//3043 2403//3044
f 2383//3026 2403//3044 2384//3027
f 2384//3027 2403//3044 2404//3045
f 2404//3045 2405//3046 2384//3027
f 2384//3027 2405//3046 2385//3028
f 2405//3046 2406//3047 2385//3028
f 2385//3028 2406//3047 2386//3029
f 2406//3047 2407//3048 2386//3029
f 2386//3029 2407//3048 2387//3030
f 2407//3048 2408//3049 2387//3030
f 2387//3030 2408//3049 2388//3031
f 2408//3049 2409//3050 2388//3031
f 2388//3031 2409//3050 2389//3032
f 2409//3050 2410//3051 2389//3032
f 2389//3032 2410//3051 2390//3033
f 2410//3051 2411//3052 2390//3033
f 2390//3033 2411//3052 2391//3034
f 2411//3052 2412//3053 2391//3034
f 2391//3034 2412//3053 2392//3035
f 2412//3053 2413//3054 2392//3035
f 2392//3035 2413//3054 2393//3036
f 2413//3054 2414//3055 2393//3036
f 2393//3036 2414//3055 2394//3037
f 2414//3055 2415//2156 2394//3037
f 2394//3037 2415//2156 2395//3038
f 2415//2156 2416//2154 2395//3038
f 2395//3038 2416//2154 2396//2171
f 2398//3039 2846//597 2399//3040
f 2399//3040 2846//597 2847//3056
f 2844//587 2845//586 2398//3039
f 2398//3039 2845//586 2846//597
f 2399//3040 2847//3056 2400//3041
f 2400//3041 2847//3056 2417//3057
f 2400//3041 2417//3057 2401//3042
f 2401//3042 2417//3057 2418//3058
f 2401//3042 2418//3058 2402//3043
f 2402//3043 2418//3058 2419//3059
f 2402//3043 2419//3059 2403//3044
f 2403//3044 2419//3059 2420//3060
f 2403//3044 2420//3060 2404//3045
f 2404//3045 2420//3060 2421//3061
f 2421//3061 2422//3062 2404//3045
f 2404//3045 2422//3062 2405//3046
f 2422//3062 2423//3063 2405//3046
f 2405//3046 2423//3063 2406//3047
f 2423//3063 2424//3064 2406//3047
f 2406//3047 2424//3064 2407//3048
f 2424//3064 2425//3065 2407//3048
f 2407//3048 2425//3065 2408//3049
f 2425//3065 2426//3066 2408//3049
f 2408//3049 2426//3066 2409//3050
f 2426//3066 2427//3067 2409//3050
f 2409//3050 2427//3067 2410//3051
f 2427//3067 2428//3068 2410//3051
f 2410//3051 2428//3068 2411//3052
f 2428//3068 2429//3069 2411//3052
f 2411//3052 2429//3069 2412//3053
f 2429//3069 2430//3070 2412//3053
f 2412//3053 2430//3070 2413//3054
f 2430//3070 2431//2145 2413//3054
f 2413//3054 2431//2145 2414//3055
f 2431//2145 2432//2143 2414//3055
f 2414//3055 2432//2143 2415//2156
f 2417//3057 2850//3071 2418//3058
f 2418//3058 2850//3071 2851//3072
f 2847//3056 2849//3073 2417//3057
f 2417//3057 2849//3073 2850//3071
f 2418//3058 2851//3072 2419//3059
f 2419//3059 2851//3072 2433//3074
f 2419//3059 2433//3074 2420//3060
f 2420//3060 2433//3074 2434//3075
f 2420//3060 2434//3075 2421//3061
f 2421//3061 2434//3075 2435//3076
f 2435//3076 2436//3077 2421//3061
f 2421//3061 2436//3077 2422//3062
f 2436//3077 2437//3078 2422//3062
f 2422//3062 2437//3078 2423//3063
f 2437//3078 2438//3079 2423//3063
f 2423//3063 2438//3079 2424//3064
f 2438//3079 2439//3080 2424//3064
f 2424//3064 2439//3080 2425//3065
f 2439//3080 2440//3081 2425//3065
f 2425//3065 2440//3081 2426//3066
f 2440//3081 2441//3082 2426//3066
f 2426//3066 2441//3082 2427//3067
f 2441//3082 2442//3083 2427//3067
f 2427//3067 2442//3083 2428//3068
f 2442//3083 2443//3084 2428//3068
f 2428//3068 2443//3084 2429//3069
f 2443//3084 2444//2135 2429//3069
f 2429//3069 2444//2135 2430//3070
f 2444//2135 2445//2133 2430//3070
f 2430//3070 2445//2133 2431//2145
f 2433//3074 2856//3085 2434//3075
f 2434//3075 2856//3085 2446//3086
f 2851//3072 2855//3087 2433//3074
f 2433//3074 2855//3087 2856//3085
f 2434//3075 2446//3086 2435//3076
f 2435//3076 2446//3086 2447//3088
f 2447//3088 2448//3089 2435//3076
f 2435//3076 2448//3089 2436//3077
f 2448//3089 2449//3090 2436//3077
f 2436//3077 2449//3090 2437//3078
f 2449//3090 2450//3091 2437//3078
f 2437//3078 2450//3091 2438//3079
f 2450//3091 2451//3092 2438//3079
f 2438//3079 2451//3092 2439//3080
f 2451//3092 2452//3093 2439//3080
f 2439//3080 2452//3093 2440//3081
f 2452//3093 2453//3094 2440//3081
f 2440//3081 2453//3094 2441//3082
f 2453//3094 2454//3095 2441//3082
f 2441//3082 2454//3095 2442//3083
f 2454//3095 2455//2126 2442//3083
f 2442//3083 2455//2126 2443//3084
f 2455//2126 2456//2124 2443//3084
f 2443//3084 2456//2124 2444//2135
f 2856//3085 2860//3096 2446//3086
f 2446//3086 2860//3096 2861//3097
f 2446//3086 2861//3097 2447//3088
f 2447//3088 2861//3097 2862//3098
f 2862//3098 2457//3099 2447//3088
f 2447//3088 2457//3099 2448//3089
f 2457//3099 2458//3100 2448//3089
f 2448//3089 2458//3100 2449//3090
f 2458//3100 2459//3101 2449//3090
f 2449//3090 2459//3101 2450//3091
f 2459//3101 2460//3102 2450//3091
f 2450//3091 2460//3102 2451//3092
f 2460//3102 2461//3103 2451//3092
f 2451//3092 2461//3103 2452//3093
f 2461//3103 2462//3104 2452//3093
f 2452//3093 2462//3104 2453//3094
f 2462//3104 2463//2117 2453//3094
f 2453//3094 2463//2117 2454//3095
f 2463//2117 2464//2116 2454//3095
f 2454//3095 2464//2116 2455//2126
f 2868//3105 2869//3106 2457//3099
f 2457//3099 2869//3106 2458//3100
f 2457//3099 2862//3098 2868//3105
f 2868//3105 2862//3098 2867//3107
f 2869//3106 2465//3108 2458//3100
f 2458//3100 2465//3108 2459//3101
f 2465//3108 2466//3109 2459//3101
f 2459//3101 2466//3109 2460//3102
f 2466//3109 2467//3110 2460//3102
f 2460//3102 2467//3110 2461//3103
f 2467//3110 2468//2110 2461//3103
f 2461//3103 2468//2110 2462//3104
f 2468//2110 2469//2109 2462//3104
f 2462//3104 2469//2109 2463//2117
f 2876//3111 2877//3112 2465//3108
f 2465//3108 2877//3112 2466//3109
f 2465//3108 2869//3106 2876//3111
f 2876//3111 2869//3106 2875//3113
f 2877//3112 2470//3114 2466//3109
f 2466//3109 2470//3114 2467//3110
f 2470//3114 2471//2107 2467//3110
f 2467//3110 2471//2107 2468//2110
f 2886//2105 3826//2104 2470//3114
f 2470//3114 3826//2104 2471//2107
f 2470//3114 2877//3112 2886//2105
f 2886//2105 2877//3112 2885//3115
f 3434//1440 3428//3116 2472//1437
f 2472//1437 3428//3116 3427//1438
f 2474//1443 3435//3117 2473//1439
f 2473//1439 3435//3117 3434//1440
f 3440//3118 3436//3119 2474//1443
f 2474//1443 3436//3119 3435//3117
f 2475//1442 2476//1446 2474//1443
f 2474//1443 2476//1446 3440//3118
f 2478//1445 2479//1450 2476//1446
f 2476//1446 2479//1450 2477//3120
f 2476//1446 2477//3120 3440//3118
f 3440//3118 2477//3120 3441//3121
f 2479//1450 2480//3122 2477//3120
f 2477//3120 2480//3122 3444//3123
f 2477//3120 3444//3123 3441//3121
f 3441//3121 3444//3123 3442//3124
f 2482//1449 2483//374 2479//1450
f 2479//1450 2483//374 2480//3122
f 2483//374 2484//373 2480//3122
f 2480//3122 2484//373 2481//936
f 2480//3122 2481//936 3444//3123
f 3444//3123 2481//936 3445//3125
f 3446//415 3559//419 2481//936
f 2481//936 3559//419 3445//3125
f 2487//766 2490//1958 2488//764
f 2488//764 2490//1958 2491//1965
f 2488//764 2491//1965 2489//740
f 2489//740 2491//1965 2492//741
f 2495//1964 2496//3126 2491//1965
f 2491//1965 2496//3126 2492//741
f 2496//3126 2497//3127 2492//741
f 2492//741 2497//3127 2493//739
f 2497//3127 2498//722 2493//739
f 2493//739 2498//722 2494//721
f 2501//1963 2502//3128 2495//1964
f 2495//1964 2502//3128 2496//3126
f 2502//3128 2503//3129 2496//3126
f 2496//3126 2503//3129 2497//3127
f 2503//3129 2504//3130 2497//3127
f 2497//3127 2504//3130 2498//722
f 2504//3130 2505//3131 2498//722
f 2498//722 2505//3131 2499//719
f 2505//3131 2506//704 2499//719
f 2499//719 2506//704 2500//702
f 2508//1966 2509//3132 2501//1963
f 2501//1963 2509//3132 2502//3128
f 2509//3132 2510//3133 2502//3128
f 2502//3128 2510//3133 2503//3129
f 2510//3133 2511//3134 2503//3129
f 2503//3129 2511//3134 2504//3130
f 2511//3134 2512//3135 2504//3130
f 2504//3130 2512//3135 2505//3131
f 2512//3135 2513//3136 2505//3131
f 2505//3131 2513//3136 2506//704
f 2506//704 2513//3136 2507//688
f 2507//688 2513//3136 2514//689
f 2508//1966 2517//1967 2509//3132
f 2509//3132 2517//1967 2518//1969
f 2509//3132 2518//1969 2510//3133
f 2510//3133 2518//1969 2519//3137
f 2510//3133 2519//3137 2511//3134
f 2511//3134 2519//3137 2520//3138
f 2511//3134 2520//3138 2512//3135
f 2512//3135 2520//3138 2521//3139
f 2521//3139 2522//3140 2512//3135
f 2512//3135 2522//3140 2513//3136
f 2513//3136 2522//3140 2514//689
f 2514//689 2522//3140 2523//3141
f 2514//689 2523//3141 2515//687
f 2515//687 2523//3141 2524//3142
f 2515//687 2524//3142 2516//673
f 2516//673 2524//3142 2525//674
f 2518//1969 2528//1968 2519//3137
f 2519//3137 2528//1968 2529//3143
f 2519//3137 2529//3143 2520//3138
f 2520//3138 2529//3143 2530//3144
f 2520//3138 2530//3144 2521//3139
f 2521//3139 2530//3144 2531//3145
f 2521//3139 2531//3145 2522//3140
f 2522//3140 2531//3145 2532//3146
f 2522//3140 2532//3146 2523//3141
f 2523//3141 2532//3146 2533//3147
f 2523//3141 2533//3147 2524//3142
f 2524//3142 2533//3147 2534//3148
f 2524//3142 2534//3148 2525//674
f 2525//674 2534//3148 2535//3149
f 2525//674 2535//3149 2526//672
f 2526//672 2535//3149 2536//3150
f 2526//672 2536//3150 2527//661
f 2527//661 2536//3150 2537//662
f 2528//1968 2540//263 2529//3143
f 2529//3143 2540//263 2541//3151
f 2529//3143 2541//3151 2530//3144
f 2530//3144 2541//3151 2542//3152
f 2530//3144 2542//3152 2531//3145
f 2531//3145 2542//3152 2543//3153
f 2531//3145 2543//3153 2532//3146
f 2532//3146 2543//3153 2544//3154
f 2532//3146 2544//3154 2533//3147
f 2533//3147 2544//3154 2545//3155
f 2533//3147 2545//3155 2534//3148
f 2534//3148 2545//3155 2546//3156
f 2534//3148 2546//3156 2535//3149
f 2535//3149 2546//3156 2547//3157
f 2535//3149 2547//3157 2536//3150
f 2536//3150 2547//3157 2548//3158
f 2536//3150 2548//3158 2537//662
f 2537//662 2548//3158 2549//3159
f 2537//662 2549//3159 2538//659
f 2538//659 2549//3159 2550//2099
f 2538//659 2550//2099 2539//650
f 2539//650 2550//2099 2551//651
f 2540//263 2554//261 2541//3151
f 2541//3151 2554//261 2555//2046
f 2541//3151 2555//2046 2542//3152
f 2542//3152 2555//2046 2556//2045
f 2542//3152 2556//2045 2543//3153
f 2543//3153 2556//2045 2557//2056
f 2543//3153 2557//2056 2544//3154
f 2544//3154 2557//2056 2558//2065
f 2544//3154 2558//2065 2545//3155
f 2545//3155 2558//2065 2559//2073
f 2545//3155 2559//2073 2546//3156
f 2546//3156 2559//2073 2560//2080
f 2546//3156 2560//2080 2547//3157
f 2547//3157 2560//2080 2561//2086
f 2547//3157 2561//2086 2548//3158
f 2548//3158 2561//2086 2562//2091
f 2548//3158 2562//2091 2549//3159
f 2549//3159 2562//2091 2563//2095
f 2549//3159 2563//2095 2550//2099
f 2550//2099 2563//2095 2564//2097
f 2568//3160 2577//3161 2565//2973
f 2565//2973 2577//3161 2566//3162
f 2565//2973 3830//2972 2568//3160
f 2568//3160 3830//2972 2567//2971
f 2565//2973 2566//3162 3601//171
f 3601//171 2566//3162 3600//166
f 2577//3161 2578//3163 2566//3162
f 2566//3162 2578//3163 2575//2711
f 2566//3162 2575//2711 3600//166
f 3600//166 2575//2711 2574//158
f 2570//2977 2581//3164 2567//2971
f 2567//2971 2581//3164 2568//3160
f 2581//3164 2582//3165 2568//3160
f 2568//3160 2582//3165 2577//3161
f 2571//2979 2588//3166 2569//2975
f 2569//2975 2588//3166 2570//2977
f 2588//3166 2589//3167 2570//2977
f 2570//2977 2589//3167 2581//3164
f 2597//2982 2598//3168 2571//2979
f 2571//2979 2598//3168 2588//3166
f 2609//2987 2610//3169 2572//2981
f 2572//2981 2610//3169 2597//2982
f 2578//3163 2579//2733 2575//2711
f 2575//2711 2579//2733 2576//2709
f 2582//3165 2583//3170 2577//3161
f 2577//3161 2583//3170 2578//3163
f 2583//3170 2584//3171 2578//3163
f 2578//3163 2584//3171 2579//2733
f 2584//3171 2585//2751 2579//2733
f 2579//2733 2585//2751 2580//2731
f 2589//3167 2590//3172 2581//3164
f 2581//3164 2590//3172 2582//3165
f 2590//3172 2591//3173 2582//3165
f 2582//3165 2591//3173 2583//3170
f 2591//3173 2592//3174 2583//3170
f 2583//3170 2592//3174 2584//3171
f 2592//3174 2593//3175 2584//3171
f 2584//3171 2593//3175 2585//2751
f 2585//2751 2593//3175 2586//2752
f 2586//2752 2593//3175 2594//3176
f 2586//2752 2594//3176 2587//2753
f 2587//2753 2594//3176 2595//2771
f 2598//3168 2599//3177 2588//3166
f 2588//3166 2599//3177 2589//3167
f 2599//3177 2600//3178 2589//3167
f 2589//3167 2600//3178 2590//3172
f 2600//3178 2601//3179 2590//3172
f 2590//3172 2601//3179 2591//3173
f 2601//3179 2602//3180 2591//3173
f 2591//3173 2602//3180 2592//3174
f 2602//3180 2603//3181 2592//3174
f 2592//3174 2603//3181 2593//3175
f 2593//3175 2603//3181 2594//3176
f 2594//3176 2603//3181 2604//3182
f 2594//3176 2604//3182 2595//2771
f 2595//2771 2604//3182 2605//3183
f 2595//2771 2605//3183 2596//2769
f 2596//2769 2605//3183 2606//2787
f 2610//3169 2611//3184 2597//2982
f 2597//2982 2611//3184 2598//3168
f 2611//3184 2612//3185 2598//3168
f 2598//3168 2612//3185 2599//3177
f 2612//3185 2613//3186 2599//3177
f 2599//3177 2613//3186 2600//3178
f 2613//3186 2614//3187 2600//3178
f 2600//3178 2614//3187 2601//3179
f 2614//3187 2615//3188 2601//3179
f 2601//3179 2615//3188 2602//3180
f 2602//3180 2615//3188 2603//3181
f 2603//3181 2615//3188 2616//3189
f 2603//3181 2616//3189 2604//3182
f 2604//3182 2616//3189 2617//3190
f 2604//3182 2617//3190 2605//3183
f 2605//3183 2617//3190 2618//3191
f 2605//3183 2618//3191 2606//2787
f 2606//2787 2618//3191 2619//3192
f 2606//2787 2619//3192 2607//2785
f 2607//2785 2619//3192 2620//3193
f 2607//2785 2620//3193 2608//2786
f 2608//2786 2620//3193 2621//2801
f 2623//2322 2624//2324 2609//2987
f 2609//2987 2624//2324 2610//3169
f 2624//2324 2625//2327 2610//3169
f 2610//3169 2625//2327 2611//3184
f 2625//2327 2626//2331 2611//3184
f 2611//3184 2626//2331 2612//3185
f 2626//2331 2627//3194 2612//3185
f 2612//3185 2627//3194 2613//3186
f 2627//3194 2628//3195 2613//3186
f 2613//3186 2628//3195 2614//3187
f 2628//3195 2629//3196 2614//3187
f 2614//3187 2629//3196 2615//3188
f 2615//3188 2629//3196 2616//3189
f 2616//3189 2629//3196 2630//3197
f 2616//3189 2630//3197 2617//3190
f 2617//3190 2630//3197 2631//3198
f 2617//3190 2631//3198 2618//3191
f 2618//3191 2631//3198 2632//3199
f 2618//3191 2632//3199 2619//3192
f 2619//3192 2632//3199 2633//3200
f 2619//3192 2633//3200 2620//3193
f 2620//3193 2633//3200 2634//3201
f 2620//3193 2634//3201 2621//2801
f 2621//2801 2634//3201 2635//3202
f 2621//2801 2635//3202 2622//2799
f 2622//2799 2635//3202 2636//2813
f 2638//2330 2639//2335 2626//2331
f 2626//2331 2639//2335 2627//3194
f 2639//2335 2640//2340 2627//3194
f 2627//3194 2640//2340 2628//3195
f 2640//2340 2641//2346 2628//3195
f 2628//3195 2641//2346 2629//3196
f 2629//3196 2641//2346 2630//3197
f 2630//3197 2641//2346 2642//2353
f 2630//3197 2642//2353 2631//3198
f 2631//3198 2642//2353 2643//2361
f 2631//3198 2643//2361 2632//3199
f 2632//3199 2643//2361 2644//2370
f 2632//3199 2644//2370 2633//3200
f 2633//3200 2644//2370 2645//2380
f 2633//3200 2645//2380 2634//3201
f 2634//3201 2645//2380 2646//2391
f 2634//3201 2646//2391 2635//3202
f 2635//3202 2646//2391 2647//3203
f 2635//3202 2647//3203 2636//2813
f 2636//2813 2647//3203 2648//3204
f 2636//2813 2648//3204 2637//2811
f 2637//2811 2648//3204 2649//2821
f 2646//2391 2652//2390 2647//3203
f 2647//3203 2652//2390 2653//2402
f 2647//3203 2653//2402 2648//3204
f 2648//3204 2653//2402 2654//2414
f 2648//3204 2654//2414 2649//2821
f 2649//2821 2654//2414 2655//2427
f 2649//2821 2655//2427 2650//2822
f 2650//2822 2655//2427 2656//2441
f 2650//2822 2656//2441 2651//2823
f 2651//2823 2656//2441 2657//2456
f 2659//3205 2660//3206 2956//3207
f 2956//3207 2660//3206 2661//3208
f 3049//2253 3051//2254 2659//3205
f 2659//3205 3051//2254 2660//3206
f 2954//3209 3819//2259 2659//3205
f 2659//3205 3819//2259 3049//2253
f 2956//3207 2957//3210 2659//3205
f 2659//3205 2957//3210 2954//3209
f 2660//3206 2663//3211 2661//3208
f 2661//3208 2663//3211 2664//3212
f 3051//2254 3054//3213 2660//3206
f 2660//3206 3054//3213 2663//3211
f 2661//3208 2664//3212 2662//3214
f 2662//3214 2664//3212 2665//3215
f 2662//3214 2960//3216 2661//3208
f 2661//3208 2960//3216 2956//3207
f 2662//3214 2665//3215 2965//3217
f 2965//3217 2665//3215 2666//3218
f 2965//3217 2966//3219 2662//3214
f 2662//3214 2966//3219 2960//3216
f 2668//3220 2669//3221 2663//3211
f 2663//3211 2669//3221 2664//3212
f 2663//3211 3054//3213 2668//3220
f 2668//3220 3054//3213 3058//3222
f 2664//3212 2669//3221 2665//3215
f 2665//3215 2669//3221 2670//3223
f 2665//3215 2670//3223 2666//3218
f 2666//3218 2670//3223 2671//3224
f 2666//3218 2671//3224 2667//3225
f 2667//3225 2671//3224 2672//3226
f 2667//3225 2972//3227 2666//3218
f 2666//3218 2972//3227 2965//3217
f 2980//3228 2981//3229 2667//3225
f 2667//3225 2981//3229 2972//3227
f 2667//3225 2672//3226 2980//3228
f 2980//3228 2672//3226 2673//3230
f 2674//3231 2675//3232 2668//3220
f 2668//3220 2675//3232 2669//3221
f 2668//3220 3058//3222 2674//3231
f 2674//3231 3058//3222 3062//3233
f 2675//3232 2676//3234 2669//3221
f 2669//3221 2676//3234 2670//3223
f 2676//3234 2677//3235 2670//3223
f 2670//3223 2677//3235 2671//3224
f 2677//3235 2678//3236 2671//3224
f 2671//3224 2678//3236 2672//3226
f 2672//3226 2678//3236 2673//3230
f 2673//3230 2678//3236 3097//3237
f 3097//3237 3103//3238 2673//3230
f 2673//3230 3103//3238 3829//17
f 3829//17 3797//20 2673//3230
f 2673//3230 3797//20 2980//3228
f 2679//3239 2680//3240 2674//3231
f 2674//3231 2680//3240 2675//3232
f 2674//3231 3062//3233 2679//3239
f 2679//3239 3062//3233 3067//3241
f 2680//3240 2681//3242 2675//3232
f 2675//3232 2681//3242 2676//3234
f 2681//3242 2682//3243 2676//3234
f 2676//3234 2682//3243 2677//3235
f 2682//3243 3091//3244 2677//3235
f 2677//3235 3091//3244 2678//3236
f 3091//3244 3096//3245 2678//3236
f 2678//3236 3096//3245 3097//3237
f 2683//3246 2684//3247 2679//3239
f 2679//3239 2684//3247 2680//3240
f 2679//3239 3067//3241 2683//3246
f 2683//3246 3067//3241 3073//3248
f 2684//3247 2685//3249 2680//3240
f 2680//3240 2685//3249 2681//3242
f 2685//3249 3086//3250 2681//3242
f 2681//3242 3086//3250 2682//3243
f 3086//3250 3090//3251 2682//3243
f 2682//3243 3090//3251 3091//3244
f 2683//3246 3073//3248 2686//3252
f 2686//3252 3073//3248 3080//3253
f 2686//3252 2687//3254 2683//3246
f 2683//3246 2687//3254 2684//3247
f 2687//3254 3083//3255 2684//3247
f 2684//3247 3083//3255 2685//3249
f 3083//3255 3085//3256 2685//3249
f 2685//3249 3085//3256 3086//3250
f 2686//3252 3080//3253 3821//3257
f 3821//3257 3080//3253 3762//3258
f 3821//3257 3081//1413 2686//3252
f 2686//3252 3081//1413 2687//3254
f 3081//1413 3082//1407 2687//3254
f 2687//3254 3082//1407 3083//3255
f 3014//3259 3780//3260 2696//874
f 2696//874 3780//3260 2697//875
f 3812//876 3003//2505 2696//874
f 2696//874 3003//2505 3014//3259
f 3780//3260 2698//3261 2697//875
f 2697//875 2698//3261 2699//877
f 2698//3261 2701//3262 2699//877
f 2699//877 2701//3262 2702//3263
f 3026//3264 3781//14 2698//3261
f 2698//3261 3781//14 2701//3262
f 2698//3261 3780//3260 3026//3264
f 3026//3264 3780//3260 3021//3265
f 2699//877 2702//3263 2700//871
f 2700//871 2702//3263 2703//872
f 2701//3262 2705//3266 2702//3263
f 2702//3263 2705//3266 2706//3267
f 3781//14 2704//13 2701//3262
f 2701//3262 2704//13 2705//3266
f 2702//3263 2706//3267 2703//872
f 2703//872 2706//3267 2707//873
f 2704//13 2709//18 2705//3266
f 2705//3266 2709//18 2710//3268
f 2705//3266 2710//3268 2706//3267
f 2706//3267 2710//3268 2711//3269
f 2706//3267 2711//3269 2707//873
f 2707//873 2711//3269 2712//3270
f 2707//873 2712//3270 2708//865
f 2708//865 2712//3270 2713//866
f 2709//18 2714//3271 2710//3268
f 2710//3268 2714//3271 2715//3272
f 3829//17 3103//3238 2709//18
f 2709//18 3103//3238 2714//3271
f 2710//3268 2715//3272 2711//3269
f 2711//3269 2715//3272 2716//3273
f 2711//3269 2716//3273 2712//3270
f 2712//3270 2716//3273 2717//3274
f 2712//3270 2717//3274 2713//866
f 2713//866 2717//3274 2718//867
f 2714//3271 3103//3238 3466//3275
f 3466//3275 3103//3238 3102//3276
f 3466//3275 2720//3277 2714//3271
f 2714//3271 2720//3277 2715//3272
f 2715//3272 2720//3277 2716//3273
f 2716//3273 2720//3277 2721//3278
f 2716//3273 2721//3278 2717//3274
f 2717//3274 2721//3278 2722//3279
f 2717//3274 2722//3279 2718//867
f 2718//867 2722//3279 2723//3280
f 2723//3280 2724//858 2718//867
f 2718//867 2724//858 2719//857
f 2720//3277 3466//3275 3471//3281
f 3471//3281 3466//3275 3465//3282
f 3471//3281 2725//3283 2720//3277
f 2720//3277 2725//3283 2721//3278
f 2725//3283 2726//3284 2721//3278
f 2721//3278 2726//3284 2722//3279
f 2726//3284 2727//3285 2722//3279
f 2722//3279 2727//3285 2723//3280
f 2727//3285 2728//859 2723//3280
f 2723//3280 2728//859 2724//858
f 2725//3283 3471//3281 3476//3286
f 3476//3286 3471//3281 3470//3287
f 3476//3286 2730//3288 2725//3283
f 2725//3283 2730//3288 2726//3284
f 2730//3288 2731//3289 2726//3284
f 2726//3284 2731//3289 2727//3285
f 2731//3289 2732//3290 2727//3285
f 2727//3285 2732//3290 2728//859
f 2732//3290 2733//848 2728//859
f 2728//859 2733//848 2729//847
f 3480//3291 2734//3292 2730//3288
f 2730//3288 2734//3292 2731//3289
f 2730//3288 3476//3286 3480//3291
f 3480//3291 3476//3286 3475//3293
f 2734//3292 2735//3294 2731//3289
f 2731//3289 2735//3294 2732//3290
f 2735//3294 2736//849 2732//3290
f 2732//3290 2736//849 2733//848
f 3484//3295 2738//3296 2734//3292
f 2734//3292 2738//3296 2735//3294
f 2734//3292 3480//3291 3484//3295
f 3484//3295 3480//3291 3479//3297
f 2738//3296 2739//3298 2735//3294
f 2735//3294 2739//3298 2736//849
f 2739//3298 2740//836 2736//849
f 2736//849 2740//836 2737//835
f 3487//3299 2741//3300 2738//3296
f 2738//3296 2741//3300 2739//3298
f 2738//3296 3484//3295 3487//3299
f 3487//3299 3484//3295 3483//3301
f 2741//3300 2742//837 2739//3298
f 2739//3298 2742//837 2740//836
f 3490//3302 2744//3303 2741//3300
f 2741//3300 2744//3303 2742//837
f 2741//3300 3487//3299 3490//3302
f 3490//3302 3487//3299 3486//3304
f 2744//3303 2745//822 2742//837
f 2742//837 2745//822 2743//821
f 3492//3305 2746//823 2744//3303
f 2744//3303 2746//823 2745//822
f 2744//3303 3490//3302 3492//3305
f 3492//3305 3490//3302 3489//3306
f 3494//3307 2748//806 2746//823
f 2746//823 2748//806 2747//805
f 2746//823 3492//3305 3494//3307
f 3494//3307 3492//3305 3491//3308
f 2748//806 3494//3307 3495//807
f 3495//807 3494//3307 3493//3309
f 2749//785 3495//807 3496//786
f 3496//786 3495//807 3312//3310
f 2753//2640 2754//3311 2750//632
f 2750//632 2754//3311 2751//3312
f 2750//632 2751//3312 3828//630
f 3828//630 2751//3312 3777//3313
f 2754//3311 2755//318 2751//3312
f 2751//3312 2755//318 3794//317
f 2751//3312 3794//317 3777//3313
f 3777//3313 3794//317 3778//320
f 2757//2645 2758//3314 2752//2639
f 2752//2639 2758//3314 2753//2640
f 2758//3314 2759//3315 2753//2640
f 2753//2640 2759//3315 2754//3311
f 2759//3315 2760//3316 2754//3311
f 2754//3311 2760//3316 2755//318
f 2760//3316 2761//3317 2755//318
f 2755//318 2761//3317 2756//313
f 2761//3317 2762//328 2756//313
f 2756//313 2762//328 3795//314
f 2765//2653 2766//3318 2757//2645
f 2757//2645 2766//3318 2758//3314
f 2766//3318 2767//3319 2758//3314
f 2758//3314 2767//3319 2759//3315
f 2767//3319 2768//3320 2759//3315
f 2759//3315 2768//3320 2760//3316
f 2768//3320 2769//3321 2760//3316
f 2760//3316 2769//3321 2761//3317
f 2761//3317 2769//3321 2762//328
f 2762//328 2769//3321 2770//3322
f 2762//328 2770//3322 2763//325
f 2763//325 2770//3322 2771//3323
f 2771//3323 2772//2833 2763//325
f 2763//325 2772//2833 3796//326
f 2775//2663 2776//3324 2764//2652
f 2764//2652 2776//3324 2765//2653
f 2776//3324 2777//3325 2765//2653
f 2765//2653 2777//3325 2766//3318
f 2777//3325 2778//3326 2766//3318
f 2766//3318 2778//3326 2767//3319
f 2767//3319 2778//3326 2768//3320
f 2768//3320 2778//3326 2779//3327
f 2768//3320 2779//3327 2769//3321
f 2769//3321 2779//3327 2780//3328
f 2769//3321 2780//3328 2770//3322
f 2770//3322 2780//3328 2781//3329
f 2770//3322 2781//3329 2771//3323
f 2771//3323 2781//3329 2782//2848
f 2771//3323 2782//2848 2772//2833
f 2772//2833 2782//2848 2783//2831
f 2772//2833 2773//2238 3796//326
f 3796//326 2773//2238 3743//3330
f 2773//2238 3832//2223 3743//3330
f 3743//3330 3832//2223 3285//2206
f 2784//2675 2785//3331 2774//2662
f 2774//2662 2785//3331 2775//2663
f 2785//3331 2786//3332 2775//2663
f 2775//2663 2786//3332 2776//3324
f 2786//3332 2787//3333 2776//3324
f 2776//3324 2787//3333 2777//3325
f 2787//3333 2788//3334 2777//3325
f 2777//3325 2788//3334 2778//3326
f 2778//3326 2788//3334 2779//3327
f 2779//3327 2788//3334 2789//3335
f 2779//3327 2789//3335 2780//3328
f 2780//3328 2789//3335 2790//2874
f 2780//3328 2790//2874 2781//3329
f 2781//3329 2790//2874 2791//2862
f 2781//3329 2791//2862 2782//2848
f 2782//2848 2791//2862 2792//2846
f 2794//2690 2795//3336 2784//2675
f 2784//2675 2795//3336 2785//3331
f 2795//3336 2796//3337 2785//3331
f 2785//3331 2796//3337 2786//3332
f 2796//3337 2797//3338 2786//3332
f 2786//3332 2797//3338 2787//3333
f 2797//3338 2798//3339 2787//3333
f 2787//3333 2798//3339 2788//3334
f 2788//3334 2798//3339 2789//3335
f 2789//3335 2798//3339 2799//2888
f 2789//3335 2799//2888 2790//2874
f 2790//2874 2799//2888 2800//2873
f 2801//2708 2802//3340 2793//2689
f 2793//2689 2802//3340 2794//2690
f 2802//3340 2803//3341 2794//2690
f 2794//2690 2803//3341 2795//3336
f 2803//3341 2804//3342 2795//3336
f 2795//3336 2804//3342 2796//3337
f 2804//3342 2805//3343 2796//3337
f 2796//3337 2805//3343 2797//3338
f 2805//3343 2806//2900 2797//3338
f 2797//3338 2806//2900 2798//3339
f 2798//3339 2806//2900 2799//2888
f 2799//2888 2806//2900 2807//2886
f 2809//2730 2810//3344 2801//2708
f 2801//2708 2810//3344 2802//3340
f 2810//3344 2811//3345 2802//3340
f 2802//3340 2811//3345 2803//3341
f 2811//3345 2812//2918 2803//3341
f 2803//3341 2812//2918 2804//3342
f 2812//2918 2813//2911 2804//3342
f 2804//3342 2813//2911 2805//3343
f 2813//2911 2814//2898 2805//3343
f 2805//3343 2814//2898 2806//2900
f 2816//2750 2817//3346 2808//2729
f 2808//2729 2817//3346 2809//2730
f 2817//3346 2818//3347 2809//2730
f 2809//2730 2818//3347 2810//3344
f 2818//3347 2819//2929 2810//3344
f 2810//3344 2819//2929 2811//3345
f 2819//2929 2820//2919 2811//3345
f 2811//3345 2820//2919 2812//2918
f 2821//2768 2822//3348 2815//2749
f 2815//2749 2822//3348 2816//2750
f 2822//3348 2823//3349 2816//2750
f 2816//2750 2823//3349 2817//3346
f 2823//3349 2824//2937 2817//3346
f 2817//3346 2824//2937 2818//3347
f 2824//2937 2825//2927 2818//3347
f 2818//3347 2825//2927 2819//2929
f 2827//2784 2828//2948 2821//2768
f 2821//2768 2828//2948 2822//3348
f 2828//2948 2829//2944 2822//3348
f 2822//3348 2829//2944 2823//3349
f 2829//2944 2830//2935 2823//3349
f 2823//3349 2830//2935 2824//2937
f 2831//2798 2832//2956 2826//2783
f 2826//2783 2832//2956 2827//2784
f 2832//2956 2833//2949 2827//2784
f 2827//2784 2833//2949 2828//2948
f 2835//2810 2836//2954 2831//2798
f 2831//2798 2836//2954 2832//2956
f 2838//2820 2839//2959 2834//2809
f 2834//2809 2839//2959 2835//2810
f 2846//597 2848//596 2847//3056
f 2847//3056 2848//596 2849//3073
f 2848//596 2852//595 2849//3073
f 2849//3073 2852//595 2853//605
f 2849//3073 2853//605 2850//3071
f 2850//3071 2853//605 2854//3350
f 2850//3071 2854//3350 2851//3072
f 2851//3072 2854//3350 2855//3087
f 2853//605 2857//604 2854//3350
f 2854//3350 2857//604 2858//612
f 2854//3350 2858//612 2855//3087
f 2855//3087 2858//612 2859//3351
f 2855//3087 2859//3351 2856//3085
f 2856//3085 2859//3351 2860//3096
f 2858//612 2863//611 2859//3351
f 2859//3351 2863//611 2864//618
f 2859//3351 2864//618 2860//3096
f 2860//3096 2864//618 2865//3352
f 2860//3096 2865//3352 2861//3097
f 2861//3097 2865//3352 2866//3353
f 2861//3097 2866//3353 2862//3098
f 2862//3098 2866//3353 2867//3107
f 2864//618 2870//617 2865//3352
f 2865//3352 2870//617 2871//3354
f 2865//3352 2871//3354 2866//3353
f 2866//3353 2871//3354 2872//3355
f 2866//3353 2872//3355 2867//3107
f 2867//3107 2872//3355 2873//3356
f 2873//3356 2874//3357 2867//3107
f 2867//3107 2874//3357 2868//3105
f 2874//3357 2875//3113 2868//3105
f 2868//3105 2875//3113 2869//3106
f 2870//617 2878//616 2871//3354
f 2871//3354 2878//616 2879//624
f 2871//3354 2879//624 2872//3355
f 2872//3355 2879//624 2880//3358
f 2872//3355 2880//3358 2873//3356
f 2873//3356 2880//3358 2881//3359
f 2881//3359 2882//3360 2873//3356
f 2873//3356 2882//3360 2874//3357
f 2882//3360 2883//3361 2874//3357
f 2874//3357 2883//3361 2875//3113
f 2883//3361 2884//3362 2875//3113
f 2875//3113 2884//3362 2876//3111
f 2884//3362 2885//3115 2876//3111
f 2876//3111 2885//3115 2877//3112
f 2879//624 2887//623 2880//3358
f 2880//3358 2887//623 2888//629
f 2880//3358 2888//629 2881//3359
f 2881//3359 2888//629 2889//3363
f 2889//3363 2890//3364 2881//3359
f 2881//3359 2890//3364 2882//3360
f 2890//3364 2891//3365 2882//3360
f 2882//3360 2891//3365 2883//3361
f 2891//3365 2892//3366 2883//3361
f 2883//3361 2892//3366 2884//3362
f 2892//3366 2893//3367 2884//3362
f 2884//3362 2893//3367 2885//3115
f 2893//3367 3208//2101 2885//3115
f 2885//3115 3208//2101 2886//2105
f 2888//629 2894//628 2889//3363
f 2889//3363 2894//628 2895//633
f 2895//633 2896//3368 2889//3363
f 2889//3363 2896//3368 2890//3364
f 2896//3368 2897//3369 2890//3364
f 2890//3364 2897//3369 2891//3365
f 2897//3369 3739//3370 2891//3365
f 2891//3365 3739//3370 2892//3366
f 3739//3370 3209//3371 2892//3366
f 2892//3366 3209//3371 2893//3367
f 3209//3371 3261//2103 2893//3367
f 2893//3367 3261//2103 3208//2101
f 2898//631 2899//3372 2895//633
f 2895//633 2899//3372 2896//3368
f 2899//3372 3211//3373 2896//3368
f 2896//3368 3211//3373 2897//3369
f 3211//3373 3210//3374 2897//3369
f 2897//3369 3210//3374 3739//3370
f 3828//630 3214//3375 2898//631
f 2898//631 3214//3375 2899//3372
f 2899//3372 3214//3375 3211//3373
f 3211//3373 3214//3375 3212//3376
f 2902//308 2903//2300 2900//309
f 2900//309 2903//2300 2901//2293
f 2905//307 2906//3377 2902//308
f 2902//308 2906//3377 2903//2300
f 2906//3377 2907//2305 2903//2300
f 2903//2300 2907//2305 2904//2298
f 2909//306 2910//3378 2905//307
f 2905//307 2910//3378 2906//3377
f 2910//3378 2911//3379 2906//3377
f 2906//3377 2911//3379 2907//2305
f 2911//3379 2912//2309 2907//2305
f 2907//2305 2912//2309 2908//2303
f 2914//305 2915//3380 2909//306
f 2909//306 2915//3380 2910//3378
f 2915//3380 2916//3381 2910//3378
f 2910//3378 2916//3381 2911//3379
f 2916//3381 2917//3382 2911//3379
f 2911//3379 2917//3382 2912//2309
f 2912//2309 2917//3382 2913//2307
f 2913//2307 2917//3382 2918//2312
f 2914//305 2920//304 2915//3380
f 2915//3380 2920//304 2921//3383
f 2915//3380 2921//3383 2916//3381
f 2916//3381 2921//3383 2922//3384
f 2916//3381 2922//3384 2917//3382
f 2917//3382 2922//3384 2923//3385
f 2917//3382 2923//3385 2918//2312
f 2918//2312 2923//3385 2924//3386
f 2918//2312 2924//3386 2919//2310
f 2919//2310 2924//3386 2925//2315
f 2920//304 2927//303 2921//3383
f 2921//3383 2927//303 2928//3387
f 2921//3383 2928//3387 2922//3384
f 2922//3384 2928//3387 2929//3388
f 2922//3384 2929//3388 2923//3385
f 2923//3385 2929//3388 2930//3389
f 2923//3385 2930//3389 2924//3386
f 2924//3386 2930//3389 2931//3390
f 2924//3386 2931//3390 2925//2315
f 2925//2315 2931//3390 2932//3391
f 2925//2315 2932//3391 2926//2313
f 2926//2313 2932//3391 2933//2317
f 2935//298 2936//3392 2927//303
f 2927//303 2936//3392 2928//3387
f 2936//3392 2937//3393 2928//3387
f 2928//3387 2937//3393 2929//3388
f 2937//3393 2938//3394 2929//3388
f 2929//3388 2938//3394 2930//3389
f 2930//3389 2938//3394 2931//3390
f 2931//3390 2938//3394 2939//3395
f 2931//3390 2939//3395 2932//3391
f 2932//3391 2939//3395 2940//3396
f 2932//3391 2940//3396 2933//2317
f 2933//2317 2940//3396 2941//3397
f 2933//2317 2941//3397 2934//2316
f 2934//2316 2941//3397 2942//2319
f 2944//296 2945//2509 2935//298
f 2935//298 2945//2509 2936//3392
f 2945//2509 2946//2510 2936//3392
f 2936//3392 2946//2510 2937//3393
f 2946//2510 2947//2516 2937//3393
f 2937//3393 2947//2516 2938//3394
f 2947//2516 2948//2519 2938//3394
f 2938//3394 2948//2519 2939//3395
f 2948//2519 2949//2522 2939//3395
f 2939//3395 2949//2522 2940//3396
f 2949//2522 2950//2525 2940//3396
f 2940//3396 2950//2525 2941//3397
f 2950//2525 2951//2528 2941//3397
f 2941//3397 2951//2528 2942//2319
f 2951//2528 2952//2320 2942//2319
f 2942//2319 2952//2320 2943//2318
f 2944//296 3685//295 3620//2513
f 3620//2513 3685//295 3345//3398
f 2957//3210 2958//3399 2954//3209
f 2954//3209 2958//3399 2955//3400
f 2954//3209 2955//3400 3819//2259
f 3819//2259 2955//3400 3761//2257
f 2955//3400 3619//3401 3761//2257
f 3761//2257 3619//3401 3760//2258
f 2958//3399 2959//3402 2955//3400
f 2955//3400 2959//3402 3619//3401
f 2960//3216 2961//3403 2956//3207
f 2956//3207 2961//3403 2957//3210
f 2961//3403 2962//3404 2957//3210
f 2957//3210 2962//3404 2958//3399
f 2958//3399 2962//3404 2959//3402
f 2959//3402 2962//3404 2963//3405
f 2959//3402 3614//3406 3619//3401
f 3619//3401 3614//3406 3618//3407
f 2959//3402 2963//3405 3614//3406
f 3614//3406 2963//3405 2964//3408
f 2966//3219 2967//3409 2960//3216
f 2960//3216 2967//3409 2961//3403
f 2967//3409 2968//3410 2961//3403
f 2961//3403 2968//3410 2962//3404
f 2962//3404 2968//3410 2963//3405
f 2963//3405 2968//3410 2969//3411
f 2963//3405 2969//3411 2964//3408
f 2964//3408 2969//3411 2970//3412
f 2964//3408 2970//3412 3610//3413
f 3610//3413 2970//3412 2971//3414
f 3610//3413 3613//3415 2964//3408
f 2964//3408 3613//3415 3614//3406
f 2972//3227 2973//3416 2965//3217
f 2965//3217 2973//3416 2966//3219
f 2973//3416 2974//3417 2966//3219
f 2966//3219 2974//3417 2967//3409
f 2974//3417 2975//3418 2967//3409
f 2967//3409 2975//3418 2968//3410
f 2968//3410 2975//3418 2969//3411
f 2969//3411 2975//3418 2976//3419
f 2969//3411 2976//3419 2970//3412
f 2970//3412 2976//3419 2977//3420
f 2970//3412 2977//3420 2971//3414
f 2971//3414 2977//3420 2978//3421
f 2971//3414 2978//3421 3607//3422
f 3607//3422 2978//3421 2979//3423
f 3607//3422 3609//3424 2971//3414
f 2971//3414 3609//3424 3610//3413
f 2981//3229 2982//3425 2972//3227
f 2972//3227 2982//3425 2973//3416
f 2982//3425 2983//3426 2973//3416
f 2973//3416 2983//3426 2974//3417
f 2983//3426 2984//3427 2974//3417
f 2974//3417 2984//3427 2975//3418
f 2975//3418 2984//3427 2976//3419
f 2976//3419 2984//3427 2985//3428
f 2976//3419 2985//3428 2977//3420
f 2977//3420 2985//3428 2986//3429
f 2977//3420 2986//3429 2978//3421
f 2978//3421 2986//3429 2987//3430
f 2978//3421 2987//3430 2979//3423
f 2979//3423 2987//3430 2988//3431
f 2979//3423 2988//3431 3604//3432
f 3604//3432 2988//3431 2989//3433
f 3604//3432 3606//3434 2979//3423
f 2979//3423 3606//3434 3607//3422
f 3797//20 3798//24 2980//3228
f 2980//3228 3798//24 2981//3229
f 3798//24 3799//27 2981//3229
f 2981//3229 3799//27 2982//3425
f 3799//27 3800//30 2982//3425
f 2982//3425 3800//30 2983//3426
f 3800//30 3801//33 2983//3426
f 2983//3426 3801//33 2984//3427
f 2984//3427 3801//33 2985//3428
f 2985//3428 3801//33 3802//3435
f 2985//3428 3802//3435 2986//3429
f 2986//3429 3802//3435 3803//3436
f 2986//3429 3803//3436 2987//3430
f 2987//3430 3803//3436 3804//3437
f 2987//3430 3804//3437 2988//3431
f 2988//3431 3804//3437 3805//3438
f 2988//3431 3805//3438 2989//3433
f 2989//3433 3805//3438 3806//3439
f 2989//3433 3806//3439 3602//3440
f 3602//3440 3806//3439 3807//3441
f 3602//3440 3603//3442 2989//3433
f 2989//3433 3603//3442 3604//3432
f 3221//3443 3222//3444 2990//2492
f 2990//2492 3222//3444 2991//2493
f 2990//2492 3218//2491 3221//3443
f 3221//3443 3218//2491 3220//3445
f 2991//2493 3222//3444 2992//2494
f 2992//2494 3222//3444 3223//3446
f 2992//2494 3223//3446 2993//2495
f 2993//2495 3223//3446 3004//3447
f 2993//2495 3004//3447 2994//2496
f 2994//2496 3004//3447 3005//3448
f 2994//2496 3005//3448 2995//2497
f 2995//2497 3005//3448 3006//3449
f 3006//3449 3007//3450 2995//2497
f 2995//2497 3007//3450 2996//2498
f 3007//3450 3008//3451 2996//2498
f 2996//2498 3008//3451 2997//2499
f 2997//2499 3008//3451 2998//2500
f 2998//2500 3008//3451 3009//3452
f 2998//2500 3009//3452 2999//2501
f 2999//2501 3009//3452 3010//3453
f 2999//2501 3010//3453 3000//2502
f 3000//2502 3010//3453 3011//3454
f 3000//2502 3011//3454 3001//2503
f 3001//2503 3011//3454 3012//3455
f 3001//2503 3012//3455 3002//2504
f 3002//2504 3012//3455 3013//3456
f 3002//2504 3013//3456 3003//2505
f 3003//2505 3013//3456 3014//3259
f 3004//3447 3229//3457 3005//3448
f 3005//3448 3229//3457 3230//3458
f 3223//3446 3228//3459 3004//3447
f 3004//3447 3228//3459 3229//3457
f 3005//3448 3230//3458 3006//3449
f 3006//3449 3230//3458 3231//3460
f 3006//3449 3231//3460 3007//3450
f 3007//3450 3231//3460 3015//3461
f 3007//3450 3015//3461 3008//3451
f 3008//3451 3015//3461 3016//3462
f 3008//3451 3016//3462 3009//3452
f 3009//3452 3016//3462 3017//3463
f 3009//3452 3017//3463 3010//3453
f 3010//3453 3017//3463 3018//3464
f 3010//3453 3018//3464 3011//3454
f 3011//3454 3018//3464 3019//3465
f 3011//3454 3019//3465 3012//3455
f 3012//3455 3019//3465 3020//3466
f 3012//3455 3020//3466 3013//3456
f 3013//3456 3020//3466 3021//3265
f 3013//3456 3021//3265 3014//3259
f 3014//3259 3021//3265 3780//3260
f 3015//3461 3239//3467 3016//3462
f 3016//3462 3239//3467 3240//3468
f 3231//3460 3238//3469 3015//3461
f 3015//3461 3238//3469 3239//3467
f 3016//3462 3240//3468 3017//3463
f 3017//3463 3240//3468 3022//3470
f 3017//3463 3022//3470 3018//3464
f 3018//3464 3022//3470 3023//3471
f 3018//3464 3023//3471 3019//3465
f 3019//3465 3023//3471 3024//3472
f 3019//3465 3024//3472 3020//3466
f 3020//3466 3024//3472 3025//3473
f 3020//3466 3025//3473 3021//3265
f 3021//3265 3025//3473 3026//3264
f 3240//3468 3249//28 3022//3470
f 3022//3470 3249//28 3250//25
f 3022//3470 3250//25 3023//3471
f 3023//3471 3250//25 3251//23
f 3023//3471 3251//23 3024//3472
f 3024//3472 3251//23 3252//21
f 3024//3472 3252//21 3025//3473
f 3025//3473 3252//21 3027//16
f 3025//3473 3027//16 3026//3264
f 3026//3264 3027//16 3781//14
f 3028//1411 3762//3258 3029//1412
f 3029//1412 3762//3258 3763//3474
f 3081//1413 3821//3257 3028//1411
f 3028//1411 3821//3257 3762//3258
f 3031//3475 3032//1417 3029//1412
f 3029//1412 3032//1417 3030//1409
f 3029//1412 3763//3474 3031//3475
f 3031//3475 3763//3474 3764//3476
f 3035//3477 3036//3478 3031//3475
f 3031//3475 3036//3478 3032//1417
f 3031//3475 3764//3476 3035//3477
f 3035//3477 3764//3476 3765//3479
f 3036//3478 3037//3480 3032//1417
f 3032//1417 3037//3480 3033//1414
f 3037//3480 3038//1427 3033//1414
f 3033//1414 3038//1427 3034//1415
f 3040//3481 3041//3482 3035//3477
f 3035//3477 3041//3482 3036//3478
f 3035//3477 3765//3479 3040//3481
f 3040//3481 3765//3479 3766//3483
f 3041//3482 3042//3484 3036//3478
f 3036//3478 3042//3484 3037//3480
f 3042//3484 3043//3485 3037//3480
f 3037//3480 3043//3485 3038//1427
f 3043//3485 3044//1433 3038//1427
f 3038//1427 3044//1433 3039//1425
f 3040//3481 3045//3486 3041//3482
f 3041//3482 3045//3486 3046//3487
f 3766//3483 3767//3488 3040//3481
f 3040//3481 3767//3488 3045//3486
f 3041//3482 3046//3487 3042//3484
f 3042//3484 3046//3487 3047//3489
f 3042//3484 3047//3489 3043//3485
f 3043//3485 3047//3489 3323//3490
f 3043//3485 3323//3490 3044//1433
f 3044//1433 3323//3490 3324//3491
f 3044//1433 3324//3491 3322//1431
f 3322//1431 3324//3491 3325//2613
f 3045//3486 3048//3492 3046//3487
f 3046//3487 3048//3492 3326//3493
f 3767//3488 3768//335 3045//3486
f 3045//3486 3768//335 3048//3492
f 3046//3487 3326//3493 3047//3489
f 3047//3489 3326//3493 3327//3494
f 3047//3489 3327//3494 3323//3490
f 3323//3490 3327//3494 3328//3495
f 3048//3492 3657//337 3326//3493
f 3326//3493 3657//337 3658//3496
f 3768//335 3822//334 3048//3492
f 3048//3492 3822//334 3657//337
f 3050//2252 3053//2265 3051//2254
f 3051//2254 3053//2265 3054//3213
f 3056//2272 3057//3497 3052//2263
f 3052//2263 3057//3497 3053//2265
f 3057//3497 3058//3222 3053//2265
f 3053//2265 3058//3222 3054//3213
f 3059//2280 3060//3498 3055//2270
f 3055//2270 3060//3498 3056//2272
f 3060//3498 3061//3499 3056//2272
f 3056//2272 3061//3499 3057//3497
f 3061//3499 3062//3233 3057//3497
f 3057//3497 3062//3233 3058//3222
f 3064//2282 3065//3500 3059//2280
f 3059//2280 3065//3500 3060//3498
f 3065//3500 3066//3501 3060//3498
f 3060//3498 3066//3501 3061//3499
f 3066//3501 3067//3241 3061//3499
f 3061//3499 3067//3241 3062//3233
f 3069//2286 3070//3502 3063//2281
f 3063//2281 3070//3502 3064//2282
f 3070//3502 3071//3503 3064//2282
f 3064//2282 3071//3503 3065//3500
f 3071//3503 3072//3504 3065//3500
f 3065//3500 3072//3504 3066//3501
f 3072//3504 3073//3248 3066//3501
f 3066//3501 3073//3248 3067//3241
f 3075//2288 3076//3505 3068//2285
f 3068//2285 3076//3505 3069//2286
f 3076//3505 3077//3506 3069//2286
f 3069//2286 3077//3506 3070//3502
f 3077//3506 3078//3507 3070//3502
f 3070//3502 3078//3507 3071//3503
f 3078//3507 3079//3508 3071//3503
f 3071//3503 3079//3508 3072//3504
f 3079//3508 3080//3253 3072//3504
f 3072//3504 3080//3253 3073//3248
f 3768//335 3767//3488 3074//330
f 3074//330 3767//3488 3075//2288
f 3767//3488 3766//3483 3075//2288
f 3075//2288 3766//3483 3076//3505
f 3766//3483 3765//3479 3076//3505
f 3076//3505 3765//3479 3077//3506
f 3077//3506 3765//3479 3078//3507
f 3078//3507 3765//3479 3764//3476
f 3078//3507 3764//3476 3079//3508
f 3079//3508 3764//3476 3763//3474
f 3763//3474 3762//3258 3079//3508
f 3079//3508 3762//3258 3080//3253
f 3082//1407 3084//1408 3083//3255
f 3083//3255 3084//1408 3085//3256
f 3084//1408 3088//1419 3085//3256
f 3085//3256 3088//1419 3089//3509
f 3085//3256 3089//3509 3086//3250
f 3086//3250 3089//3509 3090//3251
f 3087//1418 3092//1421 3088//1419
f 3088//1419 3092//1421 3093//3510
f 3088//1419 3093//3510 3089//3509
f 3089//3509 3093//3510 3094//3511
f 3089//3509 3094//3511 3090//3251
f 3090//3251 3094//3511 3095//3512
f 3090//3251 3095//3512 3091//3244
f 3091//3244 3095//3512 3096//3245
f 3092//1421 3098//1428 3093//3510
f 3093//3510 3098//1428 3099//3513
f 3093//3510 3099//3513 3094//3511
f 3094//3511 3099//3513 3100//3514
f 3094//3511 3100//3514 3095//3512
f 3095//3512 3100//3514 3101//3515
f 3095//3512 3101//3515 3096//3245
f 3096//3245 3101//3515 3102//3276
f 3096//3245 3102//3276 3097//3237
f 3097//3237 3102//3276 3103//3238
f 3098//1428 3462//1435 3099//3513
f 3099//3513 3462//1435 3463//3516
f 3099//3513 3463//3516 3100//3514
f 3100//3514 3463//3516 3464//3517
f 3100//3514 3464//3517 3101//3515
f 3101//3515 3464//3517 3465//3282
f 3101//3515 3465//3282 3102//3276
f 3102//3276 3465//3282 3466//3275
f 3105//1824 3219//3518 3104//1826
f 3104//1826 3219//3518 3217//2490
f 3107//1827 3224//3519 3105//1824
f 3105//1824 3224//3519 3219//3518
f 3108//1755 3109//3520 3106//1784
f 3106//1784 3109//3520 3107//1827
f 3109//3520 3110//3521 3107//1827
f 3107//1827 3110//3521 3224//3519
f 3111//1753 3112//3522 3108//1755
f 3108//1755 3112//3522 3109//3520
f 3112//3522 3113//3523 3109//3520
f 3109//3520 3113//3523 3110//3521
f 3113//3523 3241//3524 3110//3521
f 3110//3521 3241//3524 3232//3525
f 3110//3521 3232//3525 3224//3519
f 3224//3519 3232//3525 3225//3526
f 3115//1756 3116//3527 3111//1753
f 3111//1753 3116//3527 3112//3522
f 3116//3527 3117//3528 3112//3522
f 3112//3522 3117//3528 3113//3523
f 3117//3528 3253//3529 3113//3523
f 3113//3523 3253//3529 3241//3524
f 3118//1698 3119//3530 3114//1699
f 3114//1699 3119//3530 3115//1756
f 3119//3530 3120//3531 3115//1756
f 3115//1756 3120//3531 3116//3527
f 3120//3531 3121//3532 3116//3527
f 3116//3527 3121//3532 3117//3528
f 3121//3532 3847//3533 3117//3528
f 3117//3528 3847//3533 3253//3529
f 3123//1700 3124//3534 3118//1698
f 3118//1698 3124//3534 3119//3530
f 3124//3534 3125//3535 3119//3530
f 3119//3530 3125//3535 3120//3531
f 3125//3535 3126//3536 3120//3531
f 3120//3531 3126//3536 3121//3532
f 3126//3536 3769//3537 3121//3532
f 3121//3532 3769//3537 3847//3533
f 3122//1646 3127//1620 3123//1700
f 3123//1700 3127//1620 3128//3538
f 3123//1700 3128//3538 3124//3534
f 3124//3534 3128//3538 3129//3539
f 3129//3539 3130//3540 3124//3534
f 3124//3534 3130//3540 3125//3535
f 3130//3540 3346//3541 3125//3535
f 3125//3535 3346//3541 3126//3536
f 3346//3541 3770//3542 3126//3536
f 3126//3536 3770//3542 3769//3537
f 3127//1620 3131//1619 3128//3538
f 3128//3538 3131//1619 3132//3543
f 3128//3538 3132//3543 3129//3539
f 3129//3539 3132//3543 3133//3544
f 3129//3539 3133//3544 3130//3540
f 3130//3540 3133//3544 3353//3545
f 3130//3540 3353//3545 3346//3541
f 3346//3541 3353//3545 3347//3546
f 3131//1619 3135//1622 3132//3543
f 3132//3543 3135//1622 3136//3547
f 3132//3543 3136//3547 3133//3544
f 3133//3544 3136//3547 3137//3548
f 3133//3544 3137//3548 3353//3545
f 3353//3545 3137//3548 3354//3549
f 3134//1579 3138//1578 3135//1622
f 3135//1622 3138//1578 3139//3550
f 3135//1622 3139//3550 3136//3547
f 3136//3547 3139//3550 3140//3551
f 3136//3547 3140//3551 3137//3548
f 3137//3548 3140//3551 3360//3552
f 3137//3548 3360//3552 3354//3549
f 3354//3549 3360//3552 3355//3553
f 3138//1578 3142//1580 3139//3550
f 3139//3550 3142//1580 3143//3554
f 3139//3550 3143//3554 3140//3551
f 3140//3551 3143//3554 3366//3555
f 3140//3551 3366//3555 3360//3552
f 3360//3552 3366//3555 3361//3556
f 3141//1543 3144//1524 3142//1580
f 3142//1580 3144//1524 3145//3557
f 3142//1580 3145//3557 3143//3554
f 3143//3554 3145//3557 3146//3558
f 3143//3554 3146//3558 3366//3555
f 3366//3555 3146//3558 3367//3559
f 3144//1524 3147//1523 3145//3557
f 3145//3557 3147//1523 3148//3560
f 3145//3557 3148//3560 3146//3558
f 3146//3558 3148//3560 3371//3561
f 3146//3558 3371//3561 3367//3559
f 3367//3559 3371//3561 3368//3562
f 3147//1523 3150//1526 3148//3560
f 3148//3560 3150//1526 3375//3563
f 3148//3560 3375//3563 3371//3561
f 3371//3561 3375//3563 3372//3564
f 3149//1497 3151//1496 3150//1526
f 3150//1526 3151//1496 3152//3565
f 3150//1526 3152//3565 3375//3563
f 3375//3563 3152//3565 3376//3566
f 3151//1496 3154//1498 3152//3565
f 3152//3565 3154//1498 3379//3567
f 3152//3565 3379//3567 3376//3566
f 3376//3566 3379//3567 3377//1997
f 3153//1475 3155//1464 3154//1498
f 3154//1498 3155//1464 3382//3568
f 3154//1498 3382//3568 3379//3567
f 3379//3567 3382//3568 3380//2003
f 3155//1464 3156//1463 3382//3568
f 3382//3568 3156//1463 3383//2009
f 3694//3569 3692//899 3158//907
f 3158//907 3692//899 3160//898
f 3158//907 3755//2610 3694//3569
f 3694//3569 3755//2610 3754//2609
f 3159//905 3756//949 3158//907
f 3158//907 3756//949 3755//2610
f 3811//906 3809//948 3159//905
f 3159//905 3809//948 3756//949
f 3161//888 3692//899 3693//889
f 3693//889 3692//899 3691//916
f 3810//310 3310//884 3163//312
f 3163//312 3310//884 3843//886
f 3164//269 3207//2635 3165//265
f 3165//265 3207//2635 3820//3570
f 3165//265 3820//3570 3386//267
f 3386//267 3820//3570 3833//2616
f 3168//3571 3169//3572 3166//3573
f 3166//3573 3169//3572 3167//3574
f 3166//3573 3499//3575 3168//3571
f 3168//3571 3499//3575 3500//3576
f 3166//3573 3814//3577 3499//3575
f 3499//3575 3814//3577 3409//3578
f 3166//3573 3167//3574 3814//3577
f 3814//3577 3167//3574 3748//2541
f 3167//3574 3337//3579 3748//2541
f 3748//2541 3337//3579 3749//2538
f 3169//3572 3170//3580 3167//3574
f 3167//3574 3170//3580 3337//3579
f 3171//3581 3172//3582 3168//3571
f 3168//3571 3172//3582 3169//3572
f 3168//3571 3500//3576 3171//3581
f 3171//3581 3500//3576 3501//3583
f 3169//3572 3172//3582 3170//3580
f 3170//3580 3172//3582 3173//3584
f 3342//3585 3338//3586 3170//3580
f 3170//3580 3338//3586 3337//3579
f 3170//3580 3173//3584 3342//3585
f 3342//3585 3173//3584 3174//3587
f 3171//3581 3176//3588 3172//3582
f 3172//3582 3176//3588 3177//3589
f 3501//3583 3175//3590 3171//3581
f 3171//3581 3175//3590 3176//3588
f 3172//3582 3177//3589 3173//3584
f 3173//3584 3177//3589 3178//3591
f 3173//3584 3178//3591 3174//3587
f 3174//3587 3178//3591 3179//2514
f 3345//3398 3343//3592 3174//3587
f 3174//3587 3343//3592 3342//3585
f 3174//3587 3179//2514 3345//3398
f 3345//3398 3179//2514 3620//2513
f 3505//3593 3506//3594 3175//3590
f 3175//3590 3506//3594 3180//3595
f 3175//3590 3501//3583 3505//3593
f 3505//3593 3501//3583 3504//3596
f 3175//3590 3180//3595 3176//3588
f 3176//3588 3180//3595 3181//3597
f 3176//3588 3181//3597 3177//3589
f 3177//3589 3181//3597 3182//3598
f 3177//3589 3182//3598 3178//3591
f 3178//3591 3182//3598 3183//3599
f 3178//3591 3183//3599 3179//2514
f 3179//2514 3183//3599 3184//2511
f 3180//3595 3185//3600 3181//3597
f 3181//3597 3185//3600 3186//3601
f 3506//3594 3507//3602 3180//3595
f 3180//3595 3507//3602 3185//3600
f 3181//3597 3186//3601 3182//3598
f 3182//3598 3186//3601 3187//3603
f 3182//3598 3187//3603 3183//3599
f 3183//3599 3187//3603 3188//3604
f 3183//3599 3188//3604 3184//2511
f 3184//2511 3188//3604 3621//2512
f 3190//3605 3191//3606 3185//3600
f 3185//3600 3191//3606 3186//3601
f 3185//3600 3507//3602 3190//3605
f 3190//3605 3507//3602 3189//3607
f 3191//3606 3192//3608 3186//3601
f 3186//3601 3192//3608 3187//3603
f 3187//3603 3192//3608 3188//3604
f 3188//3604 3192//3608 3629//3609
f 3188//3604 3629//3609 3621//2512
f 3621//2512 3629//3609 3622//2517
f 3189//3607 3514//3610 3193//3611
f 3193//3611 3514//3610 3515//3612
f 3189//3607 3507//3602 3514//3610
f 3514//3610 3507//3602 3513//3613
f 3193//3611 3194//3614 3189//3607
f 3189//3607 3194//3614 3190//3605
f 3194//3614 3195//3615 3190//3605
f 3190//3605 3195//3615 3191//3606
f 3195//3615 3637//3616 3191//3606
f 3191//3606 3637//3616 3192//3608
f 3637//3616 3630//3617 3192//3608
f 3192//3608 3630//3617 3629//3609
f 3196//3618 3197//3619 3193//3611
f 3193//3611 3197//3619 3194//3614
f 3193//3611 3515//3612 3196//3618
f 3196//3618 3515//3612 3516//3620
f 3197//3619 3198//3621 3194//3614
f 3194//3614 3198//3621 3195//3615
f 3198//3621 3638//3622 3195//3615
f 3195//3615 3638//3622 3637//3616
f 3199//3623 3200//3624 3196//3618
f 3196//3618 3200//3624 3197//3619
f 3196//3618 3516//3620 3199//3623
f 3199//3623 3516//3620 3517//3625
f 3200//3624 3644//3626 3197//3619
f 3197//3619 3644//3626 3198//3621
f 3644//3626 3639//3627 3198//3621
f 3198//3621 3639//3627 3638//3622
f 3199//3623 3202//3628 3200//3624
f 3200//3624 3202//3628 3649//3629
f 3199//3623 3517//3625 3202//3628
f 3202//3628 3517//3625 3201//3630
f 3649//3629 3645//3631 3200//3624
f 3200//3624 3645//3631 3644//3626
f 3201//3630 3528//3632 3203//3633
f 3203//3633 3528//3632 3529//3634
f 3517//3625 3527//3635 3201//3630
f 3201//3630 3527//3635 3528//3632
f 3201//3630 3203//3633 3202//3628
f 3202//3628 3203//3633 3653//3636
f 3202//3628 3653//3636 3649//3629
f 3649//3629 3653//3636 3650//3637
f 3203//3633 3204//3638 3653//3636
f 3653//3636 3204//3638 3654//3639
f 3203//3633 3529//3634 3204//3638
f 3204//3638 3529//3634 3530//382
f 3656//2600 3655//2599 3204//3638
f 3204//3638 3655//2599 3654//3639
f 3204//3638 3530//382 3656//2600
f 3656//2600 3530//382 3205//162
f 3206//10 3687//12 3207//2635
f 3207//2635 3687//12 3690//2618
f 3207//2635 3690//2618 3820//3570
f 3820//3570 3690//2618 3833//2616
f 3209//3371 3739//3370 3262//3640
f 3262//3640 3739//3370 3210//3374
f 3262//3640 3263//2114 3209//3371
f 3209//3371 3263//2114 3261//2103
f 3211//3373 3212//3376 3210//3374
f 3210//3374 3212//3376 3740//3641
f 3210//3374 3740//3641 3262//3640
f 3262//3640 3740//3641 3264//3642
f 3214//3375 3215//3643 3212//3376
f 3212//3376 3215//3643 3213//3644
f 3212//3376 3213//3644 3740//3641
f 3740//3641 3213//3644 3266//3645
f 3213//3644 3269//3646 3266//3645
f 3266//3645 3269//3646 3270//3647
f 3215//3643 3216//3648 3213//3644
f 3213//3644 3216//3648 3269//3646
f 3828//630 3777//3313 3214//3375
f 3214//3375 3777//3313 3215//3643
f 3777//3313 3778//320 3215//3643
f 3215//3643 3778//320 3216//3648
f 3778//320 3779//319 3216//3648
f 3216//3648 3779//319 3272//3649
f 3216//3648 3272//3649 3269//3646
f 3269//3646 3272//3649 3273//3650
f 3219//3518 3220//3445 3217//2490
f 3217//2490 3220//3445 3218//2491
f 3224//3519 3225//3526 3219//3518
f 3219//3518 3225//3526 3220//3445
f 3225//3526 3226//3651 3220//3445
f 3220//3445 3226//3651 3221//3443
f 3221//3443 3226//3651 3222//3444
f 3222//3444 3226//3651 3227//3652
f 3222//3444 3227//3652 3223//3446
f 3223//3446 3227//3652 3228//3459
f 3232//3525 3233//3653 3225//3526
f 3225//3526 3233//3653 3226//3651
f 3226//3651 3233//3653 3227//3652
f 3227//3652 3233//3653 3234//3654
f 3227//3652 3234//3654 3228//3459
f 3228//3459 3234//3654 3235//3655
f 3228//3459 3235//3655 3229//3457
f 3229//3457 3235//3655 3236//3656
f 3229//3457 3236//3656 3230//3458
f 3230//3458 3236//3656 3237//3657
f 3230//3458 3237//3657 3231//3460
f 3231//3460 3237//3657 3238//3469
f 3232//3525 3241//3524 3233//3653
f 3233//3653 3241//3524 3242//3658
f 3233//3653 3242//3658 3234//3654
f 3234//3654 3242//3658 3243//3659
f 3234//3654 3243//3659 3235//3655
f 3235//3655 3243//3659 3244//3660
f 3235//3655 3244//3660 3236//3656
f 3236//3656 3244//3660 3245//3661
f 3236//3656 3245//3661 3237//3657
f 3237//3657 3245//3661 3246//3662
f 3237//3657 3246//3662 3238//3469
f 3238//3469 3246//3662 3247//3663
f 3238//3469 3247//3663 3239//3467
f 3239//3467 3247//3663 3248//32
f 3239//3467 3248//32 3240//3468
f 3240//3468 3248//32 3249//28
f 3241//3524 3253//3529 3242//3658
f 3242//3658 3253//3529 3254//3664
f 3242//3658 3254//3664 3243//3659
f 3243//3659 3254//3664 3255//3665
f 3243//3659 3255//3665 3244//3660
f 3244//3660 3255//3665 3256//3666
f 3244//3660 3256//3666 3245//3661
f 3245//3661 3256//3666 3257//3667
f 3245//3661 3257//3667 3246//3662
f 3246//3662 3257//3667 3258//3668
f 3246//3662 3258//3668 3247//3663
f 3247//3663 3258//3668 3259//3669
f 3247//3663 3259//3669 3248//32
f 3248//32 3259//3669 3260//31
f 3253//3529 3847//3533 3254//3664
f 3254//3664 3847//3533 3807//3441
f 3254//3664 3807//3441 3255//3665
f 3255//3665 3807//3441 3806//3439
f 3255//3665 3806//3439 3256//3666
f 3256//3666 3806//3439 3805//3438
f 3256//3666 3805//3438 3257//3667
f 3257//3667 3805//3438 3804//3437
f 3257//3667 3804//3437 3258//3668
f 3258//3668 3804//3437 3803//3436
f 3258//3668 3803//3436 3259//3669
f 3259//3669 3803//3436 3802//3435
f 3259//3669 3802//3435 3260//31
f 3260//31 3802//3435 3801//33
f 3264//3642 3265//2121 3262//3640
f 3262//3640 3265//2121 3263//2114
f 3267//3670 3268//2129 3264//3642
f 3264//3642 3268//2129 3265//2121
f 3740//3641 3266//3645 3264//3642
f 3264//3642 3266//3645 3267//3670
f 3266//3645 3270//3647 3267//3670
f 3267//3670 3270//3647 3271//2160
f 3267//3670 3271//2160 3268//2129
f 3268//2129 3271//2160 3744//2138
f 3269//3646 3273//3650 3270//3647
f 3270//3647 3273//3650 3274//3671
f 3270//3647 3274//3671 3271//2160
f 3271//2160 3274//3671 3275//2157
f 3779//319 3849//321 3272//3649
f 3272//3649 3849//321 3276//324
f 3272//3649 3276//324 3273//3650
f 3273//3650 3276//324 3277//3672
f 3273//3650 3277//3672 3274//3671
f 3274//3671 3277//3672 3278//3673
f 3274//3671 3278//3673 3275//2157
f 3275//2157 3278//3673 3279//2158
f 3276//324 3741//323 3277//3672
f 3277//3672 3741//323 3280//329
f 3277//3672 3280//329 3278//3673
f 3278//3673 3280//329 3281//3674
f 3278//3673 3281//3674 3279//2158
f 3279//2158 3281//3674 3282//2174
f 3742//327 3283//3675 3280//329
f 3280//329 3283//3675 3281//3674
f 3281//3674 3283//3675 3282//2174
f 3282//2174 3283//3675 3284//2188
f 3743//3330 3285//2206 3283//3675
f 3283//3675 3285//2206 3284//2188
f 3283//3675 3742//327 3743//3330
f 3743//3330 3742//327 3796//326
f 3289//3676 3293//3677 3290//1954
f 3290//1954 3293//3677 3294//1955
f 3393//3678 3292//1922 3289//3676
f 3289//3676 3292//1922 3293//3677
f 3390//3679 3392//3680 3289//3676
f 3289//3676 3392//3680 3393//3678
f 3290//1954 3389//788 3289//3676
f 3289//3676 3389//788 3390//3679
f 3291//1920 3396//3681 3844//1916
f 3844//1916 3396//3681 3399//1913
f 3292//1922 3393//3678 3291//1920
f 3291//1920 3393//3678 3396//3681
f 3292//1922 3295//1921 3293//3677
f 3293//3677 3295//1921 3296//1933
f 3293//3677 3296//1933 3294//1955
f 3294//1955 3296//1933 3297//1959
f 3296//1933 3298//1932 3297//1959
f 3297//1959 3298//1932 3299//1942
f 3302//9 3307//3 3303//1943
f 3303//1943 3307//3 3308//2630
f 3302//9 3407//1945 3818//7
f 3818//7 3407//1945 3317//3682
f 3303//1943 3308//2630 3304//1944
f 3304//1944 3308//2630 3309//2626
f 3495//807 3493//3309 3312//3310
f 3312//3310 3493//3309 3391//3683
f 3390//3679 3389//788 3312//3310
f 3312//3310 3389//788 3496//786
f 3312//3310 3391//3683 3390//3679
f 3390//3679 3391//3683 3392//3680
f 3491//3308 3488//3684 3313//3685
f 3313//3685 3488//3684 3776//3686
f 3313//3685 3493//3309 3491//3308
f 3491//3308 3493//3309 3494//3307
f 3394//3687 3391//3683 3313//3685
f 3313//3685 3391//3683 3493//3309
f 3313//3685 3776//3686 3394//3687
f 3394//3687 3776//3686 3397//3688
f 3314//3689 3315//3690 3400//3691
f 3400//3691 3315//3690 3403//1938
f 3485//3692 3481//3693 3314//3689
f 3314//3689 3481//3693 3315//3690
f 3314//3689 3488//3684 3485//3692
f 3485//3692 3488//3684 3489//3306
f 3400//3691 3776//3686 3314//3689
f 3314//3689 3776//3686 3488//3684
f 3315//3690 3405//1946 3403//1938
f 3403//1938 3405//1946 3406//1936
f 3481//3693 3316//3694 3315//3690
f 3315//3690 3316//3694 3405//1946
f 3316//3694 3317//3682 3405//1946
f 3405//1946 3317//3682 3407//1945
f 3477//3695 3472//3696 3316//3694
f 3316//3694 3472//3696 3317//3682
f 3316//3694 3481//3693 3477//3695
f 3477//3695 3481//3693 3482//3697
f 3472//3696 3318//3698 3317//3682
f 3317//3682 3318//3698 3818//7
f 3318//3698 3387//2605 3818//7
f 3818//7 3387//2605 3319//8
f 3467//3699 3816//1434 3318//3698
f 3318//3698 3816//1434 3387//2605
f 3318//3698 3472//3696 3467//3699
f 3467//3699 3472//3696 3473//3700
f 3320//2603 3387//2605 3388//1430
f 3388//1430 3387//2605 3816//1434
f 3323//3490 3328//3495 3324//3491
f 3324//3491 3328//3495 3329//3701
f 3324//3491 3329//3701 3325//2613
f 3325//2613 3329//3701 3817//1978
f 3326//3493 3658//3496 3327//3494
f 3327//3494 3658//3496 3659//3702
f 3327//3494 3659//3702 3328//3495
f 3328//3495 3659//3702 3660//3703
f 3328//3495 3660//3703 3329//3701
f 3329//3701 3660//3703 3661//3704
f 3329//3701 3661//3704 3817//1978
f 3817//1978 3661//3704 3775//3705
f 3665//3706 3668//3707 3330//3708
f 3330//3708 3668//3707 3331//3709
f 3330//3708 3661//3704 3665//3706
f 3665//3706 3661//3704 3660//3703
f 3774//3710 3775//3705 3330//3708
f 3330//3708 3775//3705 3661//3704
f 3330//3708 3331//3709 3774//3710
f 3774//3710 3331//3709 3773//3711
f 3668//3707 3335//3712 3331//3709
f 3331//3709 3335//3712 3332//3713
f 3331//3709 3332//3713 3773//3711
f 3773//3711 3332//3713 3772//3714
f 3335//3712 3336//3715 3332//3713
f 3332//3713 3336//3715 3333//3716
f 3332//3713 3333//3716 3772//3714
f 3772//3714 3333//3716 3771//3717
f 3336//3715 3449//3718 3333//3716
f 3333//3716 3449//3718 3334//3719
f 3333//3716 3334//3719 3771//3717
f 3771//3717 3334//3719 3770//3542
f 3334//3719 3449//3718 3447//3720
f 3447//3720 3449//3718 3450//3721
f 3447//3720 3769//3537 3334//3719
f 3334//3719 3769//3537 3770//3542
f 3669//350 3452//349 3335//3712
f 3335//3712 3452//349 3336//3715
f 3335//3712 3668//3707 3669//350
f 3669//350 3668//3707 3667//351
f 3336//3715 3452//349 3449//3718
f 3449//3718 3452//349 3453//356
f 3337//3579 3338//3586 3749//2538
f 3749//2538 3338//3586 3750//2539
f 3338//3586 3342//3585 3339//3722
f 3339//3722 3342//3585 3343//3592
f 3338//3586 3339//3722 3750//2539
f 3750//2539 3339//3722 3751//2545
f 3339//3722 3343//3592 3340//3723
f 3340//3723 3343//3592 3344//300
f 3339//3722 3340//3723 3751//2545
f 3751//2545 3340//3723 3752//2548
f 3340//3723 3344//300 3341//3724
f 3341//3724 3344//300 3682//299
f 3341//3724 3753//2554 3340//3723
f 3340//3723 3753//2554 3752//2548
f 3341//3724 3682//299 3678//2561
f 3678//2561 3682//299 3683//302
f 3678//2561 3808//2560 3341//3724
f 3341//3724 3808//2560 3753//2554
f 3343//3592 3345//3398 3344//300
f 3344//300 3345//3398 3685//295
f 3346//3541 3347//3546 3770//3542
f 3770//3542 3347//3546 3771//3717
f 3353//3545 3354//3549 3347//3546
f 3347//3546 3354//3549 3348//3725
f 3347//3546 3348//3725 3771//3717
f 3771//3717 3348//3725 3772//3714
f 3354//3549 3355//3553 3348//3725
f 3348//3725 3355//3553 3349//3726
f 3348//3725 3349//3726 3772//3714
f 3772//3714 3349//3726 3773//3711
f 3355//3553 3356//3727 3349//3726
f 3349//3726 3356//3727 3350//3728
f 3349//3726 3350//3728 3773//3711
f 3773//3711 3350//3728 3774//3710
f 3356//3727 3357//3729 3350//3728
f 3350//3728 3357//3729 3351//3730
f 3350//3728 3351//3730 3774//3710
f 3774//3710 3351//3730 3775//3705
f 3357//3729 3358//1977 3351//3730
f 3351//3730 3358//1977 3352//1976
f 3351//3730 3352//1976 3775//3705
f 3775//3705 3352//1976 3817//1978
f 3360//3552 3361//3556 3355//3553
f 3355//3553 3361//3556 3356//3727
f 3361//3556 3362//3731 3356//3727
f 3356//3727 3362//3731 3357//3729
f 3362//3731 3363//3732 3357//3729
f 3357//3729 3363//3732 3358//1977
f 3363//3732 3364//1983 3358//1977
f 3358//1977 3364//1983 3359//1974
f 3366//3555 3367//3559 3361//3556
f 3361//3556 3367//3559 3362//3731
f 3367//3559 3368//3562 3362//3731
f 3362//3731 3368//3562 3363//3732
f 3368//3562 3369//3733 3363//3732
f 3363//3732 3369//3733 3364//1983
f 3369//3733 3370//1987 3364//1983
f 3364//1983 3370//1987 3365//1981
f 3371//3561 3372//3564 3368//3562
f 3368//3562 3372//3564 3369//3733
f 3372//3564 3373//1990 3369//3733
f 3369//3733 3373//1990 3370//1987
f 3375//3563 3376//3566 3372//3564
f 3372//3564 3376//3566 3373//1990
f 3376//3566 3377//1997 3373//1990
f 3373//1990 3377//1997 3374//1989
f 3379//3567 3380//2003 3377//1997
f 3377//1997 3380//2003 3378//1995
f 3382//3568 3383//2009 3380//2003
f 3380//2003 3383//2009 3381//2001
f 3391//3683 3394//3687 3392//3680
f 3392//3680 3394//3687 3395//3734
f 3392//3680 3395//3734 3393//3678
f 3393//3678 3395//3734 3396//3681
f 3394//3687 3397//3688 3395//3734
f 3395//3734 3397//3688 3398//1914
f 3398//1914 3399//1913 3395//3734
f 3395//3734 3399//1913 3396//3681
f 3397//3688 3401//1928 3398//1914
f 3398//1914 3401//1928 3402//1909
f 3776//3686 3400//3691 3397//3688
f 3397//3688 3400//3691 3401//1928
f 3400//3691 3403//1938 3401//1928
f 3401//1928 3403//1938 3404//1926
f 3408//2540 3412//2542 3409//3578
f 3409//3578 3412//2542 3413//3735
f 3409//3578 3814//3577 3408//2540
f 3408//2540 3814//3577 3748//2541
f 3409//3578 3413//3735 3499//3575
f 3499//3575 3413//3735 3502//3736
f 3410//2535 3415//2551 3411//2537
f 3411//2537 3415//2551 3416//3737
f 3411//2537 3416//3737 3412//2542
f 3412//2542 3416//3737 3417//3738
f 3412//2542 3417//3738 3413//3735
f 3413//3735 3417//3738 3418//3739
f 3413//3735 3418//3739 3502//3736
f 3502//3736 3418//3739 3508//3740
f 3414//2550 3421//2557 3415//2551
f 3415//2551 3421//2557 3422//3741
f 3415//2551 3422//3741 3416//3737
f 3416//3737 3422//3741 3423//3742
f 3416//3737 3423//3742 3417//3738
f 3417//3738 3423//3742 3424//3743
f 3417//3738 3424//3743 3418//3739
f 3418//3739 3424//3743 3425//3744
f 3418//3739 3425//3744 3508//3740
f 3508//3740 3425//3744 3518//3745
f 3419//1436 3426//1386 3420//2556
f 3420//2556 3426//1386 3427//1438
f 3420//2556 3427//1438 3421//2557
f 3421//2557 3427//1438 3428//3116
f 3421//2557 3428//3116 3422//3741
f 3422//3741 3428//3116 3429//3746
f 3422//3741 3429//3746 3423//3742
f 3423//3742 3429//3746 3430//3747
f 3423//3742 3430//3747 3424//3743
f 3424//3743 3430//3747 3431//3748
f 3424//3743 3431//3748 3425//3744
f 3425//3744 3431//3748 3432//3749
f 3425//3744 3432//3749 3518//3745
f 3518//3745 3432//3749 3433//3750
f 3428//3116 3434//1440 3429//3746
f 3429//3746 3434//1440 3435//3117
f 3429//3746 3435//3117 3430//3747
f 3430//3747 3435//3117 3436//3119
f 3430//3747 3436//3119 3431//3748
f 3431//3748 3436//3119 3437//3751
f 3431//3748 3437//3751 3432//3749
f 3432//3749 3437//3751 3438//3752
f 3432//3749 3438//3752 3433//3750
f 3433//3750 3438//3752 3439//3753
f 3433//3750 3439//3753 3531//3754
f 3531//3754 3439//3753 3543//3755
f 3531//3754 3519//3756 3433//3750
f 3433//3750 3519//3756 3518//3745
f 3436//3119 3440//3118 3437//3751
f 3437//3751 3440//3118 3441//3121
f 3441//3121 3442//3124 3437//3751
f 3437//3751 3442//3124 3438//3752
f 3442//3124 3443//3757 3438//3752
f 3438//3752 3443//3757 3439//3753
f 3443//3757 3552//3758 3439//3753
f 3439//3753 3552//3758 3543//3755
f 3444//3123 3445//3125 3442//3124
f 3442//3124 3445//3125 3443//3757
f 3445//3125 3559//419 3443//3757
f 3443//3757 3559//419 3552//3758
f 3447//3720 3450//3721 3448//3759
f 3448//3759 3450//3721 3451//3760
f 3448//3759 3847//3533 3447//3720
f 3447//3720 3847//3533 3769//3537
f 3448//3759 3451//3760 3602//3440
f 3602//3440 3451//3760 3603//3442
f 3602//3440 3807//3441 3448//3759
f 3448//3759 3807//3441 3847//3533
f 3449//3718 3453//356 3450//3721
f 3450//3721 3453//356 3454//361
f 3450//3721 3454//361 3451//3760
f 3451//3760 3454//361 3455//3761
f 3451//3760 3455//3761 3603//3442
f 3603//3442 3455//3761 3605//3762
f 3454//361 3456//360 3455//3761
f 3455//3761 3456//360 3457//365
f 3455//3761 3457//365 3605//3762
f 3605//3762 3457//365 3458//3763
f 3457//365 3459//363 3458//3763
f 3458//3763 3459//363 3460//367
f 3458//3763 3460//367 3608//3764
f 3608//3764 3460//367 3611//3765
f 3608//3764 3606//3434 3458//3763
f 3458//3763 3606//3434 3605//3762
f 3460//367 3461//366 3611//3765
f 3611//3765 3461//366 3615//2287
f 3462//1435 3468//3766 3463//3516
f 3463//3516 3468//3766 3469//3767
f 3816//1434 3467//3699 3462//1435
f 3462//1435 3467//3699 3468//3766
f 3463//3516 3469//3767 3464//3517
f 3464//3517 3469//3767 3470//3287
f 3464//3517 3470//3287 3465//3282
f 3465//3282 3470//3287 3471//3281
f 3467//3699 3473//3700 3468//3766
f 3468//3766 3473//3700 3474//3768
f 3468//3766 3474//3768 3469//3767
f 3469//3767 3474//3768 3475//3293
f 3469//3767 3475//3293 3470//3287
f 3470//3287 3475//3293 3476//3286
f 3472//3696 3477//3695 3473//3700
f 3473//3700 3477//3695 3478//3769
f 3473//3700 3478//3769 3474//3768
f 3474//3768 3478//3769 3479//3297
f 3474//3768 3479//3297 3475//3293
f 3475//3293 3479//3297 3480//3291
f 3477//3695 3482//3697 3478//3769
f 3478//3769 3482//3697 3483//3301
f 3478//3769 3483//3301 3479//3297
f 3479//3297 3483//3301 3484//3295
f 3481//3693 3485//3692 3482//3697
f 3482//3697 3485//3692 3486//3304
f 3482//3697 3486//3304 3483//3301
f 3483//3301 3486//3304 3487//3299
f 3485//3692 3489//3306 3486//3304
f 3486//3304 3489//3306 3490//3302
f 3488//3684 3491//3308 3489//3306
f 3489//3306 3491//3308 3492//3305
f 3499//3575 3502//3736 3500//3576
f 3500//3576 3502//3736 3503//3770
f 3500//3576 3503//3770 3501//3583
f 3501//3583 3503//3770 3504//3596
f 3502//3736 3508//3740 3503//3770
f 3503//3770 3508//3740 3509//3771
f 3503//3770 3509//3771 3504//3596
f 3504//3596 3509//3771 3510//3772
f 3510//3772 3511//3773 3504//3596
f 3504//3596 3511//3773 3505//3593
f 3511//3773 3512//3774 3505//3593
f 3505//3593 3512//3774 3506//3594
f 3512//3774 3513//3613 3506//3594
f 3506//3594 3513//3613 3507//3602
f 3508//3740 3518//3745 3509//3771
f 3509//3771 3518//3745 3519//3756
f 3509//3771 3519//3756 3510//3772
f 3510//3772 3519//3756 3520//3775
f 3520//3775 3521//3776 3510//3772
f 3510//3772 3521//3776 3511//3773
f 3521//3776 3522//3777 3511//3773
f 3511//3773 3522//3777 3512//3774
f 3522//3777 3523//3778 3512//3774
f 3512//3774 3523//3778 3513//3613
f 3523//3778 3524//3779 3513//3613
f 3513//3613 3524//3779 3514//3610
f 3514//3610 3524//3779 3515//3612
f 3515//3612 3524//3779 3525//3780
f 3515//3612 3525//3780 3516//3620
f 3516//3620 3525//3780 3526//3781
f 3516//3620 3526//3781 3517//3625
f 3517//3625 3526//3781 3527//3635
f 3519//3756 3531//3754 3520//3775
f 3520//3775 3531//3754 3532//3782
f 3520//3775 3532//3782 3521//3776
f 3521//3776 3532//3782 3533//3783
f 3521//3776 3533//3783 3522//3777
f 3522//3777 3533//3783 3534//3784
f 3534//3784 3535//3785 3522//3777
f 3522//3777 3535//3785 3523//3778
f 3523//3778 3535//3785 3524//3779
f 3524//3779 3535//3785 3536//3786
f 3524//3779 3536//3786 3525//3780
f 3525//3780 3536//3786 3537//3787
f 3525//3780 3537//3787 3526//3781
f 3526//3781 3537//3787 3538//3788
f 3538//3788 3539//391 3526//3781
f 3526//3781 3539//391 3527//3635
f 3539//391 3540//385 3527//3635
f 3527//3635 3540//385 3528//3632
f 3540//385 3541//386 3528//3632
f 3528//3632 3541//386 3529//3634
f 3529//3634 3541//386 3530//382
f 3530//382 3541//386 3542//381
f 3543//3755 3544//3789 3531//3754
f 3531//3754 3544//3789 3532//3782
f 3544//3789 3545//3790 3532//3782
f 3532//3782 3545//3790 3533//3783
f 3545//3790 3546//3791 3533//3783
f 3533//3783 3546//3791 3534//3784
f 3546//3791 3547//3792 3534//3784
f 3534//3784 3547//3792 3535//3785
f 3547//3792 3548//3793 3535//3785
f 3535//3785 3548//3793 3536//3786
f 3548//3793 3549//398 3536//3786
f 3536//3786 3549//398 3537//3787
f 3549//398 3550//397 3537//3787
f 3537//3787 3550//397 3538//3788
f 3550//397 3551//389 3538//3788
f 3538//3788 3551//389 3539//391
f 3552//3758 3553//3794 3543//3755
f 3543//3755 3553//3794 3544//3789
f 3553//3794 3554//3795 3544//3789
f 3544//3789 3554//3795 3545//3790
f 3554//3795 3555//408 3545//3790
f 3545//3790 3555//408 3546//3791
f 3555//408 3556//407 3546//3791
f 3546//3791 3556//407 3547//3792
f 3556//407 3557//409 3547//3792
f 3547//3792 3557//409 3548//3793
f 3557//409 3558//395 3548//3793
f 3548//3793 3558//395 3549//398
f 3559//419 3560//418 3552//3758
f 3552//3758 3560//418 3553//3794
f 3560//418 3561//421 3553//3794
f 3553//3794 3561//421 3554//3795
f 3561//421 3562//405 3554//3795
f 3554//3795 3562//405 3555//408
f 3710//3796 3564//3797 3563//422
f 3563//422 3564//3797 3565//423
f 3563//422 3705//417 3710//3796
f 3710//3796 3705//417 3704//935
f 3564//3797 3567//3798 3565//423
f 3565//423 3567//3798 3568//424
f 3717//3799 3566//3800 3564//3797
f 3564//3797 3566//3800 3567//3798
f 3564//3797 3710//3796 3717//3799
f 3717//3799 3710//3796 3709//945
f 3723//3801 3569//3802 3566//3800
f 3566//3800 3569//3802 3570//3803
f 3566//3800 3717//3799 3723//3801
f 3723//3801 3717//3799 3716//3804
f 3566//3800 3570//3803 3567//3798
f 3567//3798 3570//3803 3571//3805
f 3567//3798 3571//3805 3568//424
f 3568//424 3571//3805 3572//425
f 3728//3806 3732//3807 3569//3802
f 3569//3802 3732//3807 3573//3808
f 3569//3802 3723//3801 3728//3806
f 3728//3806 3723//3801 3722//3809
f 3569//3802 3573//3808 3570//3803
f 3570//3803 3573//3808 3574//3810
f 3570//3803 3574//3810 3571//3805
f 3571//3805 3574//3810 3575//3811
f 3575//3811 3576//426 3571//3805
f 3571//3805 3576//426 3572//425
f 3573//3808 3578//3812 3574//3810
f 3574//3810 3578//3812 3579//3813
f 3732//3807 3577//3814 3573//3808
f 3573//3808 3577//3814 3578//3812
f 3574//3810 3579//3813 3575//3811
f 3575//3811 3579//3813 3580//3815
f 3580//3815 3581//427 3575//3811
f 3575//3811 3581//427 3576//426
f 3577//3814 3583//3816 3578//3812
f 3578//3812 3583//3816 3584//3817
f 3735//3818 3582//3819 3577//3814
f 3577//3814 3582//3819 3583//3816
f 3577//3814 3732//3807 3735//3818
f 3735//3818 3732//3807 3731//3820
f 3578//3812 3584//3817 3579//3813
f 3579//3813 3584//3817 3585//3821
f 3579//3813 3585//3821 3580//3815
f 3580//3815 3585//3821 3586//3822
f 3586//3822 3587//428 3580//3815
f 3580//3815 3587//428 3581//427
f 3582//3819 3589//2985 3583//3816
f 3583//3816 3589//2985 3590//2986
f 3737//1190 3588//1188 3582//3819
f 3582//3819 3588//1188 3589//2985
f 3582//3819 3735//3818 3737//1190
f 3737//1190 3735//3818 3734//3823
f 3583//3816 3590//2986 3584//3817
f 3584//3817 3590//2986 3591//3824
f 3584//3817 3591//3824 3585//3821
f 3585//3821 3591//3824 3592//3825
f 3592//3825 3593//3826 3585//3821
f 3585//3821 3593//3826 3586//3822
f 3593//3826 3594//429 3586//3822
f 3586//3822 3594//429 3587//428
f 3590//2986 3595//2983 3591//3824
f 3591//3824 3595//2983 3596//2980
f 3591//3824 3596//2980 3592//3825
f 3592//3825 3596//2980 3597//2976
f 3597//2976 3598//2968 3592//3825
f 3592//3825 3598//2968 3593//3826
f 3598//2968 3599//430 3593//3826
f 3593//3826 3599//430 3594//429
f 3603//3442 3605//3762 3604//3432
f 3604//3432 3605//3762 3606//3434
f 3606//3434 3608//3764 3607//3422
f 3607//3422 3608//3764 3609//3424
f 3608//3764 3611//3765 3609//3424
f 3609//3424 3611//3765 3612//3827
f 3609//3424 3612//3827 3610//3413
f 3610//3413 3612//3827 3613//3415
f 3611//3765 3615//2287 3612//3827
f 3612//3827 3615//2287 3616//3828
f 3612//3827 3616//3828 3613//3415
f 3613//3415 3616//3828 3617//3829
f 3613//3415 3617//3829 3614//3406
f 3614//3406 3617//3829 3618//3407
f 3615//2287 3824//2284 3616//3828
f 3616//3828 3824//2284 3757//2275
f 3616//3828 3757//2275 3617//3829
f 3617//3829 3757//2275 3758//2268
f 3758//2268 3759//2262 3617//3829
f 3617//3829 3759//2262 3618//3407
f 3759//2262 3760//2258 3618//3407
f 3618//3407 3760//2258 3619//3401
f 3622//2517 3629//3609 3623//2520
f 3623//2520 3629//3609 3630//3617
f 3623//2520 3630//3617 3624//2523
f 3624//2523 3630//3617 3631//3830
f 3624//2523 3631//3830 3625//2526
f 3625//2526 3631//3830 3632//3831
f 3625//2526 3632//3831 3626//2529
f 3626//2529 3632//3831 3633//3832
f 3626//2529 3633//3832 3627//2531
f 3627//2531 3633//3832 3634//3833
f 3627//2531 3634//3833 3628//2532
f 3628//2532 3634//3833 3635//3834
f 3628//2532 3635//3834 3834//2533
f 3834//2533 3635//3834 3636//2582
f 3630//3617 3637//3616 3631//3830
f 3631//3830 3637//3616 3638//3622
f 3631//3830 3638//3622 3632//3831
f 3632//3831 3638//3622 3639//3627
f 3632//3831 3639//3627 3633//3832
f 3633//3832 3639//3627 3640//3835
f 3633//3832 3640//3835 3634//3833
f 3634//3833 3640//3835 3641//3836
f 3634//3833 3641//3836 3635//3834
f 3635//3834 3641//3836 3642//3837
f 3635//3834 3642//3837 3636//2582
f 3636//2582 3642//3837 3643//2588
f 3639//3627 3644//3626 3640//3835
f 3640//3835 3644//3626 3645//3631
f 3645//3631 3646//3838 3640//3835
f 3640//3835 3646//3838 3641//3836
f 3641//3836 3646//3838 3642//3837
f 3642//3837 3646//3838 3647//3839
f 3642//3837 3647//3839 3643//2588
f 3643//2588 3647//3839 3648//2593
f 3649//3629 3650//3637 3645//3631
f 3645//3631 3650//3637 3646//3838
f 3650//3637 3651//3840 3646//3838
f 3646//3838 3651//3840 3647//3839
f 3647//3839 3651//3840 3648//2593
f 3648//2593 3651//3840 3652//2597
f 3653//3636 3654//3639 3650//3637
f 3650//3637 3654//3639 3651//3840
f 3651//3840 3654//3639 3652//2597
f 3652//2597 3654//3639 3655//2599
f 3657//337 3662//336 3658//3496
f 3658//3496 3662//336 3663//344
f 3658//3496 3663//344 3659//3702
f 3659//3702 3663//344 3664//3841
f 3659//3702 3664//3841 3660//3703
f 3660//3703 3664//3841 3665//3706
f 3663//344 3666//343 3664//3841
f 3664//3841 3666//343 3667//351
f 3664//3841 3667//351 3665//3706
f 3665//3706 3667//351 3668//3707
f 3678//2561 3683//302 3679//291
f 3679//291 3683//302 3684//288
f 3686//2602 3689//2607 3687//12
f 3687//12 3689//2607 3690//2618
f 3692//899 3694//3569 3691//916
f 3691//916 3694//3569 3840//1395
f 3694//3569 3754//2609 3840//1395
f 3840//1395 3754//2609 3827//1402
f 3697//1171 3698//902 3695//893
f 3695//893 3698//902 3696//890
f 3703//934 3709//945 3704//935
f 3704//935 3709//945 3710//3796
f 3706//942 3714//951 3707//943
f 3707//943 3714//951 3715//3842
f 3707//943 3715//3842 3708//944
f 3708//944 3715//3842 3716//3804
f 3708//944 3716//3804 3709//945
f 3709//945 3716//3804 3717//3799
f 3711//946 3718//1180 3712//947
f 3712//947 3718//1180 3719//3843
f 3712//947 3719//3843 3713//950
f 3713//950 3719//3843 3720//3844
f 3713//950 3720//3844 3714//951
f 3714//951 3720//3844 3721//3845
f 3714//951 3721//3845 3715//3842
f 3715//3842 3721//3845 3722//3809
f 3715//3842 3722//3809 3716//3804
f 3716//3804 3722//3809 3723//3801
f 3718//1180 3724//1181 3719//3843
f 3719//3843 3724//1181 3725//1187
f 3719//3843 3725//1187 3720//3844
f 3720//3844 3725//1187 3726//3846
f 3720//3844 3726//3846 3721//3845
f 3721//3845 3726//3846 3727//3847
f 3721//3845 3727//3847 3722//3809
f 3722//3809 3727//3847 3728//3806
f 3725//1187 3729//1185 3726//3846
f 3726//3846 3729//1185 3730//3848
f 3726//3846 3730//3848 3727//3847
f 3727//3847 3730//3848 3731//3820
f 3727//3847 3731//3820 3728//3806
f 3728//3806 3731//3820 3732//3807
f 3729//1185 3733//1186 3730//3848
f 3730//3848 3733//1186 3734//3823
f 3730//3848 3734//3823 3731//3820
f 3731//3820 3734//3823 3735//3818
f 3733//1186 3736//1016 3734//3823
f 3734//3823 3736//1016 3737//1190
